{"type":"FeatureCollection","features":[{"type":"Feature","properties":{"dong":"11110_청운동","sgg_cd":"11110","emd_cd":"11110101","umd_nm":"청운동","gu_name":"종로구"},"geometry":{"type":"Polygon","coordinates":[[[126.961435,37.586582],[126.962082,37.586255],[126.962778,37.58615],[126.963215,37.585958],[126.964037,37.586238],[126.964318,37.586251],[126.96468,37.586113],[126.964757,37.585944],[126.965044,37.585585],[126.965416,37.585571],[126.965652,37.585505],[126.966308,37.585658],[126.966709,37.585591],[126.966839,37.58561],[126.966937,37.58572],[126.967091,37.585785],[126.96744,37.585726],[126.968048,37.585791],[126.968343,37.585869],[126.969149,37.585844],[126.969106,37.585102],[126.969598,37.585175],[126.969623,37.584717],[126.969887,37.58472],[126.970078,37.584793],[126.970314,37.584176],[126.970534,37.584281],[126.971137,37.58516],[126.971463,37.585032],[126.971833,37.584805],[126.971883,37.58484],[126.971985,37.585165],[126.972258,37.585234],[126.972386,37.585552],[126.972446,37.585542],[126.972664,37.585944],[126.972871,37.585864],[126.972985,37.586015],[126.973115,37.586074],[126.97327,37.586239],[126.973545,37.586372],[126.973766,37.586564],[126.973998,37.58654],[126.973956,37.586577],[126.974036,37.586632],[126.973973,37.586939],[126.973989,37.587084],[126.974153,37.58758],[126.974324,37.587858],[126.974339,37.588027],[126.974531,37.588385],[126.974489,37.588658],[126.974555,37.588712],[126.975375,37.588852],[126.975406,37.588893],[126.975362,37.589239],[126.97556,37.58968],[126.974682,37.591075],[126.97441,37.591908],[126.973644,37.592607],[126.973766,37.592968],[126.973685,37.593027],[126.973587,37.59327],[126.973314,37.59323],[126.972613,37.59368],[126.971894,37.593875],[126.971547,37.593681],[126.971141,37.593699],[126.970983,37.593828],[126.97079,37.593876],[126.970475,37.593635],[126.970112,37.593511],[126.969842,37.593473],[126.969614,37.593499],[126.968922,37.593362],[126.968242,37.59359],[126.968044,37.593591],[126.967322,37.593241],[126.966708,37.593031],[126.966396,37.5928],[126.966337,37.592825],[126.96633,37.592702],[126.966518,37.592603],[126.966503,37.592555],[126.966456,37.592562],[126.966388,37.592361],[126.966369,37.592028],[126.966318,37.591877],[126.965931,37.591458],[126.965539,37.591388],[126.96516,37.59139],[126.964889,37.591282],[126.96469,37.591119],[126.964576,37.590969],[126.964303,37.590263],[126.964112,37.58998],[126.964143,37.589578],[126.964243,37.589339],[126.964239,37.589136],[126.964195,37.589057],[126.963797,37.588732],[126.963566,37.588466],[126.963507,37.58826],[126.963173,37.587863],[126.962948,37.58783],[126.962399,37.587521],[126.962323,37.587189],[126.962392,37.587034],[126.962247,37.586909],[126.961988,37.58684],[126.961666,37.586651],[126.961435,37.586582]]]}},{"type":"Feature","properties":{"dong":"11110_신교동","sgg_cd":"11110","emd_cd":"11110102","umd_nm":"신교동","gu_name":"종로구"},"geometry":{"type":"Polygon","coordinates":[[[126.965044,37.585585],[126.965004,37.585014],[126.965081,37.584906],[126.96535,37.584866],[126.965681,37.584649],[126.965954,37.584324],[126.966,37.58416],[126.966459,37.583838],[126.966558,37.583789],[126.966649,37.58381],[126.966701,37.583717],[126.967012,37.583468],[126.96726,37.583378],[126.967763,37.583518],[126.968742,37.583007],[126.969294,37.583053],[126.96975,37.583006],[126.969745,37.583123],[126.970197,37.583114],[126.970358,37.58394],[126.970314,37.584176],[126.970078,37.584793],[126.969887,37.58472],[126.969623,37.584717],[126.969598,37.585175],[126.969106,37.585102],[126.969149,37.585844],[126.968343,37.585869],[126.968048,37.585791],[126.96744,37.585726],[126.967091,37.585785],[126.966937,37.58572],[126.966839,37.58561],[126.966709,37.585591],[126.966308,37.585658],[126.965652,37.585505],[126.965416,37.585571],[126.965044,37.585585]]]}},{"type":"Feature","properties":{"dong":"11110_궁정동","sgg_cd":"11110","emd_cd":"11110103","umd_nm":"궁정동","gu_name":"종로구"},"geometry":{"type":"Polygon","coordinates":[[[126.970314,37.584176],[126.970358,37.58394],[126.970335,37.583811],[126.97052,37.583797],[126.97053,37.583468],[126.971059,37.583567],[126.971452,37.583587],[126.972452,37.583509],[126.972664,37.583917],[126.973521,37.583473],[126.973564,37.583233],[126.974038,37.583311],[126.973969,37.583593],[126.974209,37.584916],[126.974192,37.585069],[126.974426,37.585299],[126.97446,37.58541],[126.974464,37.585586],[126.974374,37.585942],[126.974058,37.586493],[126.973998,37.58654],[126.973766,37.586564],[126.973545,37.586372],[126.97327,37.586239],[126.973115,37.586074],[126.972985,37.586015],[126.972871,37.585864],[126.972664,37.585944],[126.972446,37.585542],[126.972386,37.585552],[126.972258,37.585234],[126.971985,37.585165],[126.971883,37.58484],[126.971833,37.584805],[126.971463,37.585032],[126.971137,37.58516],[126.970534,37.584281],[126.970314,37.584176]]]}},{"type":"Feature","properties":{"dong":"11110_효자동","sgg_cd":"11110","emd_cd":"11110104","umd_nm":"효자동","gu_name":"종로구"},"geometry":{"type":"Polygon","coordinates":[[[126.973564,37.583233],[126.973521,37.583473],[126.972664,37.583917],[126.972452,37.583509],[126.971452,37.583587],[126.971059,37.583567],[126.97053,37.583468],[126.97052,37.583797],[126.970335,37.583811],[126.970195,37.582946],[126.970639,37.582203],[126.970802,37.581485],[126.971723,37.581566],[126.973532,37.581823],[126.9735,37.582898],[126.973551,37.582898],[126.973564,37.583233]]]}},{"type":"Feature","properties":{"dong":"11110_창성동","sgg_cd":"11110","emd_cd":"11110105","umd_nm":"창성동","gu_name":"종로구"},"geometry":{"type":"Polygon","coordinates":[[[126.973532,37.581823],[126.971723,37.581566],[126.970802,37.581485],[126.971025,37.58091],[126.970986,37.580904],[126.970971,37.580804],[126.971175,37.580097],[126.97124,37.579502],[126.971596,37.579536],[126.972486,37.57946],[126.973204,37.57934],[126.973896,37.579318],[126.973725,37.581141],[126.973608,37.581737],[126.973532,37.581823]]]}},{"type":"Feature","properties":{"dong":"11110_통의동","sgg_cd":"11110","emd_cd":"11110106","umd_nm":"통의동","gu_name":"종로구"},"geometry":{"type":"Polygon","coordinates":[[[126.973896,37.579318],[126.973204,37.57934],[126.972486,37.57946],[126.971596,37.579536],[126.97124,37.579502],[126.971659,37.57814],[126.972019,37.577586],[126.972388,37.57657],[126.974171,37.576457],[126.973896,37.579318]]]}},{"type":"Feature","properties":{"dong":"11110_적선동","sgg_cd":"11110","emd_cd":"11110107","umd_nm":"적선동","gu_name":"종로구"},"geometry":{"type":"Polygon","coordinates":[[[126.974171,37.576457],[126.972388,37.57657],[126.972684,37.57569],[126.973121,37.574869],[126.973457,37.574005],[126.975452,37.574177],[126.975439,37.574359],[126.975157,37.574411],[126.975003,37.574391],[126.974998,37.574342],[126.974775,37.574349],[126.974785,37.574487],[126.97472,37.574508],[126.974654,37.575095],[126.974725,37.575549],[126.974991,37.575672],[126.975109,37.575926],[126.974199,37.575948],[126.974171,37.576457]]]}},{"type":"Feature","properties":{"dong":"11110_통인동","sgg_cd":"11110","emd_cd":"11110108","umd_nm":"통인동","gu_name":"종로구"},"geometry":{"type":"Polygon","coordinates":[[[126.968809,37.580563],[126.968967,37.580657],[126.969123,37.580652],[126.969187,37.580595],[126.969263,37.580005],[126.969723,37.579377],[126.970452,37.579068],[126.970964,37.578408],[126.971659,37.57814],[126.971248,37.579453],[126.971175,37.580097],[126.970971,37.580804],[126.971021,37.580926],[126.970802,37.581485],[126.969124,37.581346],[126.9685,37.581393],[126.968436,37.581145],[126.968809,37.580563]]]}},{"type":"Feature","properties":{"dong":"11110_누상동","sgg_cd":"11110","emd_cd":"11110109","umd_nm":"누상동","gu_name":"종로구"},"geometry":{"type":"Polygon","coordinates":[[[126.961107,37.578723],[126.961894,37.578484],[126.962556,37.578355],[126.963026,37.578511],[126.963212,37.578661],[126.963589,37.57872],[126.963666,37.5787],[126.963812,37.578523],[126.96393,37.578458],[126.964067,37.57849],[126.964198,37.578424],[126.964454,37.578424],[126.96456,37.578331],[126.964744,37.578294],[126.964834,37.578184],[126.96526,37.578252],[126.9654,37.578432],[126.966212,37.578776],[126.966131,37.578868],[126.966075,37.579061],[126.966408,37.579341],[126.966949,37.579238],[126.967019,37.579259],[126.967147,37.57919],[126.967454,37.579307],[126.967493,37.579277],[126.967515,37.579307],[126.967429,37.579398],[126.96747,37.579559],[126.967267,37.579705],[126.967369,37.579736],[126.967385,37.580308],[126.967482,37.580624],[126.967019,37.580996],[126.966562,37.581057],[126.966091,37.581362],[126.966025,37.581482],[126.965871,37.581584],[126.965696,37.581658],[126.965608,37.581639],[126.965626,37.581674],[126.965368,37.581771],[126.965176,37.581758],[126.964991,37.581865],[126.96505,37.581926],[126.965013,37.581939],[126.964908,37.581819],[126.964469,37.581957],[126.964084,37.581987],[126.964152,37.58169],[126.963213,37.581455],[126.962326,37.581721],[126.961726,37.582285],[126.961701,37.582253],[126.957542,37.58225],[126.957924,37.581538],[126.95802,37.58146],[126.95816,37.58117],[126.958173,37.580984],[126.958031,37.580735],[126.957791,37.580587],[126.957303,37.580444],[126.957224,37.580351],[126.957202,37.579819],[126.957263,37.579842],[126.957283,37.580141],[126.95761,37.580349],[126.957827,37.580431],[126.95806,37.580444],[126.958191,37.580529],[126.958713,37.580501],[126.959313,37.580279],[126.959751,37.580006],[126.960055,37.579721],[126.960421,37.579263],[126.961036,37.578862],[126.961107,37.578723]]]}},{"type":"Feature","properties":{"dong":"11110_누하동","sgg_cd":"11110","emd_cd":"11110110","umd_nm":"누하동","gu_name":"종로구"},"geometry":{"type":"Polygon","coordinates":[[[126.969901,37.579275],[126.969655,37.579445],[126.969374,37.579807],[126.969263,37.580005],[126.969196,37.580556],[126.969123,37.580652],[126.968967,37.580657],[126.968767,37.580538],[126.968487,37.580518],[126.967812,37.580541],[126.967482,37.580624],[126.967385,37.580308],[126.967369,37.579736],[126.967267,37.579705],[126.96747,37.579559],[126.967429,37.579398],[126.967515,37.579307],[126.967493,37.579277],[126.967454,37.579307],[126.967147,37.57919],[126.967019,37.579259],[126.966686,37.579276],[126.966455,37.579353],[126.966075,37.579061],[126.966131,37.578868],[126.966233,37.578762],[126.966402,37.578787],[126.966407,37.578825],[126.96664,37.578769],[126.966867,37.578668],[126.966816,37.578577],[126.966846,37.578564],[126.966975,37.578619],[126.967304,37.578435],[126.967754,37.578387],[126.967835,37.578303],[126.968035,37.578226],[126.968633,37.578205],[126.968694,37.578294],[126.968813,37.578173],[126.968977,37.578123],[126.969134,37.578138],[126.969198,37.578069],[126.969406,37.578063],[126.969394,37.578153],[126.969495,37.57821],[126.969595,37.578353],[126.969587,37.578424],[126.969715,37.578389],[126.969842,37.578434],[126.96985,37.578527],[126.969716,37.578571],[126.969653,37.579128],[126.969734,37.579097],[126.969901,37.579275]]]}},{"type":"Feature","properties":{"dong":"11110_옥인동","sgg_cd":"11110","emd_cd":"11110111","umd_nm":"옥인동","gu_name":"종로구"},"geometry":{"type":"Polygon","coordinates":[[[126.965044,37.585585],[126.964757,37.585944],[126.96468,37.586113],[126.964318,37.586251],[126.964037,37.586238],[126.963215,37.585958],[126.962778,37.58615],[126.962082,37.586255],[126.961435,37.586582],[126.960771,37.586324],[126.960509,37.586257],[126.960344,37.586296],[126.959688,37.58604],[126.95948,37.586007],[126.959185,37.586095],[126.958871,37.585951],[126.958592,37.585733],[126.957746,37.584925],[126.957976,37.584414],[126.957955,37.584104],[126.957626,37.583138],[126.957566,37.582851],[126.957656,37.582616],[126.957527,37.582306],[126.957542,37.58225],[126.961701,37.582253],[126.961726,37.582285],[126.962326,37.581721],[126.963213,37.581455],[126.964152,37.58169],[126.964084,37.581987],[126.964469,37.581957],[126.964908,37.581819],[126.965013,37.581939],[126.96505,37.581926],[126.964991,37.581865],[126.965176,37.581758],[126.965368,37.581771],[126.965626,37.581674],[126.965608,37.581639],[126.965696,37.581658],[126.965871,37.581584],[126.966025,37.581482],[126.966091,37.581362],[126.966562,37.581057],[126.967019,37.580996],[126.96721,37.580881],[126.967501,37.580605],[126.967812,37.580541],[126.968487,37.580518],[126.968809,37.580563],[126.968436,37.581145],[126.9685,37.581393],[126.969124,37.581346],[126.970802,37.581485],[126.970639,37.582203],[126.970195,37.582946],[126.970195,37.583114],[126.969745,37.583123],[126.96975,37.583006],[126.969294,37.583053],[126.968742,37.583007],[126.967763,37.583518],[126.96726,37.583378],[126.967012,37.583468],[126.966701,37.583717],[126.966649,37.58381],[126.966558,37.583789],[126.966459,37.583838],[126.966,37.58416],[126.965954,37.584324],[126.965681,37.584649],[126.96535,37.584866],[126.965081,37.584906],[126.965004,37.585014],[126.965044,37.585585]]]}},{"type":"Feature","properties":{"dong":"11110_체부동","sgg_cd":"11110","emd_cd":"11110112","umd_nm":"체부동","gu_name":"종로구"},"geometry":{"type":"Polygon","coordinates":[[[126.969901,37.579275],[126.969734,37.579097],[126.969653,37.579128],[126.969716,37.578571],[126.96985,37.578527],[126.969897,37.578442],[126.969979,37.577737],[126.969949,37.577635],[126.97,37.57724],[126.969839,37.5772],[126.96988,37.576798],[126.969943,37.57677],[126.969878,37.576767],[126.97054,37.576515],[126.970524,37.576484],[126.970844,37.576451],[126.972388,37.57657],[126.972019,37.577586],[126.971661,37.578138],[126.970964,37.578408],[126.970452,37.579068],[126.969901,37.579275]]]}},{"type":"Feature","properties":{"dong":"11110_필운동","sgg_cd":"11110","emd_cd":"11110113","umd_nm":"필운동","gu_name":"종로구"},"geometry":{"type":"Polygon","coordinates":[[[126.969851,37.578464],[126.969753,37.578391],[126.969587,37.578424],[126.969595,37.578353],[126.969495,37.57821],[126.969394,37.578153],[126.969406,37.578063],[126.969198,37.578069],[126.969134,37.578138],[126.968977,37.578123],[126.968813,37.578173],[126.968694,37.578294],[126.968633,37.578205],[126.967968,37.578244],[126.967754,37.578387],[126.967304,37.578435],[126.966975,37.578619],[126.966846,37.578564],[126.966816,37.578577],[126.966867,37.578668],[126.966825,37.578699],[126.966407,37.578825],[126.966402,37.578787],[126.966133,37.578757],[126.9654,37.578432],[126.96526,37.578252],[126.964834,37.578184],[126.96515,37.577763],[126.965619,37.577415],[126.965968,37.577258],[126.966893,37.577046],[126.967131,37.577223],[126.967385,37.577282],[126.967802,37.577229],[126.968258,37.57668],[126.969065,37.576323],[126.969047,37.57638],[126.969158,37.57609],[126.968943,37.575649],[126.968954,37.575563],[126.970162,37.57493],[126.970295,37.575093],[126.970412,37.575627],[126.970362,37.576215],[126.97054,37.576515],[126.969878,37.576767],[126.969943,37.57677],[126.96988,37.576798],[126.969839,37.5772],[126.97,37.57724],[126.970002,37.577362],[126.969949,37.577635],[126.969979,37.577737],[126.969928,37.578256],[126.969897,37.578442],[126.969851,37.578464]]]}},{"type":"Feature","properties":{"dong":"11110_내자동","sgg_cd":"11110","emd_cd":"11110114","umd_nm":"내자동","gu_name":"종로구"},"geometry":{"type":"Polygon","coordinates":[[[126.970524,37.576484],[126.970362,37.576215],[126.970412,37.575627],[126.970295,37.575093],[126.970162,37.57493],[126.97051,37.574742],[126.971374,37.57444],[126.972297,37.574226],[126.972488,37.574131],[126.973169,37.57399],[126.973457,37.574005],[126.973121,37.574869],[126.972684,37.57569],[126.972388,37.57657],[126.971125,37.576446],[126.970524,37.576484]]]}},{"type":"Feature","properties":{"dong":"11110_사직동","sgg_cd":"11110","emd_cd":"11110115","umd_nm":"사직동","gu_name":"종로구"},"geometry":{"type":"Polygon","coordinates":[[[126.96515,37.577763],[126.964744,37.578294],[126.96456,37.578331],[126.964454,37.578424],[126.964198,37.578424],[126.964067,37.57849],[126.96393,37.578458],[126.963812,37.578523],[126.963666,37.5787],[126.963589,37.57872],[126.963212,37.578661],[126.963026,37.578511],[126.962556,37.578355],[126.961894,37.578484],[126.961107,37.578723],[126.961215,37.578424],[126.962231,37.577688],[126.962294,37.577762],[126.962652,37.577652],[126.962864,37.577534],[126.963077,37.577022],[126.962931,37.576579],[126.962974,37.576386],[126.963096,37.576245],[126.963109,37.575941],[126.963382,37.575509],[126.963467,37.575224],[126.963579,37.57446],[126.963549,37.574033],[126.964134,37.573455],[126.964425,37.57306],[126.964608,37.572945],[126.965,37.572897],[126.965264,37.572782],[126.965713,37.572991],[126.965911,37.572686],[126.965969,37.572452],[126.966137,37.572145],[126.966418,37.572141],[126.96685,37.572038],[126.967077,37.572157],[126.9672,37.572479],[126.967379,37.572671],[126.967378,37.57287],[126.967659,37.573003],[126.967841,37.573018],[126.968291,37.573164],[126.968067,37.573501],[126.968196,37.573557],[126.968141,37.573729],[126.968545,37.573863],[126.968622,37.573649],[126.968895,37.573618],[126.968999,37.57373],[126.969247,37.573775],[126.969575,37.573924],[126.969808,37.573817],[126.969951,37.573892],[126.970019,37.573879],[126.969872,37.573981],[126.970045,37.574279],[126.970069,37.574418],[126.970297,37.574528],[126.97051,37.574742],[126.968954,37.575563],[126.968943,37.575649],[126.969158,37.57609],[126.969047,37.57638],[126.969065,37.576323],[126.968258,37.57668],[126.967751,37.577255],[126.967477,37.577296],[126.967266,37.577258],[126.967131,37.577223],[126.966893,37.577046],[126.965968,37.577258],[126.965619,37.577415],[126.96515,37.577763]]]}},{"type":"Feature","properties":{"dong":"11110_도렴동","sgg_cd":"11110","emd_cd":"11110116","umd_nm":"도렴동","gu_name":"종로구"},"geometry":{"type":"Polygon","coordinates":[[[126.975452,37.574177],[126.973457,37.574005],[126.973868,37.573267],[126.974513,37.572359],[126.975117,37.571898],[126.975505,37.571519],[126.975681,37.571267],[126.975837,37.571424],[126.975865,37.571622],[126.975799,37.571622],[126.975465,37.572162],[126.975632,37.572207],[126.975599,37.572333],[126.975546,37.572393],[126.975479,37.572383],[126.975479,37.572435],[126.975274,37.572379],[126.975208,37.572459],[126.975038,37.572448],[126.974968,37.572835],[126.974987,37.572933],[126.975403,37.572933],[126.975427,37.572967],[126.975363,37.573463],[126.975528,37.573494],[126.975417,37.574014],[126.975508,37.574034],[126.975452,37.574177]]]}},{"type":"Feature","properties":{"dong":"11110_당주동","sgg_cd":"11110","emd_cd":"11110117","umd_nm":"당주동","gu_name":"종로구"},"geometry":{"type":"Polygon","coordinates":[[[126.974297,37.572639],[126.97397,37.572578],[126.974043,37.572415],[126.97199,37.572162],[126.971747,37.572072],[126.971777,37.572019],[126.971702,37.571986],[126.972222,37.571446],[126.972307,37.571437],[126.972432,37.571506],[126.972644,37.571409],[126.972686,37.57154],[126.973114,37.571454],[126.973086,37.571358],[126.973284,37.571277],[126.973263,37.571108],[126.973609,37.571138],[126.973651,37.571005],[126.97385,37.571037],[126.973897,37.570934],[126.973993,37.570971],[126.974155,37.570788],[126.974414,37.570888],[126.97446,37.570652],[126.97452,37.570627],[126.974786,37.57063],[126.975058,37.570735],[126.97515,37.570602],[126.975263,37.570632],[126.97531,37.570514],[126.975603,37.570623],[126.975917,37.57086],[126.975505,37.571519],[126.975117,37.571898],[126.974568,37.572306],[126.974297,37.572639]]]}},{"type":"Feature","properties":{"dong":"11110_내수동","sgg_cd":"11110","emd_cd":"11110118","umd_nm":"내수동","gu_name":"종로구"},"geometry":{"type":"Polygon","coordinates":[[[126.97051,37.574742],[126.970297,37.574528],[126.970069,37.574418],[126.970045,37.574279],[126.969872,37.573981],[126.970027,37.573898],[126.969939,37.573862],[126.970056,37.573816],[126.970271,37.573483],[126.970247,37.573319],[126.970461,37.572805],[126.97129,37.572406],[126.971702,37.571986],[126.971777,37.572019],[126.971747,37.572072],[126.97199,37.572162],[126.974043,37.572415],[126.97397,37.572578],[126.974297,37.572639],[126.973868,37.573267],[126.973457,37.574005],[126.973169,37.57399],[126.972488,37.574131],[126.972297,37.574226],[126.971374,37.57444],[126.97051,37.574742]]]}},{"type":"Feature","properties":{"dong":"11110_세종로","sgg_cd":"11110","emd_cd":"11110119","umd_nm":"세종로","gu_name":"종로구"},"geometry":{"type":"Polygon","coordinates":[[[126.97556,37.58968],[126.975362,37.589239],[126.975406,37.588893],[126.975375,37.588852],[126.974555,37.588712],[126.974489,37.588658],[126.974531,37.588385],[126.974339,37.588027],[126.974324,37.587858],[126.974153,37.58758],[126.973989,37.587084],[126.973973,37.586939],[126.974036,37.586632],[126.973956,37.586577],[126.974058,37.586493],[126.974374,37.585942],[126.974468,37.585487],[126.974426,37.585299],[126.974192,37.585069],[126.974209,37.584916],[126.973969,37.583593],[126.974038,37.583311],[126.973564,37.583233],[126.973551,37.582898],[126.9735,37.582898],[126.973532,37.581823],[126.973608,37.581737],[126.973725,37.581141],[126.974199,37.575948],[126.975109,37.575926],[126.974991,37.575672],[126.974725,37.575549],[126.974654,37.575095],[126.97472,37.574508],[126.974785,37.574487],[126.974775,37.574349],[126.974998,37.574342],[126.975003,37.574391],[126.975157,37.574411],[126.975439,37.574359],[126.975505,37.574054],[126.975417,37.574014],[126.975528,37.573494],[126.975363,37.573463],[126.975427,37.572967],[126.975403,37.572933],[126.974987,37.572933],[126.975038,37.572448],[126.975208,37.572459],[126.975274,37.572379],[126.975479,37.572435],[126.975479,37.572383],[126.975546,37.572393],[126.975599,37.572333],[126.975632,37.572207],[126.975465,37.572162],[126.975799,37.571622],[126.975865,37.571622],[126.975837,37.571424],[126.975681,37.571267],[126.976,37.570752],[126.976262,37.57054],[126.976147,37.570285],[126.976157,37.570131],[126.976067,37.570109],[126.97607,37.569999],[126.976172,37.569987],[126.976137,37.569681],[126.976206,37.569557],[126.9762,37.569455],[126.976375,37.569484],[126.976446,37.569234],[126.977572,37.569258],[126.977577,37.569313],[126.977627,37.5693],[126.977783,37.569512],[126.97772,37.569605],[126.977788,37.570029],[126.977613,37.570044],[126.977654,37.570515],[126.977628,37.570639],[126.977536,37.570744],[126.977509,37.571452],[126.978487,37.571442],[126.978523,37.571175],[126.978504,37.570659],[126.978538,37.570661],[126.978472,37.574215],[126.978591,37.574611],[126.978958,37.575113],[126.978786,37.575316],[126.978544,37.575904],[126.979619,37.576042],[126.979654,37.576263],[126.979626,37.577234],[126.979672,37.57879],[126.980244,37.580899],[126.98007,37.580992],[126.980353,37.581796],[126.980479,37.582433],[126.980345,37.582631],[126.98,37.582835],[126.979223,37.583427],[126.979299,37.583518],[126.979192,37.583995],[126.979161,37.584475],[126.979054,37.584701],[126.979068,37.584854],[126.979218,37.585072],[126.979586,37.585382],[126.979614,37.585491],[126.979551,37.585973],[126.979183,37.586542],[126.979184,37.587123],[126.979096,37.587315],[126.978655,37.587584],[126.978543,37.587802],[126.978305,37.58782],[126.978084,37.587978],[126.977872,37.588239],[126.977551,37.5885],[126.977037,37.588579],[126.976829,37.588945],[126.976787,37.589292],[126.976715,37.589438],[126.976374,37.589691],[126.976089,37.589735],[126.97556,37.58968]]]}},{"type":"Feature","properties":{"dong":"11110_신문로1가","sgg_cd":"11110","emd_cd":"11110120","umd_nm":"신문로1가","gu_name":"종로구"},"geometry":{"type":"Polygon","coordinates":[[[126.97185,37.569795],[126.971879,37.569723],[126.971915,37.569743],[126.971923,37.569656],[126.972207,37.56958],[126.972548,37.569352],[126.972616,37.569507],[126.973206,37.569318],[126.974204,37.569339],[126.974295,37.569328],[126.974283,37.569246],[126.974705,37.5692],[126.975782,37.569407],[126.975828,37.569352],[126.976219,37.569483],[126.976137,37.569681],[126.976172,37.569987],[126.97607,37.569999],[126.976067,37.570109],[126.976157,37.570131],[126.976147,37.570285],[126.976262,37.57054],[126.975917,37.57086],[126.975603,37.570623],[126.97531,37.570514],[126.975263,37.570632],[126.97515,37.570602],[126.975058,37.570735],[126.974786,37.57063],[126.97452,37.570627],[126.97446,37.570652],[126.974414,37.570888],[126.974155,37.570788],[126.973993,37.570971],[126.973897,37.570934],[126.97385,37.571037],[126.973651,37.571005],[126.973609,37.571138],[126.973263,37.571108],[126.973284,37.571277],[126.973086,37.571358],[126.973114,37.571454],[126.972686,37.57154],[126.972644,37.571409],[126.972432,37.571506],[126.972307,37.571437],[126.972201,37.571465],[126.972176,37.57143],[126.972152,37.570862],[126.972019,37.570666],[126.972001,37.570207],[126.972104,37.570172],[126.972101,37.570069],[126.972025,37.570063],[126.972005,37.569922],[126.97185,37.569795]]]}},{"type":"Feature","properties":{"dong":"11110_신문로2가","sgg_cd":"11110","emd_cd":"11110121","umd_nm":"신문로2가","gu_name":"종로구"},"geometry":{"type":"Polygon","coordinates":[[[126.966581,37.569521],[126.966808,37.56935],[126.966985,37.569304],[126.967492,37.569231],[126.967708,37.569259],[126.967941,37.569181],[126.968582,37.568352],[126.968743,37.568308],[126.968995,37.568345],[126.969274,37.568134],[126.96929,37.568198],[126.969425,37.568276],[126.969522,37.568125],[126.969519,37.568169],[126.969761,37.56829],[126.969947,37.568316],[126.970343,37.568521],[126.970768,37.568603],[126.97104,37.568784],[126.971172,37.568819],[126.971223,37.568757],[126.971513,37.568708],[126.971604,37.568482],[126.972552,37.568474],[126.972418,37.568831],[126.972592,37.569061],[126.972808,37.568996],[126.972881,37.569194],[126.973194,37.569165],[126.973206,37.569318],[126.972616,37.569507],[126.972548,37.569352],[126.972207,37.56958],[126.971923,37.569656],[126.971915,37.569743],[126.971879,37.569723],[126.97185,37.569795],[126.972005,37.569922],[126.972025,37.570063],[126.972101,37.570069],[126.972104,37.570172],[126.972001,37.570207],[126.972019,37.570666],[126.972152,37.570862],[126.972201,37.571465],[126.971294,37.572403],[126.970461,37.572805],[126.970247,37.573319],[126.970271,37.573483],[126.970056,37.573816],[126.969939,37.573862],[126.969951,37.573892],[126.969808,37.573817],[126.969575,37.573924],[126.969247,37.573775],[126.968999,37.57373],[126.968895,37.573618],[126.968622,37.573649],[126.968545,37.573863],[126.968141,37.573729],[126.968196,37.573557],[126.968067,37.573501],[126.968291,37.573164],[126.967841,37.573018],[126.967659,37.573003],[126.967378,37.57287],[126.967379,37.572671],[126.9672,37.572479],[126.967077,37.572157],[126.96685,37.572038],[126.966418,37.572141],[126.966137,37.572145],[126.965969,37.572452],[126.965911,37.572686],[126.965713,37.572991],[126.965264,37.572782],[126.965457,37.572438],[126.965581,37.572005],[126.966224,37.57141],[126.966228,37.571292],[126.96596,37.570851],[126.965906,37.570618],[126.966085,37.570163],[126.96612,37.569928],[126.966459,37.569692],[126.966581,37.569521]]]}},{"type":"Feature","properties":{"dong":"11110_청진동","sgg_cd":"11110","emd_cd":"11110122","umd_nm":"청진동","gu_name":"종로구"},"geometry":{"type":"Polygon","coordinates":[[[126.978477,37.572435],[126.978556,37.57052],[126.982046,37.570505],[126.981993,37.570743],[126.981804,37.570991],[126.981902,37.57115],[126.981905,37.571252],[126.981801,37.571669],[126.981966,37.571716],[126.981964,37.571866],[126.982062,37.571873],[126.982074,37.572046],[126.981291,37.572351],[126.98118,37.572162],[126.980964,37.572209],[126.9808,37.57231],[126.98073,37.572257],[126.980554,37.572434],[126.980241,37.572264],[126.980088,37.572562],[126.979075,37.572427],[126.978477,37.572435]]]}},{"type":"Feature","properties":{"dong":"11110_서린동","sgg_cd":"11110","emd_cd":"11110123","umd_nm":"서린동","gu_name":"종로구"},"geometry":{"type":"Polygon","coordinates":[[[126.982959,37.569993],[126.979208,37.570005],[126.978055,37.569933],[126.977919,37.569939],[126.97788,37.570024],[126.977788,37.570024],[126.97772,37.569605],[126.977783,37.569512],[126.977627,37.5693],[126.97801,37.569182],[126.980562,37.568987],[126.982321,37.569043],[126.98285,37.568972],[126.982959,37.569993]]]}},{"type":"Feature","properties":{"dong":"11110_수송동","sgg_cd":"11110","emd_cd":"11110124","umd_nm":"수송동","gu_name":"종로구"},"geometry":{"type":"Polygon","coordinates":[[[126.978497,37.574335],[126.978456,37.573889],[126.978477,37.572435],[126.979075,37.572427],[126.980088,37.572562],[126.980241,37.572264],[126.980554,37.572434],[126.980738,37.572255],[126.9808,37.57231],[126.980964,37.572209],[126.98118,37.572162],[126.981291,37.572351],[126.981788,37.572187],[126.981906,37.572088],[126.982333,37.572035],[126.982309,37.572236],[126.982255,37.57225],[126.982341,37.572589],[126.982285,37.572827],[126.982304,37.572992],[126.982315,37.573037],[126.982431,37.573024],[126.982381,37.573396],[126.982594,37.573417],[126.982588,37.573526],[126.982671,37.573531],[126.982668,37.573601],[126.98264,37.573686],[126.982563,37.573676],[126.982533,37.5738],[126.982195,37.573771],[126.982137,37.573932],[126.981872,37.573954],[126.981868,37.574364],[126.981889,37.574439],[126.982162,37.574459],[126.982185,37.574538],[126.982165,37.574658],[126.982113,37.574665],[126.982195,37.574853],[126.981926,37.574982],[126.981984,37.575052],[126.982043,37.575033],[126.982127,37.575093],[126.982258,37.57505],[126.982243,37.575152],[126.982552,37.575188],[126.982518,37.575346],[126.982661,37.575386],[126.982649,37.575455],[126.981968,37.57551],[126.981374,37.575701],[126.980977,37.575505],[126.980493,37.575172],[126.979434,37.574324],[126.97925,37.574248],[126.979041,37.574247],[126.978497,37.574335]]]}},{"type":"Feature","properties":{"dong":"11110_중학동","sgg_cd":"11110","emd_cd":"11110125","umd_nm":"중학동","gu_name":"종로구"},"geometry":{"type":"Polygon","coordinates":[[[126.980244,37.576137],[126.978544,37.575904],[126.978786,37.575316],[126.978958,37.575113],[126.978591,37.574611],[126.978497,37.574335],[126.979041,37.574247],[126.97925,37.574248],[126.979434,37.574324],[126.980493,37.575172],[126.980977,37.575505],[126.981374,37.575701],[126.980548,37.576107],[126.980244,37.576137]]]}},{"type":"Feature","properties":{"dong":"11110_종로1가","sgg_cd":"11110","emd_cd":"11110126","umd_nm":"종로1가","gu_name":"종로구"},"geometry":{"type":"Polygon","coordinates":[[[126.982161,37.570499],[126.978535,37.570521],[126.978487,37.571442],[126.977509,37.571452],[126.977536,37.570744],[126.977628,37.570639],[126.977654,37.570515],[126.977613,37.570044],[126.97788,37.570024],[126.977919,37.569939],[126.979208,37.570005],[126.982959,37.569993],[126.982977,37.570163],[126.983059,37.570286],[126.983114,37.570286],[126.983127,37.570504],[126.982806,37.5705],[126.982616,37.57038],[126.982209,37.570375],[126.982161,37.570499]]]}},{"type":"Feature","properties":{"dong":"11110_공평동","sgg_cd":"11110","emd_cd":"11110127","umd_nm":"공평동","gu_name":"종로구"},"geometry":{"type":"Polygon","coordinates":[[[126.98424,37.57223],[126.984088,37.572166],[126.983918,37.572184],[126.983569,37.572108],[126.983464,37.57227],[126.983171,37.57224],[126.983171,37.571944],[126.982075,37.572039],[126.982062,37.571873],[126.981964,37.571866],[126.981966,37.571716],[126.981801,37.571669],[126.981905,37.571252],[126.981902,37.57115],[126.981804,37.570991],[126.981993,37.570743],[126.982046,37.570505],[126.982161,37.570499],[126.982209,37.570375],[126.982616,37.57038],[126.982806,37.5705],[126.984112,37.57051],[126.984181,37.570766],[126.984381,37.571147],[126.98463,37.571447],[126.984549,37.571512],[126.984495,37.571942],[126.984438,37.571932],[126.984335,37.572008],[126.98424,37.57223]]]}},{"type":"Feature","properties":{"dong":"11110_관훈동","sgg_cd":"11110","emd_cd":"11110128","umd_nm":"관훈동","gu_name":"종로구"},"geometry":{"type":"Polygon","coordinates":[[[126.9843,37.576012],[126.983008,37.57552],[126.983071,37.575249],[126.982976,37.575236],[126.98308,37.575081],[126.983004,37.575018],[126.982805,37.574985],[126.982889,37.574417],[126.983483,37.574546],[126.983565,37.574428],[126.983701,37.574485],[126.983858,37.574264],[126.983868,37.574218],[126.983766,37.574184],[126.983818,37.574049],[126.983763,37.574036],[126.983823,37.573809],[126.984061,37.573434],[126.98411,37.573448],[126.984214,37.573218],[126.983935,37.5731],[126.984114,37.572686],[126.983678,37.572552],[126.98373,37.572377],[126.983921,37.572434],[126.983964,37.572314],[126.984223,37.572395],[126.984274,37.5723],[126.984424,37.572334],[126.984377,37.572472],[126.984697,37.57248],[126.9847,37.572402],[126.985067,37.572321],[126.985389,37.572329],[126.985329,37.57261],[126.985555,37.572677],[126.985532,37.572772],[126.985616,37.572822],[126.985558,37.572964],[126.986235,37.573285],[126.986339,37.573422],[126.986754,37.573648],[126.986691,37.573742],[126.986611,37.573714],[126.98656,37.573784],[126.986398,37.573733],[126.986352,37.573792],[126.985783,37.574696],[126.985632,37.57507],[126.985581,37.575082],[126.985499,37.575386],[126.985395,37.575372],[126.985331,37.575598],[126.984953,37.575503],[126.984987,37.575413],[126.984783,37.575403],[126.984831,37.575232],[126.984613,37.575222],[126.98457,37.575513],[126.9843,37.576012]]]}},{"type":"Feature","properties":{"dong":"11110_견지동","sgg_cd":"11110","emd_cd":"11110129","umd_nm":"견지동","gu_name":"종로구"},"geometry":{"type":"Polygon","coordinates":[[[126.983008,37.57552],[126.982649,37.575455],[126.982661,37.575386],[126.982518,37.575346],[126.982552,37.575188],[126.982243,37.575152],[126.982258,37.57505],[126.982127,37.575093],[126.982043,37.575033],[126.981984,37.575052],[126.981926,37.574982],[126.982195,37.574853],[126.982113,37.574665],[126.982165,37.574658],[126.982185,37.574538],[126.982162,37.574459],[126.981889,37.574439],[126.981866,37.574079],[126.981872,37.573954],[126.982137,37.573932],[126.982195,37.573771],[126.982533,37.5738],[126.982563,37.573676],[126.98264,37.573686],[126.982668,37.573601],[126.982671,37.573531],[126.982588,37.573526],[126.982594,37.573417],[126.982381,37.573396],[126.982431,37.573024],[126.982315,37.573037],[126.982304,37.572992],[126.982285,37.572827],[126.982341,37.572589],[126.982255,37.57225],[126.982309,37.572236],[126.982345,37.572135],[126.98231,37.572015],[126.983171,37.571944],[126.983171,37.57224],[126.983464,37.57227],[126.983569,37.572108],[126.983918,37.572184],[126.984088,37.572166],[126.984294,37.572256],[126.984223,37.572395],[126.983964,37.572314],[126.983921,37.572434],[126.98373,37.572377],[126.983678,37.572552],[126.984114,37.572686],[126.983935,37.5731],[126.984214,37.573218],[126.98411,37.573448],[126.984061,37.573434],[126.983823,37.573809],[126.983763,37.574036],[126.983818,37.574049],[126.983766,37.574184],[126.983868,37.574218],[126.983785,37.574403],[126.983701,37.574485],[126.983565,37.574428],[126.983483,37.574546],[126.982889,37.574417],[126.982805,37.574985],[126.983004,37.575018],[126.98308,37.575081],[126.982976,37.575236],[126.983071,37.575249],[126.983008,37.57552]]]}},{"type":"Feature","properties":{"dong":"11110_와룡동","sgg_cd":"11110","emd_cd":"11110130","umd_nm":"와룡동","gu_name":"종로구"},"geometry":{"type":"Polygon","coordinates":[[[126.987727,37.587267],[126.987704,37.587117],[126.987874,37.586666],[126.987786,37.586197],[126.987947,37.585723],[126.987954,37.585556],[126.988111,37.58554],[126.988148,37.58561],[126.988399,37.585661],[126.9889,37.585603],[126.988774,37.585029],[126.988794,37.58489],[126.98904,37.584097],[126.989326,37.583681],[126.989369,37.583509],[126.989375,37.582912],[126.989661,37.582548],[126.98974,37.582317],[126.989435,37.581651],[126.989476,37.580919],[126.989246,37.580918],[126.989186,37.580845],[126.989196,37.580369],[126.989274,37.579881],[126.989288,37.579297],[126.989225,37.578772],[126.9893,37.578195],[126.989265,37.577648],[126.98936,37.577131],[126.989898,37.577002],[126.99075,37.574201],[126.991329,37.574295],[126.991374,37.574185],[126.991545,37.5742],[126.99135,37.575104],[126.991049,37.575628],[126.991083,37.576362],[126.991049,37.576622],[126.990953,37.576864],[126.990943,37.577266],[126.99066,37.577577],[126.990875,37.577634],[126.991126,37.577785],[126.992142,37.57847],[126.992482,37.577912],[126.992992,37.577352],[126.993578,37.577084],[126.993751,37.576958],[126.994197,37.576862],[126.994792,37.576866],[126.995239,37.576782],[126.995463,37.576645],[126.995594,37.576199],[126.996046,37.576268],[126.996979,37.576505],[126.996771,37.576985],[126.997127,37.577071],[126.996632,37.578768],[126.996313,37.58066],[126.996354,37.580999],[126.996415,37.581099],[126.996871,37.581508],[126.997745,37.582174],[126.997553,37.582605],[126.997395,37.582806],[126.997187,37.582926],[126.996872,37.582859],[126.996781,37.582902],[126.996887,37.582845],[126.99659,37.582774],[126.996361,37.58276],[126.99626,37.582841],[126.995997,37.58357],[126.995913,37.58362],[126.995834,37.583584],[126.995178,37.584256],[126.994832,37.584693],[126.994872,37.584731],[126.994832,37.584703],[126.994687,37.58489],[126.994579,37.585095],[126.994152,37.585493],[126.993928,37.585807],[126.993671,37.586495],[126.993486,37.586681],[126.993624,37.586725],[126.993428,37.587008],[126.993462,37.587191],[126.993405,37.58726],[126.993503,37.587327],[126.990428,37.587104],[126.989531,37.587491],[126.989374,37.587636],[126.988731,37.587607],[126.988191,37.587324],[126.987727,37.587267]]]}},{"type":"Feature","properties":{"dong":"11110_권농동","sgg_cd":"11110","emd_cd":"11110131","umd_nm":"권농동","gu_name":"종로구"},"geometry":{"type":"Polygon","coordinates":[[[126.992814,37.577532],[126.992482,37.577912],[126.992142,37.57847],[126.991126,37.577785],[126.990875,37.577634],[126.99066,37.577577],[126.990943,37.577266],[126.990953,37.576864],[126.991049,37.576622],[126.991083,37.576362],[126.991049,37.575628],[126.99135,37.575104],[126.991579,37.574007],[126.991714,37.573741],[126.992138,37.573844],[126.992141,37.573883],[126.992174,37.573885],[126.992174,37.573808],[126.99227,37.57382],[126.992289,37.573777],[126.992536,37.573853],[126.992031,37.574489],[126.991674,37.575093],[126.991468,37.575693],[126.991429,37.575974],[126.991715,37.576648],[126.991889,37.576865],[126.992297,37.577234],[126.992814,37.577532]]]}},{"type":"Feature","properties":{"dong":"11110_운니동","sgg_cd":"11110","emd_cd":"11110132","umd_nm":"운니동","gu_name":"종로구"},"geometry":{"type":"Polygon","coordinates":[[[126.989265,37.577648],[126.987818,37.57753],[126.986984,37.577246],[126.986278,37.576878],[126.986658,37.575693],[126.9869,37.57513],[126.98913,37.575504],[126.990316,37.575598],[126.989898,37.577002],[126.98936,37.577131],[126.989265,37.577648]]]}},{"type":"Feature","properties":{"dong":"11110_익선동","sgg_cd":"11110","emd_cd":"11110133","umd_nm":"익선동","gu_name":"종로구"},"geometry":{"type":"Polygon","coordinates":[[[126.990316,37.575598],[126.989636,37.575566],[126.988389,37.575384],[126.988453,37.575016],[126.98837,37.574993],[126.988387,37.574671],[126.988643,37.574195],[126.98861,37.574181],[126.988771,37.574],[126.989085,37.574083],[126.989177,37.573685],[126.989341,37.573702],[126.989347,37.573577],[126.989424,37.573553],[126.989426,37.573416],[126.98931,37.573387],[126.989386,37.5731],[126.989318,37.57309],[126.989328,37.57286],[126.990138,37.572932],[126.990221,37.572993],[126.99019,37.573125],[126.991014,37.573358],[126.990316,37.575598]]]}},{"type":"Feature","properties":{"dong":"11110_경운동","sgg_cd":"11110","emd_cd":"11110134","umd_nm":"경운동","gu_name":"종로구"},"geometry":{"type":"Polygon","coordinates":[[[126.98554,37.576638],[126.9843,37.576012],[126.98457,37.575513],[126.984613,37.575222],[126.984831,37.575232],[126.984783,37.575403],[126.984987,37.575413],[126.984953,37.575503],[126.985331,37.575598],[126.985395,37.575372],[126.985499,37.575386],[126.985581,37.575082],[126.985632,37.57507],[126.985994,37.57432],[126.986398,37.573733],[126.98656,37.573784],[126.986611,37.573714],[126.987068,37.573842],[126.987129,37.57368],[126.987169,37.573691],[126.98723,37.573609],[126.987446,37.573681],[126.987703,37.573793],[126.987437,37.574199],[126.98847,37.574495],[126.988387,37.574671],[126.98837,37.574993],[126.988453,37.575016],[126.988389,37.575384],[126.9869,37.57513],[126.986658,37.575693],[126.986278,37.576878],[126.98554,37.576638]]]}},{"type":"Feature","properties":{"dong":"11110_관철동","sgg_cd":"11110","emd_cd":"11110135","umd_nm":"관철동","gu_name":"종로구"},"geometry":{"type":"Polygon","coordinates":[[[126.98385,37.569836],[126.983059,37.570286],[126.982977,37.570163],[126.98285,37.568972],[126.986279,37.568281],[126.988927,37.568102],[126.988638,37.56936],[126.988537,37.569477],[126.988603,37.569493],[126.98858,37.569638],[126.98771,37.569592],[126.98773,37.569916],[126.984497,37.569901],[126.984451,37.569898],[126.98445,37.569831],[126.98385,37.569836]]]}},{"type":"Feature","properties":{"dong":"11110_인사동","sgg_cd":"11110","emd_cd":"11110136","umd_nm":"인사동","gu_name":"종로구"},"geometry":{"type":"Polygon","coordinates":[[[126.986702,37.573625],[126.986339,37.573422],[126.986235,37.573285],[126.985558,37.572964],[126.985616,37.572822],[126.985532,37.572772],[126.985555,37.572677],[126.985329,37.57261],[126.985389,37.572329],[126.985115,37.572311],[126.9847,37.572402],[126.984697,37.57248],[126.984377,37.572472],[126.984424,37.572334],[126.984274,37.5723],[126.984294,37.572256],[126.98424,37.57223],[126.984335,37.572008],[126.984438,37.571932],[126.984495,37.571942],[126.984549,37.571512],[126.98463,37.571447],[126.984381,37.571147],[126.984181,37.570766],[126.984112,37.57051],[126.984481,37.570509],[126.984496,37.570623],[126.984926,37.570617],[126.984948,37.570906],[126.985144,37.570914],[126.985688,37.570743],[126.985683,37.570492],[126.986935,37.570489],[126.98776,37.570544],[126.987469,37.571054],[126.987673,37.57116],[126.987758,37.571567],[126.987671,37.571593],[126.987407,37.572175],[126.987305,37.572295],[126.987277,37.572366],[126.987317,37.572416],[126.987447,37.572463],[126.987328,37.572643],[126.987077,37.5726],[126.986868,37.572827],[126.986769,37.572827],[126.986649,37.573018],[126.986712,37.573046],[126.986667,37.573138],[126.986946,37.573238],[126.986918,37.573355],[126.986702,37.573625]]]}},{"type":"Feature","properties":{"dong":"11110_낙원동","sgg_cd":"11110","emd_cd":"11110137","umd_nm":"낙원동","gu_name":"종로구"},"geometry":{"type":"Polygon","coordinates":[[[126.989108,37.570607],[126.990524,37.5707],[126.990485,37.571014],[126.990559,37.571047],[126.990485,37.571246],[126.990439,37.571238],[126.990343,37.571637],[126.990216,37.571642],[126.990171,37.571887],[126.990029,37.571894],[126.990027,37.571931],[126.989506,37.571864],[126.989468,37.572111],[126.989789,37.57215],[126.989747,37.572531],[126.989889,37.572581],[126.989852,37.57269],[126.989926,37.572778],[126.989882,37.572914],[126.989328,37.57286],[126.989318,37.57309],[126.989386,37.5731],[126.98931,37.573387],[126.989426,37.573416],[126.989436,37.573511],[126.989408,37.573574],[126.989347,37.573577],[126.989341,37.573702],[126.989177,37.573685],[126.989085,37.574083],[126.988771,37.574],[126.98861,37.574181],[126.988643,37.574195],[126.98847,37.574495],[126.987437,37.574199],[126.987703,37.573793],[126.987446,37.573681],[126.98723,37.573609],[126.987169,37.573691],[126.987129,37.57368],[126.987068,37.573842],[126.986691,37.573742],[126.986754,37.573648],[126.986698,37.573631],[126.986918,37.573355],[126.986946,37.573238],[126.986667,37.573138],[126.986712,37.573046],[126.986649,37.573018],[126.986769,37.572827],[126.986868,37.572827],[126.987077,37.5726],[126.987328,37.572643],[126.987447,37.572463],[126.987277,37.572366],[126.987671,37.571593],[126.987758,37.571567],[126.987827,37.57174],[126.987937,37.571866],[126.988059,37.571921],[126.988361,37.571898],[126.988503,37.571834],[126.988672,37.571683],[126.988846,37.571403],[126.9889,37.571021],[126.989115,37.571073],[126.989156,37.571028],[126.989172,37.570836],[126.989124,37.570818],[126.989148,37.570734],[126.989111,37.570723],[126.989108,37.570607]]]}},{"type":"Feature","properties":{"dong":"11110_종로2가","sgg_cd":"11110","emd_cd":"11110138","umd_nm":"종로2가","gu_name":"종로구"},"geometry":{"type":"Polygon","coordinates":[[[126.987827,37.57174],[126.987673,37.57116],[126.987469,37.571054],[126.98776,37.570544],[126.986935,37.570489],[126.985683,37.570492],[126.985688,37.570743],[126.985326,37.570827],[126.985238,37.570903],[126.984948,37.570906],[126.984926,37.570617],[126.984496,37.570623],[126.984481,37.570509],[126.983127,37.570504],[126.983114,37.570286],[126.98385,37.569836],[126.98445,37.569831],[126.984451,37.569898],[126.984497,37.569901],[126.98773,37.569916],[126.98772,37.569592],[126.98858,37.569638],[126.988557,37.569823],[126.98861,37.569831],[126.989461,37.569845],[126.989366,37.570631],[126.989108,37.570607],[126.989111,37.570723],[126.989148,37.570734],[126.989124,37.570818],[126.989172,37.570836],[126.989156,37.571028],[126.989115,37.571073],[126.9889,37.571021],[126.988846,37.571403],[126.988672,37.571683],[126.988361,37.571898],[126.988059,37.571921],[126.987937,37.571866],[126.987827,37.57174]]]}},{"type":"Feature","properties":{"dong":"11110_팔판동","sgg_cd":"11110","emd_cd":"11110139","umd_nm":"팔판동","gu_name":"종로구"},"geometry":{"type":"Polygon","coordinates":[[[126.979246,37.583711],[126.979299,37.583518],[126.979223,37.583427],[126.98,37.582835],[126.980345,37.582631],[126.980473,37.582476],[126.980353,37.581796],[126.98007,37.580992],[126.980244,37.580899],[126.980362,37.581047],[126.980976,37.581383],[126.981273,37.58172],[126.981351,37.581896],[126.981888,37.582458],[126.981894,37.582705],[126.98181,37.583117],[126.981817,37.583515],[126.98133,37.583547],[126.980923,37.583716],[126.980724,37.584024],[126.980627,37.584554],[126.980481,37.584554],[126.980427,37.584007],[126.98029,37.583855],[126.979778,37.583865],[126.979602,37.583803],[126.979522,37.583698],[126.979246,37.583711]]]}},{"type":"Feature","properties":{"dong":"11110_삼청동","sgg_cd":"11110","emd_cd":"11110140","umd_nm":"삼청동","gu_name":"종로구"},"geometry":{"type":"Polygon","coordinates":[[[126.973587,37.59327],[126.973685,37.593027],[126.973766,37.592968],[126.973644,37.592607],[126.97441,37.591908],[126.974682,37.591075],[126.97556,37.58968],[126.976089,37.589735],[126.976374,37.589691],[126.976715,37.589438],[126.976787,37.589292],[126.976829,37.588945],[126.977037,37.588579],[126.977551,37.5885],[126.977872,37.588239],[126.978084,37.587978],[126.978305,37.58782],[126.978543,37.587802],[126.978655,37.587584],[126.979096,37.587315],[126.979184,37.587123],[126.979183,37.586542],[126.979551,37.585973],[126.979614,37.585491],[126.979586,37.585382],[126.979218,37.585072],[126.979068,37.584854],[126.979054,37.584701],[126.979197,37.584298],[126.979183,37.584079],[126.979246,37.583711],[126.979522,37.583698],[126.979602,37.583803],[126.979778,37.583865],[126.98029,37.583855],[126.980427,37.584007],[126.980481,37.584554],[126.980627,37.584554],[126.980724,37.584024],[126.980923,37.583716],[126.98133,37.583547],[126.981817,37.583515],[126.98181,37.583117],[126.981894,37.582705],[126.981888,37.582458],[126.981969,37.582349],[126.982024,37.582345],[126.982032,37.582191],[126.982134,37.582193],[126.982091,37.582044],[126.982109,37.581741],[126.982159,37.581661],[126.982638,37.582051],[126.983001,37.582055],[126.982941,37.582416],[126.982834,37.582623],[126.982858,37.583298],[126.983098,37.583529],[126.98344,37.583728],[126.983695,37.583796],[126.983719,37.583908],[126.983527,37.584148],[126.983426,37.584384],[126.983747,37.585017],[126.984497,37.585391],[126.984954,37.585719],[126.985037,37.585962],[126.985306,37.586124],[126.985236,37.586303],[126.985288,37.586557],[126.985435,37.586569],[126.985774,37.58676],[126.986035,37.587132],[126.985959,37.587329],[126.98608,37.587599],[126.98592,37.588343],[126.986067,37.588554],[126.986225,37.588634],[126.986393,37.588862],[126.986825,37.589187],[126.987109,37.589562],[126.987352,37.589606],[126.987678,37.589835],[126.988109,37.590043],[126.988774,37.590641],[126.989134,37.590849],[126.989012,37.591341],[126.989101,37.591425],[126.988531,37.591962],[126.987774,37.592273],[126.987337,37.592672],[126.987192,37.592737],[126.986714,37.592764],[126.986277,37.593325],[126.986154,37.593615],[126.986136,37.593809],[126.985914,37.594045],[126.985949,37.594078],[126.985793,37.594289],[126.985441,37.594477],[126.985176,37.594517],[126.984883,37.594489],[126.984638,37.594394],[126.983888,37.594438],[126.983473,37.594705],[126.983289,37.594767],[126.982945,37.594789],[126.982751,37.594911],[126.982506,37.595208],[126.981558,37.595324],[126.981329,37.595473],[126.981053,37.59578],[126.980936,37.595847],[126.980288,37.59596],[126.979801,37.596236],[126.979575,37.596254],[126.979364,37.596371],[126.979123,37.596403],[126.978661,37.596709],[126.978597,37.596799],[126.978571,37.597002],[126.978644,37.597074],[126.978604,37.597265],[126.978379,37.597458],[126.978189,37.597511],[126.977967,37.5977],[126.977759,37.597727],[126.977291,37.597683],[126.976888,37.597746],[126.976556,37.598089],[126.976417,37.598036],[126.976684,37.597719],[126.97656,37.597494],[126.976202,37.597152],[126.975971,37.596831],[126.975883,37.596548],[126.975537,37.596029],[126.975091,37.59583],[126.975037,37.595734],[126.975154,37.594994],[126.975151,37.594757],[126.974618,37.594533],[126.974566,37.594398],[126.974248,37.594129],[126.974116,37.593842],[126.973602,37.593364],[126.973587,37.59327]]]}},{"type":"Feature","properties":{"dong":"11110_안국동","sgg_cd":"11110","emd_cd":"11110141","umd_nm":"안국동","gu_name":"종로구"},"geometry":{"type":"Polygon","coordinates":[[[126.983823,37.579351],[126.983456,37.57921],[126.983171,37.578952],[126.982129,37.57891],[126.982115,37.578616],[126.982432,37.577757],[126.982583,37.576777],[126.982877,37.576184],[126.983269,37.575596],[126.984314,37.576016],[126.985014,37.576405],[126.98554,37.576638],[126.985396,37.576878],[126.985499,37.576927],[126.985326,37.577391],[126.985076,37.577365],[126.985071,37.577407],[126.984613,37.577323],[126.984311,37.578081],[126.984186,37.578153],[126.984143,37.57839],[126.983915,37.578428],[126.983786,37.578822],[126.984173,37.57888],[126.98415,37.57897],[126.98426,37.579011],[126.983823,37.579351]]]}},{"type":"Feature","properties":{"dong":"11110_소격동","sgg_cd":"11110","emd_cd":"11110142","umd_nm":"소격동","gu_name":"종로구"},"geometry":{"type":"Polygon","coordinates":[[[126.981122,37.581529],[126.981038,37.581494],[126.980976,37.581383],[126.980362,37.581047],[126.980218,37.580847],[126.979706,37.578971],[126.979649,37.578131],[126.980403,37.578025],[126.980412,37.578097],[126.980528,37.578083],[126.980547,37.578182],[126.980875,37.578148],[126.980977,37.578424],[126.981474,37.578282],[126.981532,37.578627],[126.982115,37.578632],[126.982152,37.579443],[126.982338,37.579964],[126.982035,37.580263],[126.981654,37.580853],[126.981509,37.581235],[126.981122,37.581529]]]}},{"type":"Feature","properties":{"dong":"11110_화동","sgg_cd":"11110","emd_cd":"11110143","umd_nm":"화동","gu_name":"종로구"},"geometry":{"type":"Polygon","coordinates":[[[126.983299,37.582082],[126.982638,37.582051],[126.982159,37.581661],[126.982109,37.581741],[126.982091,37.582044],[126.982134,37.582193],[126.982032,37.582191],[126.982024,37.582345],[126.981969,37.582349],[126.981888,37.582458],[126.981351,37.581896],[126.981122,37.581529],[126.981509,37.581235],[126.981654,37.580853],[126.982035,37.580263],[126.982338,37.579964],[126.982152,37.579443],[126.982129,37.57891],[126.983171,37.578952],[126.983456,37.57921],[126.983823,37.579351],[126.983774,37.579474],[126.983901,37.579594],[126.983845,37.579649],[126.983825,37.579782],[126.983909,37.579794],[126.983831,37.579918],[126.983916,37.580233],[126.983644,37.580326],[126.983406,37.580503],[126.983341,37.580821],[126.983397,37.580846],[126.983732,37.58077],[126.983743,37.580821],[126.983634,37.580855],[126.983715,37.58108],[126.98396,37.581036],[126.984059,37.581147],[126.984013,37.581401],[126.983949,37.581538],[126.983878,37.581571],[126.983918,37.581619],[126.983819,37.581567],[126.983835,37.581527],[126.983647,37.581645],[126.983629,37.581685],[126.983759,37.581762],[126.983661,37.581969],[126.983717,37.582015],[126.983626,37.582131],[126.983609,37.581942],[126.983539,37.581899],[126.983284,37.582044],[126.983299,37.582082]]]}},{"type":"Feature","properties":{"dong":"11110_사간동","sgg_cd":"11110","emd_cd":"11110144","umd_nm":"사간동","gu_name":"종로구"},"geometry":{"type":"Polygon","coordinates":[[[126.981474,37.578282],[126.980977,37.578424],[126.980875,37.578148],[126.980547,37.578182],[126.980528,37.578083],[126.980412,37.578097],[126.980403,37.578025],[126.979649,37.578131],[126.979654,37.576263],[126.979619,37.576042],[126.980244,37.576137],[126.980544,37.576096],[126.980617,37.576168],[126.980878,37.576758],[126.980987,37.577295],[126.98112,37.577459],[126.981194,37.577427],[126.981397,37.577682],[126.981474,37.578282]]]}},{"type":"Feature","properties":{"dong":"11110_송현동","sgg_cd":"11110","emd_cd":"11110145","umd_nm":"송현동","gu_name":"종로구"},"geometry":{"type":"Polygon","coordinates":[[[126.982115,37.578632],[126.981532,37.578627],[126.981397,37.577682],[126.981194,37.577427],[126.98112,37.577459],[126.980987,37.577295],[126.980829,37.576614],[126.980551,37.576106],[126.980955,37.575937],[126.981298,37.575715],[126.981968,37.57551],[126.982763,37.575455],[126.983269,37.575596],[126.982877,37.576184],[126.982583,37.576777],[126.982432,37.577757],[126.982115,37.578632]]]}},{"type":"Feature","properties":{"dong":"11110_가회동","sgg_cd":"11110","emd_cd":"11110146","umd_nm":"가회동","gu_name":"종로구"},"geometry":{"type":"Polygon","coordinates":[[[126.985479,37.586211],[126.985037,37.585962],[126.984994,37.585785],[126.984859,37.585632],[126.984497,37.585391],[126.983747,37.585017],[126.983426,37.584384],[126.983527,37.584148],[126.983719,37.583908],[126.983695,37.583796],[126.98344,37.583728],[126.982898,37.583355],[126.982841,37.583139],[126.982834,37.582623],[126.982941,37.582416],[126.983001,37.582055],[126.983299,37.582082],[126.983284,37.582044],[126.983539,37.581899],[126.983609,37.581942],[126.983626,37.582131],[126.983717,37.582015],[126.983661,37.581969],[126.983759,37.581762],[126.983629,37.581685],[126.983647,37.581645],[126.983835,37.581527],[126.983819,37.581567],[126.983918,37.581619],[126.983878,37.581571],[126.983949,37.581538],[126.984013,37.581401],[126.984059,37.581147],[126.98396,37.581036],[126.983715,37.58108],[126.983634,37.580855],[126.983743,37.580821],[126.983732,37.58077],[126.983397,37.580846],[126.983341,37.580821],[126.983406,37.580503],[126.983644,37.580326],[126.983916,37.580233],[126.983833,37.579952],[126.983909,37.579794],[126.983825,37.579782],[126.983845,37.579649],[126.983901,37.579594],[126.984807,37.579619],[126.984836,37.579675],[126.985045,37.579671],[126.985054,37.579592],[126.985097,37.579591],[126.985339,37.57961],[126.985351,37.579668],[126.985499,37.57966],[126.985667,37.579603],[126.985674,37.579396],[126.985861,37.579444],[126.986009,37.579953],[126.986048,37.580355],[126.986122,37.580525],[126.986059,37.581098],[126.986125,37.582061],[126.986058,37.582394],[126.9862,37.582572],[126.986238,37.582804],[126.986439,37.583007],[126.986551,37.582919],[126.986631,37.582961],[126.986693,37.58309],[126.986855,37.583055],[126.986737,37.583174],[126.986725,37.583624],[126.986687,37.583707],[126.98653,37.583789],[126.986625,37.583945],[126.98618,37.583966],[126.986059,37.584741],[126.985887,37.585145],[126.985872,37.585596],[126.985649,37.585873],[126.985479,37.586211]]]}},{"type":"Feature","properties":{"dong":"11110_재동","sgg_cd":"11110","emd_cd":"11110147","umd_nm":"재동","gu_name":"종로구"},"geometry":{"type":"Polygon","coordinates":[[[126.985861,37.579444],[126.985674,37.579396],[126.985667,37.579603],[126.985351,37.579668],[126.985339,37.57961],[126.985198,37.579592],[126.985054,37.579592],[126.985045,37.579671],[126.984836,37.579675],[126.984807,37.579619],[126.984036,37.579615],[126.983901,37.579594],[126.983774,37.579474],[126.983823,37.579351],[126.98426,37.579011],[126.98415,37.57897],[126.984173,37.57888],[126.983785,37.578827],[126.983915,37.578428],[126.984143,37.57839],[126.984186,37.578153],[126.984311,37.578081],[126.984613,37.577323],[126.985071,37.577407],[126.985076,37.577365],[126.985326,37.577391],[126.985499,37.576927],[126.985396,37.576878],[126.98554,37.576638],[126.986428,37.576942],[126.986343,37.577099],[126.986515,37.577144],[126.986422,37.577336],[126.986481,37.577367],[126.986429,37.577441],[126.986398,37.577772],[126.986566,37.577761],[126.986611,37.57788],[126.986475,37.577916],[126.986446,37.578543],[126.986695,37.578571],[126.986693,37.578752],[126.986077,37.57875],[126.985976,37.578972],[126.985861,37.579444]]]}},{"type":"Feature","properties":{"dong":"11110_계동","sgg_cd":"11110","emd_cd":"11110148","umd_nm":"계동","gu_name":"종로구"},"geometry":{"type":"Polygon","coordinates":[[[126.986393,37.588862],[126.986225,37.588634],[126.986067,37.588554],[126.98592,37.588343],[126.98608,37.587599],[126.985959,37.587329],[126.986035,37.587132],[126.985774,37.58676],[126.985435,37.586569],[126.985288,37.586557],[126.985236,37.586303],[126.985306,37.586124],[126.985479,37.586211],[126.985649,37.585873],[126.985872,37.585596],[126.985887,37.585145],[126.986059,37.584741],[126.98618,37.583966],[126.986625,37.583945],[126.98653,37.583789],[126.986687,37.583707],[126.986725,37.583624],[126.986737,37.583174],[126.986855,37.583055],[126.986693,37.58309],[126.986631,37.582961],[126.986551,37.582919],[126.986439,37.583007],[126.986238,37.582804],[126.9862,37.582572],[126.986058,37.582394],[126.986125,37.582061],[126.986059,37.581095],[126.986135,37.580655],[126.986008,37.580182],[126.986009,37.579953],[126.985861,37.579444],[126.985976,37.578972],[126.986077,37.57875],[126.986693,37.578752],[126.986695,37.578571],[126.986446,37.578543],[126.986475,37.577916],[126.986611,37.57788],[126.986566,37.577761],[126.986398,37.577772],[126.986429,37.577441],[126.986481,37.577367],[126.986422,37.577336],[126.986515,37.577144],[126.986343,37.577099],[126.986428,37.576942],[126.986984,37.577246],[126.987764,37.577511],[126.987738,37.577683],[126.987818,37.578194],[126.987859,37.578191],[126.988098,37.578525],[126.988069,37.578993],[126.988137,37.578998],[126.988116,37.579459],[126.988291,37.579702],[126.987959,37.579884],[126.987897,37.580315],[126.988316,37.580383],[126.988253,37.58093],[126.988049,37.58143],[126.988266,37.581485],[126.988429,37.581433],[126.988477,37.581551],[126.988387,37.581605],[126.988314,37.582228],[126.988218,37.582219],[126.988159,37.582264],[126.988124,37.582474],[126.988148,37.582838],[126.987912,37.582794],[126.987668,37.58286],[126.987702,37.583053],[126.987667,37.583769],[126.987567,37.584026],[126.987105,37.584692],[126.987233,37.58476],[126.987254,37.584853],[126.987579,37.584901],[126.987537,37.585011],[126.987552,37.585239],[126.987591,37.585236],[126.987634,37.585407],[126.987523,37.585449],[126.987318,37.586092],[126.98738,37.586174],[126.987295,37.586333],[126.987216,37.586745],[126.986912,37.587388],[126.986597,37.587748],[126.986463,37.588152],[126.986507,37.588593],[126.986393,37.588862]]]}},{"type":"Feature","properties":{"dong":"11110_원서동","sgg_cd":"11110","emd_cd":"11110149","umd_nm":"원서동","gu_name":"종로구"},"geometry":{"type":"Polygon","coordinates":[[[126.989134,37.590849],[126.988774,37.590641],[126.988109,37.590043],[126.987678,37.589835],[126.987352,37.589606],[126.987109,37.589562],[126.986825,37.589187],[126.986393,37.588862],[126.986507,37.588593],[126.986463,37.588152],[126.986597,37.587748],[126.986912,37.587388],[126.987216,37.586745],[126.987295,37.586333],[126.98738,37.586174],[126.987318,37.586092],[126.987523,37.585449],[126.987634,37.585407],[126.987591,37.585236],[126.987552,37.585239],[126.987537,37.585011],[126.987579,37.584901],[126.987254,37.584853],[126.987233,37.58476],[126.987105,37.584692],[126.987567,37.584026],[126.987667,37.583769],[126.987702,37.583053],[126.987668,37.58286],[126.987912,37.582794],[126.988148,37.582838],[126.988124,37.582474],[126.988159,37.582264],[126.988218,37.582219],[126.988314,37.582228],[126.988387,37.581605],[126.988477,37.581551],[126.988429,37.581433],[126.988266,37.581485],[126.988049,37.58143],[126.988253,37.58093],[126.988316,37.580383],[126.987897,37.580315],[126.987959,37.579884],[126.988291,37.579702],[126.988116,37.579459],[126.988137,37.578998],[126.988069,37.578993],[126.988098,37.578525],[126.987859,37.578191],[126.987818,37.578194],[126.987738,37.577683],[126.987764,37.577511],[126.988773,37.577636],[126.989265,37.577648],[126.9893,37.578195],[126.989225,37.578772],[126.989288,37.579297],[126.989274,37.579881],[126.989196,37.580369],[126.989186,37.580845],[126.989246,37.580918],[126.989476,37.580919],[126.989435,37.581651],[126.98974,37.582317],[126.989661,37.582548],[126.989375,37.582912],[126.989369,37.583509],[126.989326,37.583681],[126.98904,37.584097],[126.988794,37.58489],[126.988774,37.585029],[126.9889,37.585603],[126.988399,37.585661],[126.988148,37.58561],[126.988111,37.58554],[126.987954,37.585556],[126.987947,37.585723],[126.987786,37.586197],[126.987874,37.586666],[126.987704,37.587117],[126.987727,37.587267],[126.987674,37.587259],[126.987695,37.587491],[126.987832,37.587863],[126.987734,37.588091],[126.98786,37.588434],[126.988006,37.588607],[126.987973,37.58872],[126.988055,37.58899],[126.988373,37.589138],[126.988428,37.589338],[126.988653,37.589623],[126.98902,37.589622],[126.989092,37.589825],[126.989179,37.590529],[126.989134,37.590849]]]}},{"type":"Feature","properties":{"dong":"11110_훈정동","sgg_cd":"11110","emd_cd":"11110150","umd_nm":"훈정동","gu_name":"종로구"},"geometry":{"type":"Polygon","coordinates":[[[126.995656,37.576202],[126.995594,37.576199],[126.995417,37.576701],[126.995043,37.576837],[126.994197,37.576862],[126.993751,37.576958],[126.993578,37.577084],[126.992992,37.577352],[126.992794,37.577559],[126.992814,37.577532],[126.992297,37.577234],[126.991889,37.576865],[126.991715,37.576648],[126.991429,37.575974],[126.991468,37.575693],[126.991625,37.5752],[126.992031,37.574489],[126.992381,37.574078],[126.992759,37.57347],[126.993374,37.572628],[126.993767,37.572195],[126.993944,37.572089],[126.994086,37.572063],[126.994107,37.571807],[126.994291,37.571507],[126.994185,37.571448],[126.99436,37.571225],[126.994184,37.571126],[126.994256,37.571043],[126.994273,37.570874],[126.995915,37.570953],[126.995909,37.571869],[126.995834,37.57205],[126.996298,37.572233],[126.996657,37.572732],[126.996653,37.572988],[126.996206,37.574717],[126.995839,37.575328],[126.995774,37.575842],[126.995656,37.576202]]]}},{"type":"Feature","properties":{"dong":"11110_묘동","sgg_cd":"11110","emd_cd":"11110151","umd_nm":"묘동","gu_name":"종로구"},"geometry":{"type":"Polygon","coordinates":[[[126.991545,37.5742],[126.991374,37.574185],[126.991329,37.574295],[126.99075,37.574201],[126.991784,37.570804],[126.992897,37.57085],[126.992551,37.571593],[126.992293,37.572026],[126.991962,37.573083],[126.991836,37.573297],[126.991545,37.5742]]]}},{"type":"Feature","properties":{"dong":"11110_봉익동","sgg_cd":"11110","emd_cd":"11110152","umd_nm":"봉익동","gu_name":"종로구"},"geometry":{"type":"Polygon","coordinates":[[[126.992536,37.573853],[126.992289,37.573777],[126.99227,37.57382],[126.992174,37.573808],[126.992174,37.573885],[126.992141,37.573883],[126.992138,37.573844],[126.991714,37.573741],[126.991633,37.573891],[126.991836,37.573297],[126.991962,37.573083],[126.992293,37.572026],[126.992551,37.571593],[126.992897,37.57085],[126.994273,37.570874],[126.994256,37.571043],[126.994184,37.571126],[126.99436,37.571225],[126.994185,37.571448],[126.994291,37.571507],[126.994107,37.571807],[126.994086,37.572063],[126.993944,37.572089],[126.993767,37.572195],[126.993613,37.572348],[126.992759,37.57347],[126.992536,37.573853]]]}},{"type":"Feature","properties":{"dong":"11110_돈의동","sgg_cd":"11110","emd_cd":"11110153","umd_nm":"돈의동","gu_name":"종로구"},"geometry":{"type":"Polygon","coordinates":[[[126.991014,37.573358],[126.99019,37.573125],[126.990221,37.572993],[126.990138,37.572932],[126.989887,37.572899],[126.989926,37.572778],[126.989852,37.57269],[126.989889,37.572581],[126.989747,37.572531],[126.989789,37.57215],[126.989468,37.572111],[126.989506,37.571864],[126.990027,37.571931],[126.990029,37.571894],[126.990171,37.571887],[126.990216,37.571642],[126.990343,37.571637],[126.990439,37.571238],[126.990485,37.571246],[126.990559,37.571047],[126.990485,37.571014],[126.990524,37.5707],[126.991784,37.570804],[126.991014,37.573358]]]}},{"type":"Feature","properties":{"dong":"11110_장사동","sgg_cd":"11110","emd_cd":"11110154","umd_nm":"장사동","gu_name":"종로구"},"geometry":{"type":"Polygon","coordinates":[[[126.992298,37.570012],[126.992298,37.569693],[126.992134,37.569407],[126.992112,37.569286],[126.992152,37.569257],[126.992102,37.569256],[126.992267,37.568638],[126.992297,37.568334],[126.996353,37.568653],[126.996351,37.56889],[126.995894,37.569437],[126.99557,37.569652],[126.995445,37.569853],[126.995378,37.570134],[126.992298,37.570012]]]}},{"type":"Feature","properties":{"dong":"11110_관수동","sgg_cd":"11110","emd_cd":"11110155","umd_nm":"관수동","gu_name":"종로구"},"geometry":{"type":"Polygon","coordinates":[[[126.992297,37.568334],[126.992267,37.568638],[126.992102,37.569256],[126.992152,37.569257],[126.992112,37.569286],[126.992134,37.569407],[126.992298,37.569693],[126.992298,37.570012],[126.991049,37.569993],[126.989461,37.569845],[126.988557,37.569823],[126.988603,37.569493],[126.988537,37.569477],[126.988638,37.56936],[126.988927,37.568102],[126.990147,37.568135],[126.992297,37.568334]]]}},{"type":"Feature","properties":{"dong":"11110_종로3가","sgg_cd":"11110","emd_cd":"11110156","umd_nm":"종로3가","gu_name":"종로구"},"geometry":{"type":"Polygon","coordinates":[[[126.995062,37.570913],[126.992298,37.57083],[126.989366,37.570631],[126.989461,37.569845],[126.991473,37.570014],[126.995378,37.570134],[126.995299,37.57049],[126.995092,37.57075],[126.995062,37.570913]]]}},{"type":"Feature","properties":{"dong":"11110_인의동","sgg_cd":"11110","emd_cd":"11110157","umd_nm":"인의동","gu_name":"종로구"},"geometry":{"type":"Polygon","coordinates":[[[126.996389,37.574033],[126.996675,37.572804],[126.996317,37.57225],[126.996125,37.572137],[126.995834,37.57205],[126.995909,37.571869],[126.995915,37.570953],[126.997816,37.571071],[126.999236,37.571218],[127.000169,37.571243],[127.000044,37.57135],[126.999568,37.572089],[126.999332,37.572294],[126.998073,37.573704],[126.997958,37.574033],[126.997969,37.574297],[126.997556,37.574301],[126.996626,37.574115],[126.996389,37.574033]]]}},{"type":"Feature","properties":{"dong":"11110_예지동","sgg_cd":"11110","emd_cd":"11110158","umd_nm":"예지동","gu_name":"종로구"},"geometry":{"type":"Polygon","coordinates":[[[127.001446,37.569509],[127.001504,37.569715],[127.000856,37.570347],[126.999283,37.570247],[126.999272,37.570324],[126.999033,37.570353],[126.997964,37.570278],[126.997548,37.570301],[126.995378,37.570134],[126.995445,37.569853],[126.99557,37.569652],[126.995894,37.569437],[126.996351,37.56889],[126.996353,37.568653],[126.99823,37.568885],[127.001446,37.569509]]]}},{"type":"Feature","properties":{"dong":"11110_원남동","sgg_cd":"11110","emd_cd":"11110159","umd_nm":"원남동","gu_name":"종로구"},"geometry":{"type":"Polygon","coordinates":[[[126.997127,37.577071],[126.996771,37.576985],[126.996979,37.576505],[126.995656,37.576202],[126.995774,37.575842],[126.995839,37.575328],[126.996206,37.574717],[126.99641,37.573891],[126.996389,37.574033],[126.996626,37.574115],[126.997556,37.574301],[126.997969,37.574297],[126.998027,37.574346],[126.99802,37.574507],[126.998111,37.574511],[126.998123,37.574453],[126.998415,37.574489],[126.998435,37.574423],[126.998657,37.574491],[126.998571,37.574682],[126.998688,37.574717],[126.998766,37.574629],[126.99884,37.574645],[126.998812,37.574721],[126.998948,37.574775],[126.998892,37.574881],[126.999147,37.575023],[126.999037,37.575311],[126.999288,37.575462],[126.999244,37.575542],[126.999294,37.575562],[126.999403,37.575849],[126.999458,37.575942],[126.999599,37.576014],[126.999544,37.576125],[126.999448,37.576158],[126.999145,37.576143],[126.99904,37.576412],[126.998807,37.57669],[126.998786,37.576818],[126.998844,37.576829],[126.998811,37.576952],[126.998409,37.576879],[126.99847,37.576674],[126.998084,37.576563],[126.998002,37.576694],[126.997895,37.576673],[126.997727,37.577054],[126.997639,37.577033],[126.997663,37.576979],[126.997475,37.576933],[126.997165,37.576917],[126.997127,37.577071]]]}},{"type":"Feature","properties":{"dong":"11110_연지동","sgg_cd":"11110","emd_cd":"11110160","umd_nm":"연지동","gu_name":"종로구"},"geometry":{"type":"Polygon","coordinates":[[[126.999497,37.575973],[126.999294,37.575562],[126.999244,37.575542],[126.999303,37.575483],[126.999037,37.575311],[126.999147,37.575023],[126.998892,37.574881],[126.998948,37.574775],[126.998812,37.574721],[126.99884,37.574645],[126.998766,37.574629],[126.998688,37.574717],[126.998571,37.574682],[126.998657,37.574491],[126.998435,37.574423],[126.998415,37.574489],[126.998123,37.574453],[126.998111,37.574511],[126.99802,37.574507],[126.998027,37.574346],[126.99797,37.574325],[126.997954,37.57423],[126.998023,37.573812],[126.998376,37.573354],[126.999332,37.572294],[126.999568,37.572089],[126.999758,37.571778],[127.000545,37.571947],[127.00062,37.571758],[127.000714,37.571704],[127.000764,37.571507],[127.001054,37.571531],[127.00116,37.571378],[127.001477,37.571395],[127.001587,37.572344],[127.001698,37.572601],[127.002101,37.573055],[127.002171,37.573403],[127.00225,37.573489],[127.001189,37.574248],[127.000846,37.574414],[127.000702,37.574776],[127.001075,37.574873],[127.001067,37.574962],[127.001376,37.574982],[127.001321,37.575322],[127.001337,37.575554],[127.001269,37.57578],[127.001284,37.57608],[127.000995,37.576108],[127.000958,37.575887],[127.000689,37.575939],[127.000679,37.576056],[127.000418,37.576032],[127.0003,37.575875],[127.000167,37.575828],[127.000032,37.575848],[126.999959,37.575772],[126.999497,37.575973]]]}},{"type":"Feature","properties":{"dong":"11110_종로4가","sgg_cd":"11110","emd_cd":"11110161","umd_nm":"종로4가","gu_name":"종로구"},"geometry":{"type":"Polygon","coordinates":[[[127.000169,37.571243],[126.999236,37.571218],[126.997816,37.571071],[126.995062,37.570913],[126.995092,37.57075],[126.995299,37.57049],[126.995378,37.570134],[126.997548,37.570301],[126.997964,37.570278],[126.999033,37.570353],[126.999272,37.570324],[126.999283,37.570247],[127.000856,37.570347],[127.000406,37.570822],[127.000359,37.57082],[127.000169,37.571243]]]}},{"type":"Feature","properties":{"dong":"11110_효제동","sgg_cd":"11110","emd_cd":"11110162","umd_nm":"효제동","gu_name":"종로구"},"geometry":{"type":"Polygon","coordinates":[[[127.00157,37.574965],[127.001067,37.574962],[127.001075,37.574873],[127.000696,37.574798],[127.000846,37.574414],[127.001189,37.574248],[127.00225,37.573489],[127.002171,37.573403],[127.002101,37.573055],[127.001698,37.572601],[127.001587,37.572344],[127.001477,37.571395],[127.002836,37.571561],[127.004949,37.571492],[127.006211,37.571614],[127.00608,37.571812],[127.005841,37.571999],[127.004754,37.572565],[127.004477,37.572784],[127.00416,37.573564],[127.003901,37.57388],[127.003382,37.57437],[127.003271,37.574545],[127.003,37.575284],[127.002406,37.575243],[127.001872,37.575073],[127.00173,37.575069],[127.00157,37.574965]]]}},{"type":"Feature","properties":{"dong":"11110_종로5가","sgg_cd":"11110","emd_cd":"11110163","umd_nm":"종로5가","gu_name":"종로구"},"geometry":{"type":"Polygon","coordinates":[[[127.006211,37.571614],[127.004949,37.571492],[127.002836,37.571561],[127.002153,37.571448],[127.00116,37.571378],[127.001054,37.571531],[127.000764,37.571507],[127.000714,37.571704],[127.00062,37.571758],[127.000545,37.571947],[126.999758,37.571778],[127.000044,37.57135],[127.000179,37.571234],[127.000359,37.57082],[127.000406,37.570822],[127.001504,37.569715],[127.001446,37.569509],[127.002453,37.569623],[127.005969,37.569602],[127.006908,37.569637],[127.006673,37.570112],[127.006211,37.571614]]]}},{"type":"Feature","properties":{"dong":"11110_종로6가","sgg_cd":"11110","emd_cd":"11110164","umd_nm":"종로6가","gu_name":"종로구"},"geometry":{"type":"Polygon","coordinates":[[[127.008871,37.574835],[127.008495,37.574707],[127.008233,37.574561],[127.008183,37.574472],[127.007781,37.574201],[127.006235,37.573691],[127.005881,37.573492],[127.005368,37.573297],[127.004477,37.572784],[127.004637,37.572633],[127.005526,37.572184],[127.00608,37.571812],[127.006233,37.571575],[127.006673,37.570112],[127.006908,37.569637],[127.010035,37.569776],[127.01002,37.570029],[127.009844,37.570028],[127.010019,37.570067],[127.010014,37.570193],[127.009878,37.570179],[127.009665,37.570939],[127.009885,37.571005],[127.009968,37.571178],[127.009924,37.571273],[127.009767,37.571386],[127.009653,37.57159],[127.009704,37.571938],[127.009594,37.571962],[127.009497,37.572238],[127.009305,37.572431],[127.008922,37.572626],[127.008816,37.572856],[127.008857,37.573118],[127.008831,37.573404],[127.008904,37.573646],[127.008808,37.573819],[127.008766,37.574044],[127.008905,37.574716],[127.008871,37.574835]]]}},{"type":"Feature","properties":{"dong":"11110_이화동","sgg_cd":"11110","emd_cd":"11110165","umd_nm":"이화동","gu_name":"종로구"},"geometry":{"type":"Polygon","coordinates":[[[127.008053,37.579199],[127.007022,37.579063],[127.006586,37.578813],[127.006512,37.578645],[127.006011,37.578369],[127.005522,37.578291],[127.004958,37.578064],[127.004141,37.578063],[127.004157,37.57754],[127.003272,37.577574],[127.003189,37.577525],[127.002261,37.577437],[127.002339,37.577261],[127.002633,37.577115],[127.002785,37.575951],[127.002933,37.575444],[127.00422,37.575761],[127.004389,37.575886],[127.005255,37.575969],[127.005828,37.576157],[127.006008,37.576277],[127.006399,37.576322],[127.006535,37.576439],[127.007065,37.576507],[127.007406,37.576628],[127.008559,37.576742],[127.008649,37.577188],[127.008318,37.577576],[127.008356,37.578071],[127.008055,37.578477],[127.00799,37.578645],[127.008053,37.579199]]]}},{"type":"Feature","properties":{"dong":"11110_연건동","sgg_cd":"11110","emd_cd":"11110166","umd_nm":"연건동","gu_name":"종로구"},"geometry":{"type":"Polygon","coordinates":[[[126.997519,37.582009],[126.996415,37.581099],[126.996354,37.580999],[126.996313,37.58066],[126.996632,37.578768],[126.997165,37.576917],[126.997475,37.576933],[126.997663,37.576979],[126.997639,37.577033],[126.997727,37.577054],[126.997895,37.576673],[126.998002,37.576694],[126.998084,37.576563],[126.99847,37.576674],[126.998409,37.576879],[126.998811,37.576952],[126.998844,37.576829],[126.998786,37.576818],[126.998807,37.57669],[126.99904,37.576412],[126.999145,37.576143],[126.999341,37.576123],[126.999416,37.576164],[126.999544,37.576125],[126.999599,37.576014],[126.999497,37.575973],[126.999959,37.575772],[127.000032,37.575848],[127.000167,37.575828],[127.0003,37.575875],[127.000418,37.576032],[127.000679,37.576056],[127.000689,37.575939],[127.000958,37.575887],[127.000995,37.576108],[127.001284,37.57608],[127.001269,37.57578],[127.001337,37.575554],[127.001366,37.574976],[127.00157,37.574965],[127.00173,37.575069],[127.001872,37.575073],[127.002406,37.575243],[127.003,37.575284],[127.002785,37.575951],[127.002633,37.577115],[127.002339,37.577261],[127.002272,37.577358],[127.002295,37.57838],[127.002137,37.579052],[127.002267,37.579437],[127.002251,37.580045],[127.002177,37.581099],[127.002055,37.581477],[127.001759,37.581415],[127.000689,37.581394],[127.000688,37.581338],[126.999856,37.581135],[126.999716,37.581235],[126.998761,37.581278],[126.997892,37.581208],[126.997795,37.581804],[126.99757,37.581929],[126.997597,37.58196],[126.997519,37.582009]]]}},{"type":"Feature","properties":{"dong":"11110_충신동","sgg_cd":"11110","emd_cd":"11110167","umd_nm":"충신동","gu_name":"종로구"},"geometry":{"type":"Polygon","coordinates":[[[127.008559,37.576742],[127.007406,37.576628],[127.007065,37.576507],[127.006535,37.576439],[127.006399,37.576322],[127.006008,37.576277],[127.005828,37.576157],[127.005255,37.575969],[127.004389,37.575886],[127.00422,37.575761],[127.002933,37.575444],[127.003271,37.574545],[127.003382,37.57437],[127.003901,37.57388],[127.00416,37.573564],[127.004477,37.572784],[127.005368,37.573297],[127.005881,37.573492],[127.006235,37.573691],[127.007781,37.574201],[127.008183,37.574472],[127.008233,37.574561],[127.008495,37.574707],[127.008871,37.574835],[127.008792,37.57513],[127.008416,37.575767],[127.008396,37.5761],[127.008578,37.576592],[127.008559,37.576742]]]}},{"type":"Feature","properties":{"dong":"11110_동숭동","sgg_cd":"11110","emd_cd":"11110168","umd_nm":"동숭동","gu_name":"종로구"},"geometry":{"type":"Polygon","coordinates":[[[127.001662,37.582901],[127.001757,37.582331],[127.002177,37.581099],[127.002267,37.579437],[127.002137,37.579052],[127.002295,37.57838],[127.002276,37.577439],[127.003189,37.577525],[127.003272,37.577574],[127.004157,37.57754],[127.004127,37.578057],[127.004958,37.578064],[127.005522,37.578291],[127.006011,37.578369],[127.006512,37.578645],[127.006586,37.578813],[127.007022,37.579063],[127.008053,37.579199],[127.008087,37.579384],[127.008472,37.579735],[127.008623,37.580021],[127.008638,37.580478],[127.008589,37.580644],[127.008441,37.580799],[127.008327,37.581057],[127.008009,37.581229],[127.0078,37.581505],[127.007479,37.581653],[127.007324,37.581865],[127.007021,37.582012],[127.006909,37.582224],[127.006753,37.582336],[127.007155,37.582904],[127.00726,37.583117],[127.007271,37.583333],[127.007195,37.583467],[127.006889,37.584703],[127.00699,37.584703],[127.006904,37.584917],[127.006998,37.585146],[127.007017,37.585353],[127.006887,37.585488],[127.006691,37.585523],[127.006625,37.585595],[127.006262,37.585335],[127.005851,37.585329],[127.005118,37.585675],[127.00492,37.585651],[127.004681,37.585772],[127.004541,37.585603],[127.004455,37.585334],[127.004213,37.585056],[127.004143,37.585032],[127.004075,37.584866],[127.003942,37.584769],[127.003931,37.58455],[127.003813,37.584492],[127.003428,37.584109],[127.003268,37.584084],[127.002885,37.583912],[127.002253,37.583309],[127.002052,37.583289],[127.001706,37.583168],[127.001662,37.582901]]]}},{"type":"Feature","properties":{"dong":"11110_혜화동","sgg_cd":"11110","emd_cd":"11110169","umd_nm":"혜화동","gu_name":"종로구"},"geometry":{"type":"Polygon","coordinates":[[[127.000953,37.592301],[127.000446,37.592298],[126.999901,37.592206],[126.999455,37.592223],[126.998691,37.592471],[126.998062,37.592401],[126.998071,37.59205],[126.997966,37.591634],[126.997989,37.591523],[126.998137,37.591458],[126.998166,37.59138],[126.998315,37.591332],[126.998327,37.591144],[126.998467,37.591074],[126.998506,37.590931],[126.998304,37.59034],[126.998401,37.590205],[126.998505,37.589876],[126.998808,37.589833],[126.999217,37.589597],[126.999977,37.586944],[127.000304,37.58645],[127.000423,37.586173],[127.00071,37.5848],[127.000816,37.584609],[127.001074,37.584393],[127.001379,37.58364],[127.001657,37.583426],[127.001706,37.583168],[127.002052,37.583289],[127.002253,37.583309],[127.002885,37.583912],[127.003268,37.584084],[127.003428,37.584109],[127.003813,37.584492],[127.003931,37.58455],[127.003942,37.584769],[127.004075,37.584866],[127.004143,37.585032],[127.004213,37.585056],[127.004455,37.585334],[127.004541,37.585603],[127.004681,37.585772],[127.00492,37.585651],[127.005118,37.585675],[127.005851,37.585329],[127.006262,37.585335],[127.006625,37.585595],[127.006721,37.586084],[127.006659,37.586217],[127.005985,37.58698],[127.005825,37.587051],[127.005464,37.587104],[127.004765,37.587134],[127.004379,37.587264],[127.004139,37.58768],[127.004002,37.587803],[127.003891,37.587747],[127.003988,37.587944],[127.003919,37.588032],[127.00369,37.588043],[127.003517,37.588145],[127.003472,37.588415],[127.003393,37.588569],[127.003284,37.588663],[127.002822,37.588772],[127.002344,37.589043],[127.002216,37.589172],[127.002147,37.589467],[127.002006,37.589684],[127.001821,37.589909],[127.001468,37.590149],[127.001463,37.590551],[127.001648,37.590875],[127.001783,37.591018],[127.001732,37.591352],[127.001445,37.591828],[127.000953,37.592301]]]}},{"type":"Feature","properties":{"dong":"11110_명륜1가","sgg_cd":"11110","emd_cd":"11110170","umd_nm":"명륜1가","gu_name":"종로구"},"geometry":{"type":"Polygon","coordinates":[[[127.00031,37.586436],[126.999977,37.586944],[126.999217,37.589597],[126.998808,37.589833],[126.998505,37.589876],[126.998401,37.590205],[126.998309,37.590289],[126.998506,37.590931],[126.998467,37.591074],[126.998327,37.591144],[126.998315,37.591332],[126.998166,37.59138],[126.998137,37.591458],[126.997989,37.591523],[126.997966,37.591634],[126.998071,37.59205],[126.998062,37.592401],[126.997428,37.592224],[126.996774,37.592218],[126.996427,37.592061],[126.995836,37.592212],[126.995354,37.592273],[126.994755,37.591664],[126.994474,37.591518],[126.994773,37.591135],[126.99498,37.591086],[126.995328,37.590907],[126.995566,37.59092],[126.995661,37.590767],[126.99563,37.590124],[126.995875,37.589795],[126.996011,37.589733],[126.996269,37.589218],[126.995859,37.588843],[126.995473,37.588383],[126.996396,37.587894],[126.996608,37.587681],[126.996648,37.587592],[126.996488,37.587351],[126.996474,37.587197],[126.996577,37.58698],[126.996591,37.586635],[126.996738,37.586272],[126.996931,37.585507],[126.99721,37.585717],[126.997153,37.585829],[126.997745,37.586252],[126.998115,37.586394],[126.998378,37.586346],[126.99901,37.586365],[126.999667,37.586135],[127.00031,37.586436]]]}},{"type":"Feature","properties":{"dong":"11110_명륜2가","sgg_cd":"11110","emd_cd":"11110171","umd_nm":"명륜2가","gu_name":"종로구"},"geometry":{"type":"Polygon","coordinates":[[[126.996931,37.585507],[126.997016,37.584918],[126.996944,37.584387],[126.997251,37.584187],[126.997532,37.583871],[126.998201,37.583399],[126.998323,37.583277],[126.998367,37.583049],[126.998625,37.582969],[126.998917,37.582794],[126.999253,37.582856],[127.000106,37.583237],[127.000984,37.583548],[127.001379,37.58364],[127.001074,37.584393],[127.000816,37.584609],[127.00071,37.5848],[127.000423,37.586173],[127.00031,37.586436],[126.999667,37.586135],[126.99901,37.586365],[126.998378,37.586346],[126.998115,37.586394],[126.997745,37.586252],[126.997153,37.585829],[126.99721,37.585717],[126.996931,37.585507]]]}},{"type":"Feature","properties":{"dong":"11110_명륜4가","sgg_cd":"11110","emd_cd":"11110172","umd_nm":"명륜4가","gu_name":"종로구"},"geometry":{"type":"Polygon","coordinates":[[[127.001379,37.58364],[127.000984,37.583548],[127.000106,37.583237],[126.999253,37.582856],[126.998917,37.582794],[126.998625,37.582969],[126.99838,37.583002],[126.998004,37.582765],[126.99783,37.582853],[126.997676,37.582808],[126.997715,37.582687],[126.997536,37.582619],[126.997745,37.582174],[126.997519,37.582009],[126.997597,37.58196],[126.99757,37.581929],[126.997795,37.581804],[126.997892,37.581208],[126.998761,37.581278],[126.999716,37.581235],[126.999856,37.581135],[127.000688,37.581338],[127.000689,37.581394],[127.001759,37.581415],[127.002055,37.581477],[127.001757,37.582331],[127.001662,37.582901],[127.001703,37.583317],[127.001542,37.583549],[127.001379,37.58364]]]}},{"type":"Feature","properties":{"dong":"11110_명륜3가","sgg_cd":"11110","emd_cd":"11110173","umd_nm":"명륜3가","gu_name":"종로구"},"geometry":{"type":"Polygon","coordinates":[[[126.997536,37.582619],[126.997715,37.582687],[126.997676,37.582808],[126.99783,37.582853],[126.998004,37.582765],[126.998428,37.583],[126.998367,37.583049],[126.998323,37.583277],[126.998201,37.583399],[126.997532,37.583871],[126.997251,37.584187],[126.996944,37.584387],[126.997016,37.584918],[126.996931,37.585507],[126.996738,37.586272],[126.996591,37.586635],[126.996577,37.58698],[126.996462,37.587283],[126.996648,37.587592],[126.996608,37.587681],[126.996396,37.587894],[126.995473,37.588383],[126.995859,37.588843],[126.996269,37.589218],[126.996011,37.589733],[126.995875,37.589795],[126.99563,37.590124],[126.995661,37.590767],[126.995566,37.59092],[126.995328,37.590907],[126.99498,37.591086],[126.994773,37.591135],[126.994474,37.591518],[126.99432,37.591443],[126.993859,37.591423],[126.993662,37.591493],[126.993589,37.591711],[126.992389,37.591988],[126.991991,37.591943],[126.99187,37.591857],[126.991656,37.591495],[126.991432,37.591411],[126.990809,37.591566],[126.98987,37.591481],[126.989363,37.591264],[126.989197,37.591268],[126.989101,37.591425],[126.989012,37.591341],[126.989179,37.590529],[126.989092,37.589825],[126.98902,37.589622],[126.988653,37.589623],[126.988428,37.589338],[126.988373,37.589138],[126.988055,37.58899],[126.987973,37.58872],[126.988006,37.588607],[126.98786,37.588434],[126.987734,37.588091],[126.987832,37.587863],[126.987695,37.587491],[126.987674,37.587259],[126.988191,37.587324],[126.988731,37.587607],[126.989374,37.587636],[126.989531,37.587491],[126.990428,37.587104],[126.993503,37.587327],[126.993405,37.58726],[126.993462,37.587191],[126.993428,37.587008],[126.993624,37.586725],[126.993486,37.586681],[126.993671,37.586495],[126.993928,37.585807],[126.994152,37.585493],[126.994579,37.585095],[126.994687,37.58489],[126.994832,37.584703],[126.994872,37.584731],[126.994832,37.584693],[126.995178,37.584256],[126.995834,37.583584],[126.995913,37.58362],[126.995997,37.58357],[126.99626,37.582841],[126.996361,37.58276],[126.99659,37.582774],[126.996887,37.582845],[126.996781,37.582902],[126.996872,37.582859],[126.997187,37.582926],[126.997395,37.582806],[126.997536,37.582619]]]}},{"type":"Feature","properties":{"dong":"11110_창신동","sgg_cd":"11110","emd_cd":"11110174","umd_nm":"창신동","gu_name":"종로구"},"geometry":{"type":"Polygon","coordinates":[[[127.00799,37.578645],[127.008055,37.578477],[127.008356,37.578071],[127.008318,37.577576],[127.008649,37.577188],[127.008638,37.576986],[127.008561,37.576766],[127.008578,37.576592],[127.008396,37.5761],[127.008416,37.575767],[127.008792,37.57513],[127.008905,37.574718],[127.008769,37.57413],[127.008808,37.573819],[127.008904,37.573646],[127.008831,37.573404],[127.008857,37.573118],[127.008816,37.572856],[127.008922,37.572626],[127.009305,37.572431],[127.009497,37.572238],[127.009594,37.571962],[127.009704,37.571938],[127.009653,37.57159],[127.009767,37.571386],[127.009924,37.571273],[127.009968,37.571178],[127.009885,37.571005],[127.009665,37.570939],[127.009878,37.570179],[127.010014,37.570193],[127.010019,37.570067],[127.009844,37.570028],[127.01002,37.570029],[127.010035,37.569776],[127.012107,37.569766],[127.013076,37.569692],[127.015383,37.569739],[127.016104,37.569797],[127.017111,37.569964],[127.017767,37.57029],[127.019017,37.571016],[127.018862,37.571201],[127.018004,37.571242],[127.017929,37.571199],[127.017138,37.571109],[127.016779,37.571115],[127.015752,37.571246],[127.015663,37.57136],[127.015693,37.57262],[127.015606,37.573238],[127.015667,37.574626],[127.015757,37.575305],[127.015552,37.576133],[127.015457,37.577621],[127.015341,37.577969],[127.015305,37.578862],[127.015433,37.578878],[127.015454,37.579025],[127.015377,37.579424],[127.015426,37.579568],[127.0154,37.579749],[127.015202,37.579821],[127.015349,37.580098],[127.015204,37.580233],[127.01509,37.580495],[127.014979,37.58057],[127.015009,37.580756],[127.014953,37.580825],[127.014964,37.581266],[127.014834,37.581708],[127.014733,37.582303],[127.014224,37.582096],[127.014119,37.58182],[127.013447,37.581633],[127.013246,37.58145],[127.01286,37.581386],[127.012084,37.581585],[127.011789,37.581574],[127.011126,37.581044],[127.010589,37.580254],[127.010031,37.580279],[127.008638,37.58046],[127.008623,37.580021],[127.008472,37.579735],[127.008087,37.579384],[127.00799,37.578645]]]}},{"type":"Feature","properties":{"dong":"11110_숭인동","sgg_cd":"11110","emd_cd":"11110175","umd_nm":"숭인동","gu_name":"종로구"},"geometry":{"type":"MultiPolygon","coordinates":[[[[127.014733,37.582303],[127.014834,37.581708],[127.014964,37.581266],[127.014953,37.580825],[127.015009,37.580756],[127.014979,37.58057],[127.01509,37.580495],[127.015204,37.580233],[127.015349,37.580098],[127.015202,37.579821],[127.0154,37.579749],[127.015426,37.579568],[127.015377,37.579424],[127.015454,37.579025],[127.015433,37.578878],[127.015305,37.578862],[127.015341,37.577969],[127.015457,37.577621],[127.015552,37.576133],[127.015757,37.575305],[127.015667,37.574626],[127.015606,37.573238],[127.015693,37.57262],[127.015663,37.57136],[127.015752,37.571246],[127.017138,37.571109],[127.017929,37.571199],[127.018004,37.571242],[127.01835,37.571245],[127.018862,37.571201],[127.019024,37.571013],[127.020754,37.571716],[127.021528,37.571925],[127.022443,37.57202],[127.023101,37.571967],[127.023362,37.571896],[127.023209,37.575852],[127.023209,37.575889],[127.023241,37.575852],[127.023311,37.575893],[127.023264,37.575946],[127.023207,37.575929],[127.023211,37.576744],[127.023136,37.578029],[127.022973,37.577826],[127.022883,37.577827],[127.022522,37.578084],[127.022757,37.578335],[127.022513,37.578443],[127.02233,37.578632],[127.021981,37.578746],[127.021824,37.578863],[127.021481,37.578854],[127.020896,37.578699],[127.019371,37.57808],[127.0195,37.577908],[127.019189,37.577816],[127.019187,37.577761],[127.018915,37.577657],[127.018769,37.57752],[127.018439,37.577683],[127.018121,37.577589],[127.017878,37.577918],[127.017767,37.57796],[127.017843,37.577962],[127.017693,37.57814],[127.017772,37.578299],[127.018176,37.578612],[127.0183,37.579032],[127.017974,37.579517],[127.017546,37.579732],[127.017303,37.580264],[127.017276,37.580554],[127.017147,37.580713],[127.016885,37.580861],[127.016952,37.581017],[127.016825,37.581215],[127.016849,37.581431],[127.016734,37.581692],[127.016386,37.581937],[127.015613,37.581781],[127.015406,37.581823],[127.015352,37.581849],[127.015313,37.581986],[127.015068,37.582156],[127.014996,37.582152],[127.014812,37.582334],[127.014733,37.582303]]],[[[127.023182,37.578073],[127.02327,37.578021],[127.023286,37.577987],[127.023256,37.578138],[127.023182,37.578073]]]]}},{"type":"Feature","properties":{"dong":"11110_교남동","sgg_cd":"11110","emd_cd":"11110176","umd_nm":"교남동","gu_name":"종로구"},"geometry":{"type":"Polygon","coordinates":[[[126.964,37.569917],[126.963658,37.569951],[126.963216,37.569838],[126.962913,37.569683],[126.964,37.568635],[126.965575,37.566912],[126.965842,37.567104],[126.965778,37.567196],[126.965822,37.567229],[126.965865,37.567201],[126.966005,37.567315],[126.965546,37.567783],[126.965171,37.568291],[126.964224,37.569021],[126.964123,37.569233],[126.964088,37.569802],[126.964,37.569917]]]}},{"type":"Feature","properties":{"dong":"11110_평동","sgg_cd":"11110","emd_cd":"11110177","umd_nm":"평동","gu_name":"종로구"},"geometry":{"type":"Polygon","coordinates":[[[126.966581,37.569521],[126.966114,37.569201],[126.965673,37.569086],[126.965552,37.568897],[126.965306,37.568846],[126.965058,37.568968],[126.964536,37.568753],[126.965171,37.568291],[126.965546,37.567783],[126.966005,37.567315],[126.965865,37.567201],[126.965822,37.567229],[126.965778,37.567196],[126.965842,37.567104],[126.965575,37.566912],[126.966698,37.565821],[126.969101,37.568247],[126.968995,37.568345],[126.968743,37.568308],[126.968582,37.568352],[126.967941,37.569181],[126.967708,37.569259],[126.967492,37.569231],[126.966985,37.569304],[126.966808,37.56935],[126.966581,37.569521]]]}},{"type":"Feature","properties":{"dong":"11110_송월동","sgg_cd":"11110","emd_cd":"11110178","umd_nm":"송월동","gu_name":"종로구"},"geometry":{"type":"Polygon","coordinates":[[[126.966581,37.569521],[126.966459,37.569692],[126.96612,37.569928],[126.966085,37.570163],[126.965925,37.570531],[126.965903,37.57073],[126.966239,37.571342],[126.966188,37.571457],[126.966016,37.571602],[126.965903,37.571556],[126.965523,37.571582],[126.965014,37.571505],[126.965171,37.571205],[126.965087,37.57112],[126.964908,37.571075],[126.964816,37.571101],[126.964622,37.570937],[126.964528,37.570965],[126.964546,37.570907],[126.964691,37.570855],[126.964604,37.570798],[126.96463,37.570724],[126.964511,37.570679],[126.964419,37.57053],[126.964081,37.570293],[126.964206,37.570219],[126.964001,37.569949],[126.964088,37.569802],[126.964123,37.569233],[126.964224,37.569021],[126.964536,37.568753],[126.965058,37.568968],[126.965306,37.568846],[126.965552,37.568897],[126.965673,37.569086],[126.966114,37.569201],[126.966581,37.569521]]]}},{"type":"Feature","properties":{"dong":"11110_홍파동","sgg_cd":"11110","emd_cd":"11110179","umd_nm":"홍파동","gu_name":"종로구"},"geometry":{"type":"Polygon","coordinates":[[[126.96255,37.571545],[126.962514,37.571459],[126.962274,37.571298],[126.962539,37.57104],[126.962746,37.570438],[126.962881,37.570464],[126.963175,37.569814],[126.963658,37.569951],[126.964,37.569917],[126.964206,37.570219],[126.964081,37.570293],[126.964419,37.57053],[126.964511,37.570679],[126.96463,37.570724],[126.964604,37.570798],[126.964691,37.570855],[126.964507,37.570945],[126.96455,37.570977],[126.964622,37.570937],[126.964816,37.571101],[126.964908,37.571075],[126.965087,37.57112],[126.965171,37.571205],[126.965014,37.571505],[126.965489,37.57158],[126.965758,37.571545],[126.965997,37.571588],[126.965581,37.572005],[126.965457,37.572438],[126.965257,37.572417],[126.96513,37.572499],[126.965015,37.572347],[126.964999,37.572212],[126.964874,37.572166],[126.964719,37.572208],[126.964578,37.572025],[126.964243,37.57192],[126.963982,37.571976],[126.963722,37.571433],[126.96358,37.571512],[126.962977,37.571648],[126.96255,37.571545]]]}},{"type":"Feature","properties":{"dong":"11110_교북동","sgg_cd":"11110","emd_cd":"11110180","umd_nm":"교북동","gu_name":"종로구"},"geometry":{"type":"Polygon","coordinates":[[[126.95982,37.573155],[126.959717,37.573165],[126.959406,37.57305],[126.96291,37.569685],[126.963175,37.569814],[126.962881,37.570464],[126.962746,37.570438],[126.962539,37.57104],[126.962274,37.571298],[126.962514,37.571459],[126.96255,37.571545],[126.962174,37.571624],[126.961936,37.571742],[126.961134,37.572404],[126.96065,37.572624],[126.95982,37.573155]]]}},{"type":"Feature","properties":{"dong":"11110_행촌동","sgg_cd":"11110","emd_cd":"11110181","umd_nm":"행촌동","gu_name":"종로구"},"geometry":{"type":"Polygon","coordinates":[[[126.962864,37.577534],[126.962422,37.577139],[126.962368,37.576842],[126.962238,37.576783],[126.962074,37.57636],[126.962008,37.576291],[126.962088,37.576138],[126.962058,37.575956],[126.961943,37.575724],[126.961963,37.575425],[126.961813,37.575196],[126.961767,37.575013],[126.96186,37.574753],[126.961553,37.574453],[126.961167,37.574213],[126.960961,37.574018],[126.960792,37.573619],[126.960593,37.573351],[126.960352,37.57338],[126.960024,37.573332],[126.959888,37.573265],[126.95982,37.573155],[126.96065,37.572624],[126.961134,37.572404],[126.961781,37.571844],[126.962174,37.571624],[126.96255,37.571545],[126.962977,37.571648],[126.96358,37.571512],[126.963722,37.571433],[126.963982,37.571976],[126.964243,37.57192],[126.964578,37.572025],[126.964719,37.572208],[126.964874,37.572166],[126.964999,37.572212],[126.965015,37.572347],[126.96513,37.572499],[126.965257,37.572417],[126.965452,37.572438],[126.965234,37.572816],[126.964946,37.572909],[126.964608,37.572945],[126.964425,37.57306],[126.964134,37.573455],[126.963549,37.574033],[126.963579,37.57446],[126.963467,37.575224],[126.963382,37.575509],[126.963109,37.575941],[126.963096,37.576245],[126.962974,37.576386],[126.962931,37.576579],[126.963077,37.577022],[126.962864,37.577534]]]}},{"type":"Feature","properties":{"dong":"11110_구기동","sgg_cd":"11110","emd_cd":"11110182","umd_nm":"구기동","gu_name":"종로구"},"geometry":{"type":"Polygon","coordinates":[[[126.953988,37.604751],[126.954423,37.604574],[126.954529,37.604595],[126.954701,37.604524],[126.954865,37.604296],[126.955134,37.604152],[126.955301,37.603931],[126.955459,37.603808],[126.955483,37.603728],[126.955709,37.603584],[126.955959,37.603539],[126.956282,37.603713],[126.956438,37.603653],[126.95656,37.603729],[126.957187,37.603902],[126.957341,37.604073],[126.957461,37.603974],[126.957877,37.603851],[126.958061,37.6036],[126.958187,37.603525],[126.958343,37.603561],[126.958691,37.603751],[126.958736,37.603826],[126.958609,37.603981],[126.958535,37.604193],[126.958598,37.604395],[126.958584,37.604521],[126.958656,37.604624],[126.959764,37.604855],[126.959823,37.604791],[126.959827,37.604601],[126.959958,37.604601],[126.959897,37.604878],[126.959838,37.604967],[126.959741,37.605004],[126.959641,37.605197],[126.959684,37.605606],[126.960222,37.606055],[126.960451,37.606335],[126.960664,37.606729],[126.960992,37.606931],[126.961197,37.606874],[126.961301,37.606896],[126.961423,37.606958],[126.96145,37.607069],[126.962078,37.607233],[126.962111,37.607354],[126.962415,37.607605],[126.962477,37.607718],[126.962487,37.607871],[126.962056,37.608155],[126.962037,37.608248],[126.96208,37.608322],[126.96201,37.608457],[126.962333,37.609924],[126.96254,37.610409],[126.962139,37.610701],[126.962029,37.611506],[126.96269,37.612101],[126.962591,37.612623],[126.963108,37.613508],[126.963638,37.613995],[126.964087,37.61496],[126.964682,37.615862],[126.964745,37.616788],[126.96493,37.617433],[126.964809,37.618341],[126.964807,37.619195],[126.965329,37.620087],[126.96521,37.620757],[126.965335,37.621576],[126.965665,37.622171],[126.965988,37.623594],[126.966621,37.624341],[126.968163,37.624922],[126.968977,37.625638],[126.970485,37.62552],[126.971362,37.625921],[126.972735,37.625946],[126.973656,37.626431],[126.974371,37.627299],[126.974965,37.629025],[126.974681,37.629805],[126.975085,37.631183],[126.975388,37.631733],[126.974453,37.63198],[126.973672,37.632031],[126.973029,37.632374],[126.971327,37.631618],[126.970582,37.631485],[126.969388,37.631016],[126.968235,37.63073],[126.967653,37.630743],[126.966801,37.630688],[126.966047,37.630815],[126.965228,37.630768],[126.964331,37.63036],[126.963767,37.629793],[126.961439,37.629959],[126.958814,37.629589],[126.957446,37.629159],[126.956748,37.628622],[126.956416,37.628234],[126.955695,37.628232],[126.955219,37.628139],[126.95406,37.62736],[126.953506,37.627378],[126.952754,37.627056],[126.952024,37.626873],[126.951605,37.626545],[126.950454,37.626418],[126.949,37.624335],[126.948898,37.623262],[126.949227,37.622358],[126.949889,37.6209],[126.949928,37.620614],[126.949911,37.61992],[126.949838,37.619584],[126.949854,37.618762],[126.950155,37.617655],[126.950469,37.616099],[126.950724,37.615538],[126.950592,37.615137],[126.950797,37.613849],[126.950732,37.613528],[126.950478,37.61287],[126.949829,37.611656],[126.950379,37.610633],[126.950322,37.609128],[126.950575,37.608875],[126.950621,37.608363],[126.951477,37.60802],[126.951771,37.607402],[126.952261,37.606907],[126.952606,37.606677],[126.95274,37.60631],[126.95272,37.605921],[126.953113,37.605506],[126.954077,37.605074],[126.953988,37.604751]]]}},{"type":"Feature","properties":{"dong":"11110_평창동","sgg_cd":"11110","emd_cd":"11110183","umd_nm":"평창동","gu_name":"종로구"},"geometry":{"type":"Polygon","coordinates":[[[126.961732,37.607138],[126.962534,37.605752],[126.962649,37.605713],[126.962809,37.605525],[126.962754,37.605225],[126.962803,37.605096],[126.962973,37.604993],[126.962913,37.604851],[126.963112,37.604577],[126.963161,37.604051],[126.964033,37.604028],[126.964129,37.603617],[126.964208,37.603522],[126.964422,37.60341],[126.964631,37.603469],[126.96472,37.603433],[126.964999,37.602937],[126.964922,37.602785],[126.965478,37.601939],[126.965564,37.601985],[126.965832,37.601578],[126.966307,37.60121],[126.966551,37.601236],[126.966996,37.601463],[126.967475,37.60163],[126.96768,37.601456],[126.968147,37.601344],[126.968351,37.601165],[126.968575,37.600734],[126.969047,37.600602],[126.969254,37.600642],[126.969368,37.600746],[126.969609,37.60063],[126.969897,37.600722],[126.971074,37.600781],[126.971463,37.601035],[126.97162,37.601009],[126.971934,37.600702],[126.97229,37.600199],[126.9728,37.599957],[126.973772,37.599809],[126.97415,37.599573],[126.974606,37.599442],[126.976184,37.599377],[126.976448,37.599116],[126.976807,37.598956],[126.977198,37.598648],[126.977413,37.599116],[126.977413,37.599391],[126.977685,37.600224],[126.977941,37.600306],[126.978214,37.600742],[126.978522,37.600992],[126.979238,37.601036],[126.979535,37.601218],[126.979832,37.60125],[126.980163,37.601449],[126.9805,37.601458],[126.980684,37.60161],[126.982596,37.602242],[126.982867,37.602128],[126.983963,37.603219],[126.984325,37.603126],[126.984725,37.603381],[126.98574,37.603455],[126.985898,37.603631],[126.986661,37.604008],[126.986787,37.604518],[126.986658,37.605053],[126.986756,37.606087],[126.986303,37.606513],[126.986364,37.606875],[126.986097,37.607394],[126.986238,37.607736],[126.986688,37.608298],[126.986822,37.608874],[126.986296,37.609154],[126.985865,37.60947],[126.985836,37.610515],[126.985791,37.610896],[126.985658,37.611363],[126.986199,37.612981],[126.986146,37.613214],[126.986445,37.613563],[126.986588,37.613986],[126.985423,37.615145],[126.985162,37.615515],[126.984547,37.616017],[126.984408,37.61689],[126.983731,37.617774],[126.983164,37.619274],[126.98317,37.620225],[126.983651,37.621151],[126.981848,37.624314],[126.980902,37.625391],[126.979603,37.626371],[126.979854,37.627455],[126.98019,37.627933],[126.979932,37.628551],[126.979528,37.628893],[126.978419,37.62929],[126.976192,37.629086],[126.974965,37.629025],[126.974371,37.627299],[126.973656,37.626431],[126.972735,37.625946],[126.971362,37.625921],[126.970485,37.62552],[126.968977,37.625638],[126.968163,37.624922],[126.966621,37.624341],[126.966536,37.624264],[126.965988,37.623594],[126.965665,37.622171],[126.965335,37.621576],[126.96521,37.620757],[126.965329,37.620087],[126.964807,37.619195],[126.964809,37.618341],[126.96493,37.617433],[126.964745,37.616788],[126.964682,37.615862],[126.964087,37.61496],[126.963638,37.613995],[126.963108,37.613508],[126.962591,37.612623],[126.96269,37.612101],[126.962029,37.611506],[126.962139,37.610701],[126.96254,37.610409],[126.962333,37.609924],[126.96201,37.608457],[126.96208,37.608322],[126.962037,37.608248],[126.962056,37.608155],[126.962487,37.607871],[126.962477,37.607718],[126.962392,37.607582],[126.962111,37.607354],[126.962078,37.607233],[126.961732,37.607138]]]}},{"type":"Feature","properties":{"dong":"11110_부암동","sgg_cd":"11110","emd_cd":"11110184","umd_nm":"부암동","gu_name":"종로구"},"geometry":{"type":"Polygon","coordinates":[[[126.961158,37.599484],[126.960987,37.59937],[126.960887,37.599168],[126.960763,37.599116],[126.960728,37.599023],[126.960413,37.598873],[126.960412,37.59855],[126.960321,37.598462],[126.960348,37.598381],[126.960261,37.598156],[126.96035,37.597962],[126.960257,37.597531],[126.960291,37.597481],[126.959941,37.596909],[126.959589,37.596884],[126.959429,37.596788],[126.959203,37.596755],[126.958712,37.596374],[126.958655,37.595847],[126.959067,37.595017],[126.959046,37.594781],[126.958874,37.594556],[126.958661,37.594452],[126.958556,37.59418],[126.958096,37.593931],[126.957529,37.593507],[126.957528,37.593031],[126.957822,37.59256],[126.957811,37.591464],[126.957468,37.590047],[126.957454,37.589519],[126.957319,37.588696],[126.957457,37.587853],[126.957365,37.58697],[126.957449,37.586016],[126.957809,37.584982],[126.958592,37.585733],[126.958871,37.585951],[126.959185,37.586095],[126.95948,37.586007],[126.959704,37.586045],[126.960344,37.586296],[126.960509,37.586257],[126.960771,37.586324],[126.961666,37.586651],[126.961988,37.58684],[126.962247,37.586909],[126.962392,37.587034],[126.962323,37.587189],[126.962399,37.587521],[126.962948,37.58783],[126.963173,37.587863],[126.963507,37.58826],[126.963566,37.588466],[126.964239,37.589136],[126.964243,37.589339],[126.964143,37.589578],[126.964112,37.58998],[126.964328,37.590316],[126.964576,37.590969],[126.96469,37.591119],[126.965005,37.591335],[126.96516,37.59139],[126.965732,37.591411],[126.965931,37.591458],[126.966035,37.591551],[126.966318,37.591877],[126.966384,37.59208],[126.966388,37.592361],[126.966456,37.592562],[126.966503,37.592555],[126.966518,37.592603],[126.96633,37.592702],[126.966337,37.592825],[126.966396,37.5928],[126.966588,37.592972],[126.967322,37.593241],[126.968044,37.593591],[126.968242,37.59359],[126.968922,37.593362],[126.969614,37.593499],[126.969842,37.593473],[126.970112,37.593511],[126.970475,37.593635],[126.97079,37.593876],[126.970983,37.593828],[126.971141,37.593699],[126.971547,37.593681],[126.971894,37.593875],[126.972613,37.59368],[126.973314,37.59323],[126.973587,37.59327],[126.973602,37.593364],[126.974116,37.593842],[126.974248,37.594129],[126.974566,37.594398],[126.974618,37.594533],[126.975151,37.594757],[126.975154,37.594994],[126.975037,37.595734],[126.975091,37.59583],[126.975537,37.596029],[126.975883,37.596548],[126.975971,37.596831],[126.976202,37.597152],[126.97656,37.597494],[126.976684,37.597719],[126.976417,37.598036],[126.976556,37.598089],[126.97672,37.5979],[126.977145,37.59845],[126.977198,37.598648],[126.976807,37.598956],[126.976448,37.599116],[126.976184,37.599377],[126.974606,37.599442],[126.97415,37.599573],[126.973772,37.599809],[126.9728,37.599957],[126.97229,37.600199],[126.971934,37.600702],[126.97162,37.601009],[126.971463,37.601035],[126.971074,37.600781],[126.969897,37.600722],[126.969609,37.60063],[126.969368,37.600746],[126.969254,37.600642],[126.969047,37.600602],[126.968575,37.600734],[126.968351,37.601165],[126.968147,37.601344],[126.96768,37.601456],[126.967475,37.60163],[126.966996,37.601463],[126.966551,37.601236],[126.966307,37.60121],[126.965832,37.601578],[126.965564,37.601985],[126.965398,37.601848],[126.964889,37.601929],[126.964806,37.601863],[126.964914,37.601797],[126.964832,37.601611],[126.964885,37.601586],[126.964913,37.60148],[126.964835,37.601486],[126.964969,37.60071],[126.965246,37.60052],[126.96548,37.600164],[126.965318,37.599111],[126.964933,37.599007],[126.964816,37.599076],[126.964259,37.599123],[126.963673,37.599031],[126.963572,37.599065],[126.96334,37.598961],[126.963081,37.599076],[126.962978,37.599004],[126.96276,37.599067],[126.962646,37.599151],[126.962171,37.599164],[126.961534,37.599375],[126.961327,37.599386],[126.961158,37.599484]]]}},{"type":"Feature","properties":{"dong":"11110_홍지동","sgg_cd":"11110","emd_cd":"11110185","umd_nm":"홍지동","gu_name":"종로구"},"geometry":{"type":"Polygon","coordinates":[[[126.953988,37.604751],[126.953764,37.604492],[126.953654,37.604271],[126.953512,37.603723],[126.953274,37.603202],[126.952937,37.602947],[126.952744,37.602623],[126.952521,37.602445],[126.952621,37.602271],[126.952708,37.601803],[126.952628,37.601564],[126.952749,37.601171],[126.952992,37.600872],[126.953061,37.600639],[126.953375,37.600377],[126.953511,37.600089],[126.953466,37.5997],[126.953532,37.599468],[126.953125,37.598887],[126.953176,37.598713],[126.953332,37.598545],[126.953611,37.598513],[126.954025,37.598676],[126.954054,37.598795],[126.954151,37.598859],[126.954254,37.599028],[126.954518,37.599067],[126.954995,37.59924],[126.955513,37.599199],[126.956124,37.599015],[126.956686,37.598685],[126.956703,37.598795],[126.956774,37.598743],[126.956726,37.598684],[126.956741,37.598535],[126.957292,37.598491],[126.957692,37.598333],[126.95801,37.598109],[126.95825,37.597749],[126.95837,37.597135],[126.958524,37.596673],[126.958712,37.596374],[126.959203,37.596755],[126.959429,37.596788],[126.959589,37.596884],[126.959941,37.596909],[126.960291,37.597481],[126.960257,37.597531],[126.96035,37.597962],[126.960261,37.598156],[126.960348,37.598381],[126.960321,37.598462],[126.960412,37.59855],[126.960413,37.598873],[126.960728,37.599023],[126.960763,37.599116],[126.960887,37.599168],[126.960987,37.59937],[126.961158,37.599484],[126.96035,37.599964],[126.960035,37.600249],[126.959946,37.600402],[126.959792,37.600422],[126.959677,37.600564],[126.959675,37.600655],[126.959392,37.600972],[126.959417,37.601008],[126.959319,37.601068],[126.959304,37.601148],[126.95918,37.601151],[126.958913,37.601263],[126.959054,37.60133],[126.959049,37.601414],[126.959209,37.601497],[126.959346,37.601487],[126.959338,37.601553],[126.959164,37.601571],[126.95912,37.60168],[126.95892,37.601649],[126.958734,37.601708],[126.958688,37.601812],[126.958353,37.601889],[126.958224,37.602071],[126.958092,37.602489],[126.958119,37.602655],[126.958191,37.602715],[126.958205,37.602891],[126.958315,37.603061],[126.958312,37.603184],[126.9582,37.603365],[126.958187,37.603525],[126.958061,37.6036],[126.957877,37.603851],[126.957461,37.603974],[126.957341,37.604073],[126.957187,37.603902],[126.95656,37.603729],[126.956438,37.603653],[126.956282,37.603713],[126.955959,37.603539],[126.955709,37.603584],[126.955483,37.603728],[126.955459,37.603808],[126.955301,37.603931],[126.955134,37.604152],[126.954865,37.604296],[126.954701,37.604524],[126.954529,37.604595],[126.954423,37.604574],[126.953988,37.604751]]]}},{"type":"Feature","properties":{"dong":"11110_신영동","sgg_cd":"11110","emd_cd":"11110186","umd_nm":"신영동","gu_name":"종로구"},"geometry":{"type":"Polygon","coordinates":[[[126.961732,37.607138],[126.96145,37.607069],[126.961423,37.606958],[126.961301,37.606896],[126.961197,37.606874],[126.960992,37.606931],[126.960664,37.606729],[126.960449,37.606332],[126.960147,37.60597],[126.959701,37.605639],[126.959632,37.605364],[126.959641,37.605197],[126.959741,37.605004],[126.959838,37.604967],[126.959897,37.604878],[126.959958,37.604601],[126.959827,37.604601],[126.959823,37.604791],[126.959764,37.604855],[126.958815,37.60467],[126.958609,37.604586],[126.958544,37.604118],[126.958736,37.603826],[126.958691,37.603751],[126.958431,37.603605],[126.958187,37.603525],[126.9582,37.603365],[126.958312,37.603184],[126.958315,37.603061],[126.958205,37.602891],[126.958191,37.602715],[126.958119,37.602655],[126.958092,37.602489],[126.958224,37.602071],[126.958353,37.601889],[126.958688,37.601812],[126.958734,37.601708],[126.95892,37.601649],[126.95912,37.60168],[126.959164,37.601571],[126.959338,37.601553],[126.959346,37.601487],[126.959209,37.601497],[126.959049,37.601414],[126.959054,37.60133],[126.958913,37.601263],[126.95918,37.601151],[126.959304,37.601148],[126.959319,37.601068],[126.959417,37.601008],[126.959392,37.600972],[126.959675,37.600655],[126.959677,37.600564],[126.959792,37.600422],[126.959946,37.600402],[126.960035,37.600249],[126.96035,37.599964],[126.961327,37.599386],[126.961534,37.599375],[126.962171,37.599164],[126.962646,37.599151],[126.96276,37.599067],[126.962978,37.599004],[126.963081,37.599076],[126.96334,37.598961],[126.963572,37.599065],[126.963673,37.599031],[126.964259,37.599123],[126.964816,37.599076],[126.964933,37.599007],[126.965318,37.599111],[126.96548,37.600164],[126.965246,37.60052],[126.964969,37.60071],[126.964835,37.601486],[126.964913,37.60148],[126.964885,37.601586],[126.964832,37.601611],[126.964914,37.601797],[126.964806,37.601863],[126.964889,37.601929],[126.965398,37.601848],[126.965478,37.601939],[126.965417,37.602084],[126.964922,37.602785],[126.964999,37.602937],[126.96472,37.603433],[126.964631,37.603469],[126.964422,37.60341],[126.964208,37.603522],[126.964129,37.603617],[126.964033,37.604028],[126.963161,37.604051],[126.963112,37.604577],[126.962913,37.604851],[126.962973,37.604993],[126.962803,37.605096],[126.962754,37.605225],[126.962809,37.605525],[126.962649,37.605713],[126.962534,37.605752],[126.961732,37.607138]]]}},{"type":"Feature","properties":{"dong":"11110_무악동","sgg_cd":"11110","emd_cd":"11110187","umd_nm":"무악동","gu_name":"종로구"},"geometry":{"type":"Polygon","coordinates":[[[126.962864,37.577534],[126.962652,37.577652],[126.962294,37.577762],[126.962231,37.577688],[126.961215,37.578424],[126.961036,37.578862],[126.960421,37.579263],[126.960055,37.579721],[126.959751,37.580006],[126.959313,37.580279],[126.958713,37.580501],[126.958515,37.580532],[126.958191,37.580529],[126.95806,37.580444],[126.957827,37.580431],[126.95761,37.580349],[126.957283,37.580141],[126.957263,37.579842],[126.957202,37.579819],[126.955678,37.579684],[126.955231,37.579426],[126.955107,37.579296],[126.95398,37.578955],[126.95363,37.578818],[126.953558,37.578748],[126.954671,37.577508],[126.954706,37.577399],[126.955449,37.576544],[126.955634,37.576594],[126.956373,37.575681],[126.958338,37.574098],[126.959406,37.57305],[126.959717,37.573165],[126.95982,37.573155],[126.959888,37.573265],[126.960024,37.573332],[126.960352,37.57338],[126.960593,37.573351],[126.960792,37.573619],[126.960961,37.574018],[126.961167,37.574213],[126.961553,37.574453],[126.96186,37.574753],[126.961767,37.575013],[126.961813,37.575196],[126.961963,37.575425],[126.961943,37.575724],[126.962058,37.575956],[126.962088,37.576138],[126.962008,37.576291],[126.962074,37.57636],[126.962238,37.576783],[126.962368,37.576842],[126.962422,37.577139],[126.962864,37.577534]]]}},{"type":"Feature","properties":{"dong":"11140_무교동","sgg_cd":"11140","emd_cd":"11140101","umd_nm":"무교동","gu_name":"중구"},"geometry":{"type":"Polygon","coordinates":[[[126.978278,37.568039],[126.978617,37.567561],[126.978687,37.567588],[126.978719,37.567519],[126.978459,37.567237],[126.978614,37.567119],[126.978769,37.567037],[126.978875,37.567059],[126.9789,37.566969],[126.979209,37.566977],[126.979207,37.566916],[126.979787,37.566911],[126.979813,37.568569],[126.979872,37.569035],[126.9779,37.569206],[126.977844,37.568937],[126.978214,37.568186],[126.978349,37.568073],[126.978278,37.568039]]]}},{"type":"Feature","properties":{"dong":"11140_다동","sgg_cd":"11140","emd_cd":"11140102","umd_nm":"다동","gu_name":"중구"},"geometry":{"type":"Polygon","coordinates":[[[126.98098,37.566848],[126.98171,37.566714],[126.982475,37.566736],[126.982524,37.568761],[126.982579,37.569026],[126.982028,37.569049],[126.980979,37.568981],[126.979872,37.569035],[126.979813,37.568569],[126.979787,37.566911],[126.98098,37.566848]]]}},{"type":"Feature","properties":{"dong":"11140_태평로1가","sgg_cd":"11140","emd_cd":"11140103","umd_nm":"태평로1가","gu_name":"중구"},"geometry":{"type":"Polygon","coordinates":[[[126.978332,37.567895],[126.978278,37.568039],[126.978349,37.568073],[126.978214,37.568186],[126.977844,37.568937],[126.9779,37.569206],[126.977581,37.569311],[126.977573,37.569257],[126.976445,37.569239],[126.976377,37.569486],[126.976189,37.569476],[126.975825,37.569359],[126.975797,37.569406],[126.975663,37.56938],[126.97571,37.569246],[126.975766,37.569226],[126.975695,37.568874],[126.97578,37.568828],[126.975743,37.568775],[126.975877,37.568722],[126.975523,37.568233],[126.975693,37.567708],[126.97645,37.567127],[126.976721,37.566709],[126.976909,37.56679],[126.977002,37.566754],[126.977002,37.566681],[126.977171,37.566681],[126.977248,37.566258],[126.977633,37.565793],[126.978015,37.56564],[126.978411,37.56618],[126.978686,37.566178],[126.978778,37.566248],[126.978942,37.566243],[126.97898,37.566405],[126.979063,37.566464],[126.979061,37.566795],[126.979207,37.566907],[126.979209,37.566977],[126.9789,37.566969],[126.978875,37.567059],[126.978769,37.567037],[126.978459,37.567237],[126.978719,37.567519],[126.978687,37.567588],[126.978617,37.567561],[126.978453,37.567802],[126.978332,37.567895]]]}},{"type":"Feature","properties":{"dong":"11140_을지로1가","sgg_cd":"11140","emd_cd":"11140104","umd_nm":"을지로1가","gu_name":"중구"},"geometry":{"type":"Polygon","coordinates":[[[126.981705,37.565045],[126.981986,37.564904],[126.982212,37.564882],[126.982477,37.565943],[126.983089,37.565944],[126.983098,37.566165],[126.982458,37.566159],[126.982475,37.566736],[126.98171,37.566714],[126.980919,37.566853],[126.979207,37.566916],[126.979061,37.566795],[126.979063,37.566464],[126.97898,37.566405],[126.978972,37.566275],[126.978778,37.566248],[126.978686,37.566178],[126.978411,37.56618],[126.978015,37.56564],[126.978411,37.565491],[126.978674,37.565462],[126.978738,37.565557],[126.978984,37.565363],[126.978942,37.565371],[126.978868,37.565239],[126.979239,37.565072],[126.979472,37.565301],[126.97972,37.565436],[126.980015,37.56539],[126.980089,37.565221],[126.980219,37.565208],[126.980223,37.565162],[126.980444,37.565187],[126.980443,37.565237],[126.980514,37.565262],[126.98098,37.565277],[126.981705,37.565045]]]}},{"type":"Feature","properties":{"dong":"11140_을지로2가","sgg_cd":"11140","emd_cd":"11140105","umd_nm":"을지로2가","gu_name":"중구"},"geometry":{"type":"Polygon","coordinates":[[[126.982691,37.564402],[126.984349,37.564509],[126.984313,37.564852],[126.984731,37.564801],[126.984762,37.564722],[126.98498,37.564746],[126.984964,37.564805],[126.985273,37.564855],[126.985217,37.56497],[126.985324,37.565261],[126.985705,37.565251],[126.985669,37.565203],[126.986531,37.564954],[126.986639,37.565138],[126.986859,37.565361],[126.9874,37.565682],[126.987782,37.565803],[126.987771,37.56521],[126.987911,37.565252],[126.988274,37.565211],[126.988315,37.565393],[126.988478,37.565371],[126.988506,37.565289],[126.988708,37.565245],[126.989148,37.565254],[126.989104,37.565608],[126.989526,37.565742],[126.989762,37.565749],[126.989759,37.565512],[126.989808,37.565509],[126.989806,37.56609],[126.989736,37.566284],[126.989678,37.566765],[126.987495,37.566701],[126.987511,37.566848],[126.987332,37.566842],[126.987329,37.566792],[126.985685,37.566798],[126.985685,37.566993],[126.985228,37.56698],[126.984981,37.566861],[126.984872,37.566898],[126.984878,37.566981],[126.984441,37.567022],[126.984315,37.566706],[126.984066,37.566788],[126.98401,37.566742],[126.983859,37.566741],[126.983855,37.566785],[126.983722,37.566805],[126.983687,37.566731],[126.983107,37.566717],[126.983086,37.565624],[126.982986,37.565173],[126.982691,37.564402]]]}},{"type":"Feature","properties":{"dong":"11140_남대문로1가","sgg_cd":"11140","emd_cd":"11140106","umd_nm":"남대문로1가","gu_name":"중구"},"geometry":{"type":"Polygon","coordinates":[[[126.983098,37.566165],[126.983116,37.566906],[126.983165,37.566945],[126.98309,37.567103],[126.983108,37.567519],[126.983364,37.567586],[126.983418,37.567545],[126.983737,37.56767],[126.983662,37.567909],[126.9834,37.567852],[126.983136,37.567856],[126.983142,37.568535],[126.983194,37.568904],[126.982579,37.569026],[126.982524,37.568761],[126.982458,37.566159],[126.983098,37.566165]]]}},{"type":"Feature","properties":{"dong":"11140_삼각동","sgg_cd":"11140","emd_cd":"11140107","umd_nm":"삼각동","gu_name":"중구"},"geometry":{"type":"Polygon","coordinates":[[[126.983156,37.56696],[126.984087,37.567509],[126.984594,37.567727],[126.985855,37.568039],[126.986476,37.568263],[126.984367,37.568638],[126.983194,37.568904],[126.983142,37.568535],[126.983136,37.567856],[126.9834,37.567852],[126.983662,37.567909],[126.983737,37.56767],[126.983418,37.567545],[126.983364,37.567586],[126.983108,37.567519],[126.98309,37.567103],[126.983156,37.56696]]]}},{"type":"Feature","properties":{"dong":"11140_수하동","sgg_cd":"11140","emd_cd":"11140108","umd_nm":"수하동","gu_name":"중구"},"geometry":{"type":"Polygon","coordinates":[[[126.983107,37.566717],[126.983687,37.566731],[126.983722,37.566805],[126.983855,37.566785],[126.983859,37.566741],[126.98401,37.566742],[126.984066,37.566788],[126.984315,37.566706],[126.984441,37.567022],[126.984878,37.566981],[126.984872,37.566898],[126.984981,37.566861],[126.985228,37.56698],[126.985685,37.566993],[126.985688,37.567931],[126.986124,37.568034],[126.986147,37.568125],[126.984826,37.567798],[126.984229,37.567578],[126.983222,37.566989],[126.983116,37.566906],[126.983107,37.566717]]]}},{"type":"Feature","properties":{"dong":"11140_장교동","sgg_cd":"11140","emd_cd":"11140109","umd_nm":"장교동","gu_name":"중구"},"geometry":{"type":"Polygon","coordinates":[[[126.986476,37.568263],[126.986147,37.568125],[126.986124,37.568034],[126.985688,37.567931],[126.985685,37.566798],[126.987329,37.566792],[126.987332,37.566842],[126.987511,37.566848],[126.987495,37.566701],[126.988397,37.566727],[126.988371,37.567328],[126.987961,37.567343],[126.987949,37.567417],[126.988136,37.567855],[126.988195,37.568135],[126.986476,37.568263]]]}},{"type":"Feature","properties":{"dong":"11140_수표동","sgg_cd":"11140","emd_cd":"11140110","umd_nm":"수표동","gu_name":"중구"},"geometry":{"type":"Polygon","coordinates":[[[126.990884,37.568203],[126.989469,37.568107],[126.988195,37.568135],[126.988136,37.567855],[126.987949,37.567417],[126.987961,37.567343],[126.988371,37.567328],[126.988397,37.566727],[126.99085,37.566826],[126.990815,37.567228],[126.990884,37.568203]]]}},{"type":"Feature","properties":{"dong":"11140_소공동","sgg_cd":"11140","emd_cd":"11140111","umd_nm":"소공동","gu_name":"중구"},"geometry":{"type":"Polygon","coordinates":[[[126.980194,37.56287],[126.980137,37.562767],[126.980294,37.56273],[126.980393,37.562819],[126.980933,37.562232],[126.981477,37.563101],[126.982212,37.564882],[126.981707,37.564985],[126.981705,37.565045],[126.98098,37.565277],[126.980514,37.565262],[126.980443,37.565237],[126.980444,37.565187],[126.980223,37.565162],[126.980219,37.565208],[126.980089,37.565221],[126.980015,37.56539],[126.97972,37.565436],[126.979472,37.565301],[126.979239,37.565072],[126.978868,37.565239],[126.978942,37.565371],[126.978984,37.565363],[126.978738,37.565557],[126.978265,37.564764],[126.978472,37.564753],[126.978651,37.564543],[126.978263,37.564475],[126.97813,37.564501],[126.977731,37.563795],[126.978151,37.563742],[126.978758,37.563814],[126.978812,37.56338],[126.978696,37.563266],[126.978488,37.563166],[126.978344,37.562806],[126.978766,37.562765],[126.97891,37.563046],[126.979603,37.562957],[126.979633,37.563012],[126.980194,37.56287]]]}},{"type":"Feature","properties":{"dong":"11140_남창동","sgg_cd":"11140","emd_cd":"11140112","umd_nm":"남창동","gu_name":"중구"},"geometry":{"type":"Polygon","coordinates":[[[126.978557,37.558622],[126.978896,37.558785],[126.978803,37.558994],[126.978774,37.559241],[126.979264,37.559358],[126.979197,37.559573],[126.979167,37.56005],[126.979265,37.560607],[126.979371,37.560902],[126.979379,37.561124],[126.978298,37.560872],[126.978409,37.560735],[126.978083,37.560377],[126.976028,37.55993],[126.975832,37.559644],[126.975451,37.559375],[126.975432,37.558971],[126.975552,37.558773],[126.975958,37.558399],[126.976033,37.558031],[126.976286,37.557514],[126.976302,37.556741],[126.976977,37.555739],[126.977071,37.555388],[126.977221,37.555274],[126.977955,37.555007],[126.977953,37.555052],[126.978344,37.555261],[126.978427,37.555714],[126.978795,37.555939],[126.978916,37.556087],[126.979323,37.556105],[126.979351,37.556013],[126.979231,37.555971],[126.97925,37.555913],[126.979371,37.555724],[126.979619,37.55561],[126.979725,37.556364],[126.979683,37.556479],[126.979523,37.556554],[126.979419,37.556682],[126.979288,37.556714],[126.979229,37.556793],[126.97907,37.556815],[126.979036,37.556965],[126.978592,37.557281],[126.978398,37.557671],[126.978362,37.557945],[126.978216,37.558073],[126.97848,37.558119],[126.978398,37.55841],[126.978514,37.558451],[126.97848,37.558526],[126.978582,37.558557],[126.978557,37.558622]]]}},{"type":"Feature","properties":{"dong":"11140_북창동","sgg_cd":"11140","emd_cd":"11140113","umd_nm":"북창동","gu_name":"중구"},"geometry":{"type":"Polygon","coordinates":[[[126.978812,37.56338],[126.978758,37.563814],[126.978151,37.563742],[126.977731,37.563795],[126.977299,37.562956],[126.977163,37.562986],[126.976848,37.562164],[126.977049,37.562111],[126.976903,37.561799],[126.977442,37.561835],[126.977531,37.561154],[126.978714,37.561481],[126.97933,37.561576],[126.979261,37.561754],[126.979617,37.562665],[126.979481,37.562682],[126.97953,37.562896],[126.979603,37.562957],[126.97891,37.563046],[126.978766,37.562765],[126.978344,37.562806],[126.978488,37.563166],[126.978696,37.563266],[126.978812,37.56338]]]}},{"type":"Feature","properties":{"dong":"11140_태평로2가","sgg_cd":"11140","emd_cd":"11140114","umd_nm":"태평로2가","gu_name":"중구"},"geometry":{"type":"Polygon","coordinates":[[[126.978411,37.565491],[126.977633,37.565793],[126.977295,37.564729],[126.976113,37.564903],[126.976145,37.564667],[126.976106,37.564503],[126.976293,37.564422],[126.976371,37.564473],[126.976425,37.564449],[126.976635,37.564151],[126.975855,37.563859],[126.975969,37.563623],[126.975966,37.563405],[126.975921,37.563149],[126.975809,37.562992],[126.975789,37.562811],[126.975575,37.562748],[126.975183,37.562779],[126.975076,37.562563],[126.9747,37.562505],[126.97479,37.561991],[126.974704,37.561964],[126.97409,37.561152],[126.974103,37.561018],[126.974522,37.560756],[126.975322,37.560753],[126.975595,37.560793],[126.975993,37.560668],[126.975997,37.560796],[126.976421,37.561907],[126.976903,37.561799],[126.977049,37.562111],[126.976848,37.562164],[126.977163,37.562986],[126.977299,37.562956],[126.977661,37.563617],[126.977617,37.563616],[126.97813,37.564501],[126.978263,37.564475],[126.978651,37.564543],[126.978472,37.564753],[126.978265,37.564764],[126.978691,37.565457],[126.978411,37.565491]]]}},{"type":"Feature","properties":{"dong":"11140_남대문로2가","sgg_cd":"11140","emd_cd":"11140115","umd_nm":"남대문로2가","gu_name":"중구"},"geometry":{"type":"Polygon","coordinates":[[[126.983048,37.565436],[126.98311,37.565948],[126.982477,37.565943],[126.982217,37.564894],[126.981477,37.563101],[126.980933,37.562232],[126.981169,37.561948],[126.981255,37.561771],[126.981484,37.562006],[126.982059,37.562912],[126.982901,37.564928],[126.983048,37.565436]]]}},{"type":"Feature","properties":{"dong":"11140_남대문로3가","sgg_cd":"11140","emd_cd":"11140116","umd_nm":"남대문로3가","gu_name":"중구"},"geometry":{"type":"Polygon","coordinates":[[[126.97933,37.561576],[126.977586,37.561193],[126.977645,37.56087],[126.977833,37.560323],[126.978083,37.560377],[126.978409,37.560735],[126.978298,37.560872],[126.979239,37.5611],[126.980407,37.561272],[126.980904,37.561518],[126.981255,37.56178],[126.981085,37.562055],[126.980393,37.562819],[126.980294,37.56273],[126.980137,37.562767],[126.980202,37.562886],[126.979633,37.563012],[126.97953,37.562896],[126.979481,37.562682],[126.979617,37.562665],[126.979261,37.561754],[126.97933,37.561576]]]}},{"type":"Feature","properties":{"dong":"11140_남대문로4가","sgg_cd":"11140","emd_cd":"11140117","umd_nm":"남대문로4가","gu_name":"중구"},"geometry":{"type":"Polygon","coordinates":[[[126.973495,37.561275],[126.972879,37.560995],[126.973525,37.560201],[126.973816,37.560022],[126.974246,37.559936],[126.974541,37.559964],[126.97458,37.559815],[126.974656,37.559802],[126.974812,37.55964],[126.975323,37.55964],[126.975323,37.559572],[126.975368,37.559587],[126.975434,37.559473],[126.975582,37.559473],[126.975718,37.559543],[126.976028,37.55993],[126.977833,37.560323],[126.977591,37.56116],[126.977531,37.561154],[126.977442,37.561835],[126.976903,37.561799],[126.976421,37.561907],[126.975997,37.560796],[126.975993,37.560668],[126.975595,37.560793],[126.975322,37.560753],[126.974522,37.560756],[126.97385,37.561128],[126.973656,37.56114],[126.973495,37.561275]]]}},{"type":"Feature","properties":{"dong":"11140_남대문로5가","sgg_cd":"11140","emd_cd":"11140118","umd_nm":"남대문로5가","gu_name":"중구"},"geometry":{"type":"Polygon","coordinates":[[[126.976547,37.555221],[126.977258,37.555011],[126.978154,37.554383],[126.978801,37.554083],[126.978713,37.553799],[126.978732,37.553204],[126.979669,37.553325],[126.980386,37.553322],[126.980494,37.553505],[126.980871,37.553899],[126.980658,37.554064],[126.980407,37.554446],[126.980168,37.554634],[126.979371,37.55483],[126.979044,37.554817],[126.978457,37.554707],[126.97794,37.555021],[126.977108,37.555342],[126.976977,37.555739],[126.976302,37.556741],[126.976286,37.557514],[126.976033,37.558031],[126.975958,37.558399],[126.975552,37.558773],[126.975432,37.558971],[126.975451,37.559375],[126.975582,37.559473],[126.975434,37.559473],[126.975368,37.559587],[126.975323,37.559572],[126.975323,37.55964],[126.974817,37.559644],[126.9743,37.55933],[126.974067,37.559241],[126.973866,37.559085],[126.973759,37.559147],[126.973641,37.559071],[126.973746,37.558874],[126.973665,37.55879],[126.973573,37.558793],[126.973491,37.55872],[126.97331,37.558906],[126.972424,37.558509],[126.972487,37.558314],[126.97276,37.558249],[126.972463,37.557923],[126.971626,37.557783],[126.971805,37.557436],[126.9717,37.557384],[126.971996,37.557028],[126.972129,37.55675],[126.972435,37.556532],[126.972679,37.556479],[126.972678,37.556391],[126.973452,37.556283],[126.973483,37.555118],[126.973405,37.555129],[126.97337,37.554326],[126.973293,37.55429],[126.973324,37.554139],[126.974346,37.553548],[126.97583,37.553388],[126.97643,37.553086],[126.976547,37.555221]]]}},{"type":"Feature","properties":{"dong":"11140_봉래동1가","sgg_cd":"11140","emd_cd":"11140119","umd_nm":"봉래동1가","gu_name":"중구"},"geometry":{"type":"Polygon","coordinates":[[[126.973667,37.558793],[126.973746,37.558874],[126.973742,37.55893],[126.973641,37.559071],[126.973759,37.559147],[126.973866,37.559085],[126.974067,37.559241],[126.9743,37.55933],[126.974812,37.55964],[126.974656,37.559802],[126.97458,37.559815],[126.974541,37.559964],[126.974246,37.559936],[126.973816,37.560022],[126.973525,37.560201],[126.973305,37.560431],[126.972902,37.560313],[126.972704,37.560003],[126.972472,37.559787],[126.972303,37.559537],[126.971345,37.558713],[126.971075,37.558879],[126.97119,37.558284],[126.971208,37.55825],[126.971348,37.558278],[126.971417,37.557908],[126.9717,37.557384],[126.971805,37.557436],[126.971626,37.557783],[126.972463,37.557923],[126.97276,37.558249],[126.972487,37.558314],[126.972424,37.558509],[126.97331,37.558906],[126.973481,37.558717],[126.973573,37.558793],[126.973667,37.558793]]]}},{"type":"Feature","properties":{"dong":"11140_봉래동2가","sgg_cd":"11140","emd_cd":"11140120","umd_nm":"봉래동2가","gu_name":"중구"},"geometry":{"type":"Polygon","coordinates":[[[126.970879,37.559366],[126.969483,37.559284],[126.969493,37.558126],[126.969246,37.557255],[126.96917,37.554875],[126.972408,37.554876],[126.972412,37.55465],[126.973349,37.554114],[126.973293,37.55429],[126.97337,37.554326],[126.973405,37.555129],[126.973483,37.555118],[126.973452,37.556283],[126.972678,37.556391],[126.972679,37.556479],[126.972435,37.556532],[126.972129,37.55675],[126.971996,37.557028],[126.971513,37.55767],[126.971417,37.557908],[126.971348,37.558278],[126.971208,37.55825],[126.97119,37.558284],[126.971061,37.558933],[126.970921,37.55906],[126.971004,37.559085],[126.970879,37.559366]]]}},{"type":"Feature","properties":{"dong":"11140_회현동1가","sgg_cd":"11140","emd_cd":"11140121","umd_nm":"회현동1가","gu_name":"중구"},"geometry":{"type":"Polygon","coordinates":[[[126.982595,37.557857],[126.982464,37.558402],[126.982132,37.55837],[126.98205,37.558777],[126.981869,37.558998],[126.981918,37.559021],[126.981747,37.559283],[126.98166,37.559254],[126.981567,37.559384],[126.981446,37.559796],[126.981555,37.559953],[126.981245,37.559954],[126.981217,37.559888],[126.98078,37.56],[126.980743,37.560232],[126.980646,37.560229],[126.980483,37.560688],[126.980086,37.560688],[126.980187,37.561034],[126.980407,37.561272],[126.979379,37.561124],[126.979371,37.560902],[126.979265,37.560607],[126.979167,37.56005],[126.979197,37.559573],[126.979264,37.559358],[126.978774,37.559241],[126.978803,37.558994],[126.978896,37.558785],[126.978601,37.55869],[126.978557,37.558622],[126.978582,37.558557],[126.97848,37.558526],[126.978514,37.558451],[126.978398,37.55841],[126.97848,37.558119],[126.978216,37.558073],[126.978362,37.557945],[126.978398,37.557671],[126.978592,37.557281],[126.979036,37.556965],[126.97907,37.556815],[126.979229,37.556793],[126.979288,37.556714],[126.979419,37.556682],[126.979523,37.556554],[126.979683,37.556479],[126.979725,37.556364],[126.979619,37.55561],[126.979371,37.555724],[126.97925,37.555913],[126.979231,37.555971],[126.979351,37.556013],[126.979323,37.556105],[126.978916,37.556087],[126.978795,37.555939],[126.978427,37.555714],[126.978344,37.555261],[126.977953,37.555052],[126.977955,37.555007],[126.978485,37.554702],[126.979044,37.554817],[126.979371,37.55483],[126.979977,37.554703],[126.980301,37.554544],[126.980483,37.554361],[126.980658,37.554064],[126.980981,37.553828],[126.981718,37.553869],[126.982018,37.553804],[126.982194,37.553646],[126.98248,37.553487],[126.983302,37.553348],[126.983383,37.553249],[126.983699,37.553098],[126.984038,37.55303],[126.984608,37.55312],[126.985413,37.553688],[126.985184,37.554701],[126.984918,37.554999],[126.985022,37.555461],[126.984827,37.555601],[126.984775,37.556085],[126.984536,37.556373],[126.984485,37.55658],[126.984387,37.556705],[126.984419,37.557007],[126.984598,37.557372],[126.984546,37.557502],[126.984573,37.557672],[126.984539,37.557672],[126.984478,37.557486],[126.984176,37.557672],[126.984245,37.557376],[126.984222,37.557161],[126.984159,37.557056],[126.98413,37.557025],[126.983885,37.557083],[126.98383,37.556937],[126.983437,37.55643],[126.983179,37.556329],[126.982985,37.556765],[126.982725,37.556636],[126.98265,37.556704],[126.982544,37.556948],[126.982484,37.557227],[126.982512,37.557672],[126.982385,37.557749],[126.982595,37.557857]]]}},{"type":"Feature","properties":{"dong":"11140_회현동2가","sgg_cd":"11140","emd_cd":"11140122","umd_nm":"회현동2가","gu_name":"중구"},"geometry":{"type":"Polygon","coordinates":[[[126.982464,37.558402],[126.982595,37.557857],[126.982385,37.557749],[126.982512,37.557672],[126.982484,37.557227],[126.982544,37.556948],[126.98265,37.556704],[126.982725,37.556636],[126.982985,37.556765],[126.983179,37.556329],[126.983437,37.55643],[126.98383,37.556937],[126.983885,37.557083],[126.98413,37.557025],[126.984222,37.557161],[126.984245,37.557376],[126.984162,37.557603],[126.984187,37.55764],[126.983897,37.558334],[126.983993,37.558552],[126.983799,37.558571],[126.983872,37.558871],[126.983812,37.559312],[126.984081,37.55936],[126.984073,37.559474],[126.984041,37.559474],[126.984068,37.559366],[126.983796,37.559318],[126.983728,37.559633],[126.983648,37.559759],[126.983575,37.56026],[126.983392,37.560701],[126.981934,37.560562],[126.981954,37.560449],[126.981616,37.56033],[126.981264,37.560044],[126.981245,37.559954],[126.981555,37.559953],[126.981446,37.559796],[126.981567,37.559384],[126.98166,37.559254],[126.981747,37.559283],[126.981918,37.559021],[126.981869,37.558998],[126.98205,37.558777],[126.982132,37.55837],[126.982464,37.558402]]]}},{"type":"Feature","properties":{"dong":"11140_회현동3가","sgg_cd":"11140","emd_cd":"11140123","umd_nm":"회현동3가","gu_name":"중구"},"geometry":{"type":"Polygon","coordinates":[[[126.983796,37.559318],[126.984068,37.559366],[126.984041,37.559474],[126.984577,37.559681],[126.984538,37.560457],[126.98476,37.560489],[126.984733,37.560804],[126.983392,37.560701],[126.983575,37.56026],[126.983648,37.559759],[126.983728,37.559633],[126.983796,37.559318]]]}},{"type":"Feature","properties":{"dong":"11140_충무로1가","sgg_cd":"11140","emd_cd":"11140124","umd_nm":"충무로1가","gu_name":"중구"},"geometry":{"type":"Polygon","coordinates":[[[126.983793,37.5619],[126.983895,37.561555],[126.983168,37.561434],[126.98284,37.562162],[126.982143,37.562055],[126.981519,37.562059],[126.981255,37.561771],[126.980981,37.561568],[126.980299,37.561193],[126.980187,37.561034],[126.980086,37.560688],[126.980483,37.560688],[126.980646,37.560229],[126.980743,37.560232],[126.98078,37.56],[126.981217,37.559888],[126.981264,37.560044],[126.981616,37.56033],[126.981954,37.560449],[126.981934,37.560562],[126.984714,37.560782],[126.985155,37.560858],[126.984904,37.562008],[126.984034,37.561884],[126.983982,37.561948],[126.983793,37.5619]]]}},{"type":"Feature","properties":{"dong":"11140_충무로2가","sgg_cd":"11140","emd_cd":"11140125","umd_nm":"충무로2가","gu_name":"중구"},"geometry":{"type":"Polygon","coordinates":[[[126.989975,37.562864],[126.989409,37.562867],[126.989283,37.562926],[126.989201,37.562807],[126.988697,37.562408],[126.988811,37.562219],[126.988762,37.562168],[126.988671,37.562135],[126.988629,37.562176],[126.988393,37.562064],[126.98824,37.562222],[126.988156,37.562184],[126.988146,37.562093],[126.987898,37.562008],[126.987877,37.561945],[126.987818,37.562054],[126.9875,37.562001],[126.987477,37.5621],[126.987383,37.562092],[126.987408,37.561872],[126.987242,37.56186],[126.987226,37.562007],[126.986768,37.561976],[126.986733,37.562198],[126.986334,37.562169],[126.98629,37.562413],[126.985656,37.562328],[126.985726,37.562128],[126.984904,37.562008],[126.985155,37.560858],[126.98524,37.560869],[126.985338,37.560576],[126.985599,37.560553],[126.986023,37.560797],[126.986351,37.560814],[126.98631,37.560917],[126.986803,37.561033],[126.986894,37.560933],[126.98727,37.561066],[126.988768,37.561194],[126.98876,37.561359],[126.988838,37.561354],[126.988863,37.561204],[126.989127,37.561226],[126.989168,37.561277],[126.989148,37.561231],[126.989687,37.561262],[126.99007,37.561181],[126.99055,37.56117],[126.990315,37.562952],[126.989977,37.562925],[126.989975,37.562864]]]}},{"type":"Feature","properties":{"dong":"11140_명동1가","sgg_cd":"11140","emd_cd":"11140126","umd_nm":"명동1가","gu_name":"중구"},"geometry":{"type":"Polygon","coordinates":[[[126.985273,37.564855],[126.984964,37.564805],[126.98498,37.564746],[126.984762,37.564722],[126.984731,37.564801],[126.984313,37.564852],[126.984349,37.564509],[126.982691,37.564402],[126.982374,37.563682],[126.983914,37.563635],[126.984076,37.563696],[126.984803,37.5638],[126.985468,37.563841],[126.985841,37.56393],[126.985826,37.563982],[126.986025,37.564019],[126.986487,37.564245],[126.986462,37.564781],[126.986531,37.564954],[126.985669,37.565203],[126.985705,37.565251],[126.985324,37.565261],[126.985217,37.56497],[126.985273,37.564855]]]}},{"type":"Feature","properties":{"dong":"11140_명동2가","sgg_cd":"11140","emd_cd":"11140127","umd_nm":"명동2가","gu_name":"중구"},"geometry":{"type":"Polygon","coordinates":[[[126.982764,37.562158],[126.982863,37.562126],[126.983168,37.561434],[126.983895,37.561555],[126.983793,37.5619],[126.984016,37.561951],[126.984034,37.561884],[126.985726,37.562128],[126.985656,37.562328],[126.985934,37.562382],[126.986024,37.562354],[126.98629,37.562413],[126.986334,37.562169],[126.986733,37.562198],[126.986768,37.561976],[126.987226,37.562007],[126.987242,37.56186],[126.987408,37.561872],[126.987383,37.562092],[126.987477,37.5621],[126.9875,37.562001],[126.987818,37.562054],[126.987877,37.561945],[126.987898,37.562008],[126.988146,37.562093],[126.988156,37.562184],[126.98824,37.562222],[126.988393,37.562064],[126.988629,37.562176],[126.988671,37.562135],[126.988762,37.562168],[126.988811,37.562219],[126.988697,37.562408],[126.989018,37.562695],[126.988576,37.563022],[126.988364,37.563459],[126.988259,37.563424],[126.988217,37.563504],[126.988148,37.56349],[126.988169,37.563413],[126.987833,37.563326],[126.987721,37.563454],[126.987751,37.563683],[126.987673,37.563767],[126.987252,37.563779],[126.987249,37.563943],[126.987362,37.563966],[126.987314,37.564122],[126.987414,37.564157],[126.987401,37.564201],[126.987163,37.56419],[126.987137,37.564339],[126.987024,37.564336],[126.987056,37.564582],[126.98627,37.564122],[126.985826,37.563982],[126.985841,37.56393],[126.985468,37.563841],[126.984803,37.5638],[126.984076,37.563696],[126.983914,37.563635],[126.982374,37.563682],[126.982038,37.56287],[126.981519,37.562059],[126.982143,37.562055],[126.982764,37.562158]]]}},{"type":"Feature","properties":{"dong":"11140_남산동1가","sgg_cd":"11140","emd_cd":"11140128","umd_nm":"남산동1가","gu_name":"중구"},"geometry":{"type":"Polygon","coordinates":[[[126.985046,37.559474],[126.985083,37.559708],[126.985516,37.560198],[126.985594,37.560553],[126.985338,37.560576],[126.98524,37.560869],[126.984733,37.560804],[126.98476,37.560489],[126.984538,37.560457],[126.984577,37.559681],[126.984338,37.559616],[126.984061,37.559468],[126.984081,37.55936],[126.983812,37.559312],[126.983872,37.558871],[126.983799,37.558571],[126.983993,37.558552],[126.983897,37.558334],[126.984176,37.557672],[126.984306,37.557625],[126.984436,37.557492],[126.984505,37.557506],[126.984539,37.557672],[126.984573,37.557672],[126.984492,37.557925],[126.984509,37.55851],[126.984609,37.558544],[126.984698,37.558886],[126.985046,37.559474]]]}},{"type":"Feature","properties":{"dong":"11140_남산동2가","sgg_cd":"11140","emd_cd":"11140129","umd_nm":"남산동2가","gu_name":"중구"},"geometry":{"type":"Polygon","coordinates":[[[126.985726,37.557851],[126.98588,37.55745],[126.986221,37.557404],[126.986598,37.557461],[126.986595,37.557394],[126.986753,37.557421],[126.986817,37.557388],[126.986792,37.55742],[126.986925,37.557673],[126.986947,37.557901],[126.987198,37.558064],[126.987274,37.558282],[126.987348,37.558324],[126.987343,37.558845],[126.98692,37.559068],[126.98673,37.559078],[126.986597,37.559272],[126.986484,37.559587],[126.986993,37.559754],[126.987512,37.559774],[126.987555,37.559803],[126.987533,37.559864],[126.987331,37.560325],[126.986946,37.560225],[126.986954,37.560163],[126.98664,37.560159],[126.986324,37.560816],[126.986023,37.560797],[126.985594,37.560553],[126.985516,37.560198],[126.985083,37.559708],[126.985091,37.559601],[126.985014,37.559395],[126.984862,37.559209],[126.984698,37.558886],[126.984609,37.558544],[126.984509,37.55851],[126.984492,37.557925],[126.984558,37.557782],[126.984585,37.557583],[126.984546,37.557502],[126.984598,37.557372],[126.984419,37.557007],[126.984387,37.556705],[126.984485,37.55658],[126.984536,37.556373],[126.984775,37.556085],[126.984822,37.55583],[126.985004,37.555851],[126.984891,37.556261],[126.984896,37.556551],[126.984702,37.556568],[126.984496,37.556633],[126.984657,37.556624],[126.984953,37.557193],[126.985005,37.557215],[126.985256,37.556954],[126.985661,37.556812],[126.985808,37.556864],[126.985882,37.557238],[126.98585,37.55742],[126.985682,37.55739],[126.985506,37.557669],[126.985378,37.557689],[126.985328,37.557821],[126.985471,37.558452],[126.985618,37.55841],[126.985862,37.558078],[126.985874,37.557979],[126.985726,37.557851]]]}},{"type":"Feature","properties":{"dong":"11140_남산동3가","sgg_cd":"11140","emd_cd":"11140130","umd_nm":"남산동3가","gu_name":"중구"},"geometry":{"type":"Polygon","coordinates":[[[126.986806,37.559713],[126.986484,37.559587],[126.986597,37.559272],[126.986753,37.559062],[126.98692,37.559068],[126.987343,37.558845],[126.98734,37.559003],[126.987435,37.559175],[126.988052,37.559376],[126.988418,37.560306],[126.988399,37.560755],[126.988239,37.561152],[126.98727,37.561066],[126.986894,37.560933],[126.986803,37.561033],[126.98631,37.560917],[126.98664,37.560159],[126.986954,37.560163],[126.986946,37.560225],[126.987331,37.560325],[126.987555,37.559803],[126.986806,37.559713]]]}},{"type":"Feature","properties":{"dong":"11140_저동1가","sgg_cd":"11140","emd_cd":"11140131","umd_nm":"저동1가","gu_name":"중구"},"geometry":{"type":"Polygon","coordinates":[[[126.988543,37.565277],[126.988478,37.565371],[126.988315,37.565393],[126.988274,37.565211],[126.987911,37.565252],[126.987771,37.56521],[126.987782,37.565803],[126.9874,37.565682],[126.986859,37.565361],[126.986639,37.565138],[126.986462,37.564781],[126.986487,37.564245],[126.987056,37.564582],[126.987024,37.564336],[126.987137,37.564339],[126.987163,37.56419],[126.987401,37.564201],[126.987414,37.564157],[126.987314,37.564122],[126.987362,37.563966],[126.987249,37.563943],[126.987252,37.563779],[126.987673,37.563767],[126.987751,37.563683],[126.987721,37.563454],[126.987833,37.563326],[126.988169,37.563413],[126.988148,37.56349],[126.988217,37.563504],[126.988259,37.563424],[126.988364,37.563459],[126.988576,37.563022],[126.989018,37.562695],[126.989201,37.562807],[126.989283,37.562926],[126.98878,37.563342],[126.988701,37.56373],[126.988801,37.563873],[126.988656,37.564053],[126.988576,37.564358],[126.988513,37.564408],[126.988536,37.564918],[126.988605,37.565264],[126.988543,37.565277]]]}},{"type":"Feature","properties":{"dong":"11140_충무로4가","sgg_cd":"11140","emd_cd":"11140132","umd_nm":"충무로4가","gu_name":"중구"},"geometry":{"type":"Polygon","coordinates":[[[126.993385,37.562643],[126.993593,37.562515],[126.993579,37.562032],[126.993607,37.561884],[126.993688,37.561885],[126.993709,37.561737],[126.994045,37.561703],[126.994067,37.56178],[126.994361,37.561739],[126.994353,37.561703],[126.994738,37.561628],[126.994728,37.561577],[126.994889,37.561559],[126.994882,37.56152],[126.995167,37.561506],[126.995164,37.561336],[126.995958,37.56116],[126.996067,37.561385],[126.995931,37.56158],[126.995973,37.561874],[126.995949,37.561635],[126.996115,37.561613],[126.996105,37.561503],[126.996232,37.561473],[126.996311,37.561491],[126.996385,37.561658],[126.996401,37.561861],[126.997444,37.561913],[126.997444,37.561824],[126.997722,37.561861],[126.997849,37.56201],[126.997958,37.562492],[126.998023,37.562562],[126.99853,37.562757],[126.998483,37.563302],[126.998264,37.563455],[126.997999,37.563186],[126.997929,37.563031],[126.997638,37.563079],[126.997469,37.563019],[126.997303,37.563108],[126.997246,37.563048],[126.997287,37.562995],[126.997145,37.562939],[126.997002,37.562959],[126.997037,37.563037],[126.996884,37.563079],[126.996788,37.562895],[126.995909,37.563016],[126.995829,37.562796],[126.995726,37.562816],[126.99565,37.562603],[126.995571,37.562611],[126.995564,37.562523],[126.995197,37.562545],[126.995155,37.562646],[126.994964,37.562821],[126.994939,37.562914],[126.994451,37.562997],[126.994439,37.562964],[126.994331,37.562988],[126.994338,37.563033],[126.994037,37.563097],[126.99401,37.563002],[126.993529,37.563079],[126.993385,37.562643]]]}},{"type":"Feature","properties":{"dong":"11140_충무로5가","sgg_cd":"11140","emd_cd":"11140133","umd_nm":"충무로5가","gu_name":"중구"},"geometry":{"type":"Polygon","coordinates":[[[127.001715,37.564091],[126.999087,37.563911],[126.999154,37.563105],[126.998548,37.563022],[126.998608,37.562246],[126.998887,37.562311],[126.998692,37.562167],[126.99858,37.562208],[126.99853,37.562757],[126.998023,37.562562],[126.997923,37.562441],[126.997822,37.561942],[126.997716,37.561859],[126.997444,37.561824],[126.997342,37.561537],[126.997471,37.561513],[126.997894,37.561202],[126.998431,37.561065],[126.998676,37.56141],[126.998738,37.561581],[126.999021,37.5616],[126.999201,37.562138],[126.998971,37.562331],[127.001801,37.563008],[127.001715,37.564091]]]}},{"type":"Feature","properties":{"dong":"11140_인현동2가","sgg_cd":"11140","emd_cd":"11140134","umd_nm":"인현동2가","gu_name":"중구"},"geometry":{"type":"Polygon","coordinates":[[[126.997953,37.565271],[126.997791,37.565655],[126.997884,37.565718],[126.997958,37.565829],[126.997768,37.565651],[126.997459,37.565684],[126.996996,37.56564],[126.996763,37.565692],[126.996673,37.565439],[126.996338,37.565528],[126.996273,37.565663],[126.996033,37.565758],[126.995934,37.565442],[126.995789,37.5652],[126.995516,37.565267],[126.995397,37.564999],[126.995047,37.56508],[126.994973,37.564964],[126.994782,37.564458],[126.99466,37.564344],[126.99456,37.563899],[126.994631,37.563885],[126.994658,37.563783],[126.994618,37.563434],[126.994429,37.562977],[126.994354,37.563],[126.994356,37.563061],[126.994331,37.562988],[126.994939,37.562914],[126.994964,37.562821],[126.995155,37.562646],[126.995197,37.562545],[126.995564,37.562523],[126.995571,37.562611],[126.99565,37.562603],[126.995726,37.562816],[126.995829,37.562796],[126.995909,37.563016],[126.996788,37.562895],[126.997588,37.56426],[126.997182,37.564537],[126.997339,37.564713],[126.998014,37.564745],[126.997999,37.564904],[126.998105,37.564893],[126.998136,37.564954],[126.998179,37.565168],[126.997953,37.565271]]]}},{"type":"Feature","properties":{"dong":"11140_예관동","sgg_cd":"11140","emd_cd":"11140135","umd_nm":"예관동","gu_name":"중구"},"geometry":{"type":"Polygon","coordinates":[[[126.996884,37.563079],[126.997037,37.563037],[126.997002,37.562959],[126.997145,37.562939],[126.997287,37.562995],[126.997246,37.563048],[126.997303,37.563108],[126.997469,37.563019],[126.997638,37.563079],[126.997929,37.563031],[126.997999,37.563186],[126.998264,37.563455],[126.998483,37.563302],[126.99858,37.562208],[126.998548,37.563022],[126.999154,37.563105],[126.999043,37.564398],[126.99886,37.564383],[126.998953,37.564424],[126.998877,37.56463],[126.998892,37.565048],[126.99899,37.565441],[126.999098,37.565639],[126.998069,37.56595],[126.997884,37.565718],[126.997808,37.565688],[126.997953,37.565271],[126.998179,37.565168],[126.998164,37.56502],[126.998105,37.564893],[126.997999,37.564904],[126.998014,37.564745],[126.997339,37.564713],[126.997182,37.564537],[126.997588,37.56426],[126.996884,37.563079]],[[126.998635,37.564471],[126.998731,37.564457],[126.998848,37.564386],[126.998601,37.564368],[126.998635,37.564471]]]}},{"type":"Feature","properties":{"dong":"11140_묵정동","sgg_cd":"11140","emd_cd":"11140136","umd_nm":"묵정동","gu_name":"중구"},"geometry":{"type":"MultiPolygon","coordinates":[[[[126.998887,37.562311],[126.99858,37.562208],[126.998692,37.562167],[126.998887,37.562311]]],[[[127.000937,37.56011],[127.001241,37.560032],[127.001553,37.560149],[127.0018,37.560131],[127.002319,37.560338],[127.002402,37.560597],[127.002562,37.560745],[127.002621,37.560901],[127.002353,37.56108],[127.002297,37.560776],[127.002386,37.56147],[127.001063,37.561584],[127.001202,37.562868],[126.998971,37.562331],[126.999201,37.562138],[126.999021,37.5616],[126.998738,37.561581],[126.998676,37.56141],[126.998431,37.561065],[126.999454,37.560828],[126.999453,37.560763],[126.999564,37.560732],[126.999649,37.560533],[126.999901,37.560415],[127.000201,37.560492],[127.000805,37.560532],[127.000937,37.56011]]]]}},{"type":"Feature","properties":{"dong":"11140_필동1가","sgg_cd":"11140","emd_cd":"11140137","umd_nm":"필동1가","gu_name":"중구"},"geometry":{"type":"Polygon","coordinates":[[[126.991649,37.561907],[126.991632,37.561114],[126.991454,37.560667],[126.991346,37.560511],[126.991131,37.560346],[126.991234,37.560261],[126.991634,37.560109],[126.991672,37.560256],[126.991817,37.560267],[126.991969,37.559959],[126.9921,37.560041],[126.99213,37.559993],[126.993266,37.560163],[126.993167,37.560958],[126.9936,37.561239],[126.993652,37.561323],[126.993654,37.561666],[126.993585,37.562133],[126.993164,37.562173],[126.993174,37.561958],[126.99279,37.561989],[126.992731,37.561718],[126.99227,37.561781],[126.992337,37.562319],[126.992303,37.562212],[126.991491,37.562145],[126.991649,37.561907]]]}},{"type":"Feature","properties":{"dong":"11140_필동2가","sgg_cd":"11140","emd_cd":"11140138","umd_nm":"필동2가","gu_name":"중구"},"geometry":{"type":"Polygon","coordinates":[[[126.995958,37.56116],[126.995164,37.561336],[126.995167,37.561506],[126.994882,37.56152],[126.994889,37.561559],[126.994728,37.561577],[126.994738,37.561628],[126.994353,37.561703],[126.994361,37.561739],[126.994067,37.56178],[126.994045,37.561703],[126.993709,37.561737],[126.993688,37.561885],[126.993607,37.561884],[126.993652,37.561323],[126.9936,37.561239],[126.993167,37.560958],[126.993266,37.560163],[126.992469,37.560042],[126.992943,37.55926],[126.992986,37.559039],[126.992805,37.558459],[126.993175,37.557499],[126.993164,37.557397],[126.992997,37.55729],[126.992911,37.557169],[126.993064,37.557016],[126.992834,37.556514],[126.992891,37.556493],[126.993133,37.556653],[126.993366,37.556657],[126.993558,37.556019],[126.993465,37.555718],[126.993542,37.555637],[126.993681,37.555862],[126.993836,37.555929],[126.994213,37.555932],[126.994552,37.556075],[126.99477,37.556105],[126.994962,37.556029],[126.994937,37.555925],[126.994833,37.55584],[126.994817,37.555529],[126.994869,37.55529],[126.994746,37.55495],[126.995014,37.55471],[126.995021,37.554433],[126.994853,37.55421],[126.994715,37.553725],[126.99499,37.553664],[126.995234,37.553946],[126.995258,37.554107],[126.995358,37.554224],[126.995379,37.554423],[126.995498,37.554694],[126.995454,37.554898],[126.995618,37.555095],[126.995607,37.555288],[126.995695,37.555552],[126.995504,37.556042],[126.995441,37.556707],[126.99564,37.556911],[126.995816,37.557315],[126.995819,37.557557],[126.995919,37.557863],[126.996023,37.558639],[126.996148,37.558925],[126.996194,37.559175],[126.99591,37.559657],[126.995901,37.559759],[126.996297,37.559911],[126.996512,37.559834],[126.996764,37.559814],[126.996852,37.560107],[126.996745,37.560893],[126.996879,37.561035],[126.997304,37.561277],[126.997444,37.561913],[126.996401,37.561861],[126.996385,37.561658],[126.996311,37.561491],[126.996232,37.561473],[126.996105,37.561503],[126.996115,37.561613],[126.995949,37.561635],[126.995973,37.561874],[126.995931,37.56158],[126.996067,37.561385],[126.995958,37.56116]]]}},{"type":"Feature","properties":{"dong":"11140_필동3가","sgg_cd":"11140","emd_cd":"11140139","umd_nm":"필동3가","gu_name":"중구"},"geometry":{"type":"Polygon","coordinates":[[[126.99906,37.560663],[126.99926,37.560862],[126.997958,37.561205],[126.997958,37.561175],[126.997471,37.561513],[126.997342,37.561537],[126.997304,37.561277],[126.996879,37.561035],[126.996745,37.560893],[126.996852,37.560107],[126.996764,37.559814],[126.996512,37.559834],[126.996297,37.559911],[126.995901,37.559759],[126.99591,37.559657],[126.99617,37.559252],[126.99619,37.559097],[126.996023,37.558639],[126.995919,37.557863],[126.995819,37.557557],[126.995816,37.557315],[126.99564,37.556911],[126.995441,37.556707],[126.995504,37.556042],[126.995695,37.55561],[126.995607,37.555288],[126.995618,37.555095],[126.995553,37.555034],[126.99567,37.554902],[126.995668,37.554774],[126.99599,37.554708],[126.99612,37.554626],[126.996109,37.554575],[126.996307,37.554261],[126.996143,37.554128],[126.996142,37.553989],[126.996559,37.553968],[126.996712,37.554276],[126.996493,37.554564],[126.99645,37.554746],[126.99627,37.555088],[126.99644,37.555052],[126.996527,37.555121],[126.996458,37.555273],[126.996218,37.55548],[126.996254,37.555682],[126.996136,37.555697],[126.996104,37.555886],[126.996017,37.55594],[126.996095,37.556288],[126.996568,37.556203],[126.996624,37.556377],[126.996535,37.55641],[126.996612,37.556727],[126.996483,37.556773],[126.996423,37.556877],[126.996291,37.55692],[126.996309,37.557189],[126.996528,37.557148],[126.996635,37.557514],[126.996493,37.557567],[126.996803,37.557751],[126.996945,37.557652],[126.996976,37.557573],[126.997226,37.557621],[126.997501,37.557953],[126.997013,37.558156],[126.997101,37.558269],[126.997168,37.558515],[126.997611,37.558444],[126.997509,37.558343],[126.997856,37.558052],[126.99819,37.557872],[126.998447,37.557854],[126.998777,37.55803],[126.998783,37.558201],[126.998363,37.558242],[126.998216,37.558363],[126.998196,37.55852],[126.998024,37.558639],[126.998034,37.558829],[126.997965,37.559079],[126.997833,37.559267],[126.998023,37.559382],[126.99808,37.559503],[126.998223,37.559194],[126.998843,37.558784],[126.999022,37.55915],[126.998766,37.559301],[126.998673,37.559852],[126.998604,37.559889],[126.998505,37.559581],[126.998572,37.559339],[126.998309,37.559534],[126.998261,37.55975],[126.998098,37.559744],[126.99801,37.559964],[126.997851,37.560071],[126.997975,37.560442],[126.998065,37.56034],[126.998531,37.560259],[126.99875,37.56049],[126.998699,37.560531],[126.99883,37.560751],[126.998994,37.560723],[126.99906,37.560663]]]}},{"type":"Feature","properties":{"dong":"11140_남학동","sgg_cd":"11140","emd_cd":"11140140","umd_nm":"남학동","gu_name":"중구"},"geometry":{"type":"Polygon","coordinates":[[[126.990371,37.559867],[126.99119,37.560278],[126.991131,37.560346],[126.991346,37.560511],[126.991454,37.560667],[126.991632,37.561114],[126.990919,37.561084],[126.990613,37.561122],[126.990522,37.561177],[126.990153,37.559915],[126.990371,37.559867]]]}},{"type":"Feature","properties":{"dong":"11140_주자동","sgg_cd":"11140","emd_cd":"11140141","umd_nm":"주자동","gu_name":"중구"},"geometry":{"type":"Polygon","coordinates":[[[126.989127,37.561226],[126.988863,37.561204],[126.988838,37.561354],[126.98876,37.561359],[126.988768,37.561194],[126.988239,37.561152],[126.988399,37.560755],[126.988409,37.560259],[126.989297,37.560003],[126.990159,37.559939],[126.990522,37.561177],[126.99007,37.561181],[126.989687,37.561262],[126.989148,37.561231],[126.98915,37.561277],[126.989127,37.561226]]]}},{"type":"Feature","properties":{"dong":"11140_예장동","sgg_cd":"11140","emd_cd":"11140142","umd_nm":"예장동","gu_name":"중구"},"geometry":{"type":"Polygon","coordinates":[[[126.992474,37.56003],[126.99213,37.559993],[126.9921,37.560041],[126.991969,37.559959],[126.991817,37.560267],[126.991672,37.560256],[126.991634,37.560109],[126.991195,37.560292],[126.990819,37.560045],[126.990672,37.560034],[126.990371,37.559867],[126.98995,37.559972],[126.989297,37.560003],[126.988409,37.560259],[126.988052,37.559376],[126.987476,37.559199],[126.987391,37.559111],[126.98734,37.559003],[126.987348,37.558324],[126.987274,37.558282],[126.987198,37.558064],[126.986947,37.557901],[126.986925,37.557673],[126.986792,37.55742],[126.986817,37.557388],[126.986753,37.557421],[126.986595,37.557394],[126.986598,37.557461],[126.986221,37.557404],[126.98588,37.55745],[126.985726,37.557851],[126.985874,37.557979],[126.985862,37.558078],[126.985618,37.55841],[126.985471,37.558452],[126.985328,37.557821],[126.985378,37.557689],[126.985506,37.557669],[126.985682,37.55739],[126.98585,37.55742],[126.985882,37.557238],[126.985808,37.556864],[126.985661,37.556812],[126.985256,37.556954],[126.985005,37.557215],[126.98492,37.557137],[126.984657,37.556624],[126.984495,37.556617],[126.984896,37.556551],[126.984891,37.556261],[126.985004,37.555851],[126.984822,37.55583],[126.984827,37.555601],[126.985022,37.555461],[126.984918,37.554999],[126.985184,37.554701],[126.985413,37.553688],[126.986102,37.553335],[126.986586,37.552561],[126.987054,37.552267],[126.9874,37.551809],[126.987416,37.55168],[126.987534,37.551502],[126.987773,37.551458],[126.988647,37.551597],[126.989154,37.551475],[126.989394,37.55133],[126.989892,37.551261],[126.990245,37.551283],[126.990798,37.551064],[126.990998,37.550768],[126.991658,37.550266],[126.992384,37.550072],[126.992954,37.5504],[126.993505,37.551012],[126.993714,37.551323],[126.993843,37.551637],[126.994283,37.552134],[126.994741,37.552444],[126.994932,37.552666],[126.994916,37.553386],[126.99499,37.553664],[126.994715,37.553725],[126.994853,37.55421],[126.995021,37.554433],[126.995014,37.55471],[126.994746,37.55495],[126.994869,37.55529],[126.994817,37.555529],[126.994833,37.55584],[126.994937,37.555925],[126.994962,37.556029],[126.99477,37.556105],[126.994552,37.556075],[126.994213,37.555932],[126.993836,37.555929],[126.993681,37.555862],[126.993542,37.555637],[126.993465,37.555718],[126.993558,37.556019],[126.993366,37.556657],[126.993133,37.556653],[126.992891,37.556493],[126.992834,37.556514],[126.993064,37.557016],[126.992911,37.557169],[126.992997,37.55729],[126.993164,37.557397],[126.993175,37.557499],[126.992805,37.558459],[126.992986,37.559039],[126.992943,37.55926],[126.992474,37.56003]]]}},{"type":"Feature","properties":{"dong":"11140_장충동1가","sgg_cd":"11140","emd_cd":"11140143","umd_nm":"장충동1가","gu_name":"중구"},"geometry":{"type":"Polygon","coordinates":[[[127.007016,37.563914],[127.007001,37.563819],[127.006889,37.563784],[127.006833,37.563574],[127.006669,37.563549],[127.006599,37.563643],[127.00662,37.563782],[127.006447,37.563631],[127.006282,37.563392],[127.006165,37.563079],[127.006205,37.562817],[127.006451,37.562438],[127.006274,37.562046],[127.005719,37.561469],[127.005594,37.561214],[127.005484,37.560822],[127.005419,37.559775],[127.005685,37.559637],[127.005475,37.559058],[127.005539,37.559045],[127.005776,37.559665],[127.005855,37.559637],[127.00589,37.559726],[127.006609,37.559071],[127.008233,37.558158],[127.008524,37.55886],[127.008549,37.559112],[127.008686,37.559267],[127.008871,37.559363],[127.009793,37.560305],[127.009822,37.560463],[127.009783,37.56052],[127.009557,37.560674],[127.009248,37.560778],[127.009401,37.561207],[127.009379,37.561421],[127.009284,37.561595],[127.009344,37.561823],[127.009319,37.562041],[127.009546,37.562844],[127.009712,37.563003],[127.009622,37.563083],[127.009557,37.563022],[127.009353,37.563082],[127.009179,37.562965],[127.008874,37.563042],[127.00821,37.562809],[127.007993,37.562679],[127.007785,37.562644],[127.007612,37.562967],[127.007497,37.563017],[127.007333,37.563446],[127.007126,37.56353],[127.007166,37.563715],[127.007142,37.563905],[127.007016,37.563914]]]}},{"type":"Feature","properties":{"dong":"11140_장충동2가","sgg_cd":"11140","emd_cd":"11140144","umd_nm":"장충동2가","gu_name":"중구"},"geometry":{"type":"Polygon","coordinates":[[[127.002737,37.563283],[127.002389,37.563139],[127.001202,37.562868],[127.001063,37.561584],[127.002386,37.56147],[127.002297,37.560776],[127.002353,37.56108],[127.002621,37.560901],[127.002562,37.560745],[127.002402,37.560597],[127.002319,37.560338],[127.0018,37.560131],[127.001553,37.560149],[127.001241,37.560032],[127.000937,37.56011],[127.000805,37.560532],[127.000201,37.560492],[126.999901,37.560415],[126.999649,37.560533],[126.999564,37.560732],[126.999453,37.560763],[126.999454,37.560828],[126.99926,37.560862],[126.99906,37.560663],[126.998994,37.560723],[126.99883,37.560751],[126.998699,37.560531],[126.99875,37.56049],[126.998531,37.560259],[126.998065,37.56034],[126.997975,37.560442],[126.997851,37.560071],[126.99801,37.559964],[126.998074,37.559767],[126.998261,37.55975],[126.998309,37.559534],[126.998572,37.559339],[126.998505,37.559581],[126.998604,37.559889],[126.998673,37.559852],[126.998766,37.559301],[126.999022,37.55915],[126.998843,37.558784],[126.998223,37.559194],[126.99808,37.559503],[126.998023,37.559382],[126.997833,37.559267],[126.997965,37.559079],[126.998034,37.558829],[126.998024,37.558639],[126.998196,37.55852],[126.998216,37.558363],[126.998363,37.558242],[126.998783,37.558201],[126.998777,37.55803],[126.998447,37.557854],[126.99819,37.557872],[126.997856,37.558052],[126.997509,37.558343],[126.997611,37.558444],[126.997168,37.558515],[126.997101,37.558269],[126.997013,37.558156],[126.997501,37.557953],[126.997226,37.557621],[126.996976,37.557573],[126.996945,37.557652],[126.996803,37.557751],[126.996493,37.557567],[126.996635,37.557514],[126.996564,37.557258],[126.996528,37.557148],[126.996309,37.557189],[126.996291,37.55692],[126.996423,37.556877],[126.996483,37.556773],[126.996612,37.556727],[126.996535,37.55641],[126.996619,37.556359],[126.996568,37.556203],[126.996095,37.556288],[126.996017,37.55594],[126.996104,37.555886],[126.996136,37.555697],[126.996254,37.555682],[126.996218,37.55548],[126.996458,37.555273],[126.996527,37.555121],[126.99644,37.555052],[126.99627,37.555088],[126.99645,37.554746],[126.996493,37.554564],[126.996712,37.554276],[126.996559,37.553968],[126.996142,37.553989],[126.996143,37.554128],[126.996307,37.554261],[126.996109,37.554575],[126.99612,37.554626],[126.99599,37.554708],[126.995668,37.554774],[126.99567,37.554902],[126.995553,37.555034],[126.995454,37.554898],[126.995498,37.554694],[126.995379,37.554423],[126.995358,37.554224],[126.995258,37.554107],[126.995234,37.553946],[126.99499,37.553664],[126.994916,37.553386],[126.994932,37.552666],[126.994741,37.552444],[126.994283,37.552134],[126.993843,37.551637],[126.993714,37.551323],[126.993505,37.551012],[126.992954,37.5504],[126.992384,37.550072],[126.992981,37.549516],[126.993141,37.549086],[126.993211,37.549016],[126.993416,37.548816],[126.994053,37.548414],[126.994224,37.547995],[126.994354,37.547875],[126.994408,37.547635],[126.994523,37.547456],[126.994807,37.547321],[126.995235,37.547233],[126.996368,37.547448],[126.996719,37.547816],[126.996766,37.547968],[126.996694,37.54808],[126.996775,37.548235],[126.996777,37.548515],[126.99739,37.548982],[126.997437,37.549131],[126.99767,37.549352],[126.998327,37.549692],[126.998586,37.549697],[126.998909,37.549787],[126.999085,37.549722],[127.000125,37.549814],[127.000498,37.55],[127.000795,37.550002],[127.001002,37.549895],[127.001109,37.549895],[127.00134,37.550021],[127.001682,37.550051],[127.001985,37.549932],[127.002201,37.549679],[127.002831,37.549628],[127.003409,37.550024],[127.004363,37.550154],[127.004729,37.550491],[127.004612,37.550888],[127.004352,37.550943],[127.004036,37.551579],[127.004168,37.552099],[127.004376,37.552396],[127.004349,37.552807],[127.004389,37.552959],[127.004567,37.553024],[127.00445,37.55368],[127.004478,37.553776],[127.004716,37.553941],[127.005083,37.554393],[127.004989,37.554466],[127.005075,37.554564],[127.005543,37.554954],[127.005815,37.555119],[127.00622,37.555568],[127.006816,37.555796],[127.006927,37.555907],[127.00715,37.556396],[127.007391,37.556484],[127.007618,37.556464],[127.007807,37.55655],[127.008197,37.557045],[127.00823,37.557397],[127.008054,37.557695],[127.008166,37.557687],[127.008143,37.557725],[127.008264,37.558176],[127.008215,37.558156],[127.006609,37.559071],[127.00589,37.559726],[127.005855,37.559637],[127.005776,37.559665],[127.005539,37.559045],[127.005475,37.559058],[127.005685,37.559637],[127.005419,37.559775],[127.005484,37.560822],[127.005594,37.561214],[127.005719,37.561469],[127.006247,37.562015],[127.006138,37.562176],[127.006006,37.562264],[127.006009,37.562348],[127.00554,37.562478],[127.004803,37.56253],[127.003381,37.562432],[127.002496,37.562437],[127.00254,37.562581],[127.002399,37.56267],[127.002547,37.562857],[127.002475,37.562909],[127.002501,37.562976],[127.002737,37.563283]]]}},{"type":"Feature","properties":{"dong":"11140_광희동1가","sgg_cd":"11140","emd_cd":"11140145","umd_nm":"광희동1가","gu_name":"중구"},"geometry":{"type":"Polygon","coordinates":[[[127.006694,37.565771],[127.005813,37.565906],[127.005742,37.565448],[127.00552,37.56546],[127.004354,37.56571],[127.004409,37.565888],[127.004363,37.566012],[127.003796,37.566154],[127.0032,37.565299],[127.00297,37.564881],[127.003618,37.564707],[127.003709,37.564773],[127.003851,37.564745],[127.003903,37.564842],[127.004224,37.564779],[127.00424,37.564837],[127.004353,37.564816],[127.004346,37.564662],[127.004719,37.564569],[127.004688,37.564379],[127.00487,37.564346],[127.004856,37.564245],[127.00505,37.564222],[127.005078,37.564109],[127.005392,37.5641],[127.00541,37.563918],[127.006009,37.563979],[127.00604,37.564035],[127.006447,37.564083],[127.00668,37.563987],[127.006812,37.564284],[127.007035,37.564543],[127.007357,37.565241],[127.006694,37.565771]]]}},{"type":"Feature","properties":{"dong":"11140_광희동2가","sgg_cd":"11140","emd_cd":"11140146","umd_nm":"광희동2가","gu_name":"중구"},"geometry":{"type":"MultiPolygon","coordinates":[[[[127.009934,37.563174],[127.009983,37.564136],[127.010056,37.564478],[127.009956,37.564492],[127.009849,37.564881],[127.009682,37.56486],[127.009576,37.564738],[127.009336,37.56482],[127.009303,37.564881],[127.008515,37.564788],[127.007793,37.564995],[127.007357,37.565241],[127.007035,37.564543],[127.00672,37.564122],[127.006599,37.563643],[127.006669,37.563549],[127.006833,37.563574],[127.006889,37.563784],[127.007001,37.563819],[127.007016,37.563914],[127.007142,37.563905],[127.007166,37.563715],[127.007126,37.56353],[127.007333,37.563446],[127.007497,37.563017],[127.007612,37.562967],[127.007785,37.562644],[127.007993,37.562679],[127.00821,37.562809],[127.008874,37.563042],[127.009179,37.562965],[127.009353,37.563082],[127.009557,37.563022],[127.009622,37.563083],[127.009712,37.563003],[127.009889,37.563102],[127.00998,37.563076],[127.010017,37.563155],[127.009934,37.563174]]],[[[127.010216,37.564606],[127.009997,37.564608],[127.00998,37.564512],[127.010145,37.564483],[127.010216,37.564606]]]]}},{"type":"Feature","properties":{"dong":"11140_쌍림동","sgg_cd":"11140","emd_cd":"11140147","umd_nm":"쌍림동","gu_name":"중구"},"geometry":{"type":"Polygon","coordinates":[[[127.004719,37.564569],[127.004332,37.564684],[127.004353,37.564816],[127.004269,37.564836],[127.004224,37.564779],[127.003903,37.564842],[127.003851,37.564745],[127.003709,37.564773],[127.003618,37.564707],[127.003013,37.564881],[127.002836,37.564806],[127.002658,37.564898],[127.002716,37.564958],[127.002649,37.565025],[127.00274,37.565192],[127.002599,37.565232],[127.00261,37.565518],[127.002384,37.565502],[127.002563,37.563382],[127.002389,37.563139],[127.002737,37.563283],[127.002501,37.562976],[127.002475,37.562909],[127.002547,37.562857],[127.002399,37.56267],[127.00254,37.562581],[127.002496,37.562437],[127.003381,37.562432],[127.004803,37.56253],[127.00554,37.562478],[127.006009,37.562348],[127.006006,37.562264],[127.006138,37.562176],[127.006247,37.562015],[127.006395,37.562251],[127.006451,37.562438],[127.006205,37.562817],[127.006165,37.563079],[127.006353,37.563524],[127.00662,37.563782],[127.00668,37.563987],[127.006447,37.564083],[127.00604,37.564035],[127.006009,37.563979],[127.00541,37.563918],[127.005392,37.5641],[127.005046,37.564126],[127.00505,37.564222],[127.004856,37.564245],[127.00487,37.564346],[127.004688,37.564379],[127.004719,37.564569]]]}},{"type":"Feature","properties":{"dong":"11140_을지로6가","sgg_cd":"11140","emd_cd":"11140148","umd_nm":"을지로6가","gu_name":"중구"},"geometry":{"type":"Polygon","coordinates":[[[127.005742,37.565448],[127.005813,37.565906],[127.006694,37.565771],[127.007357,37.565241],[127.007821,37.566102],[127.008938,37.567561],[127.010305,37.568298],[127.010289,37.568347],[127.010325,37.568346],[127.010175,37.568838],[127.009835,37.569765],[127.005354,37.569613],[127.00535,37.569308],[127.005303,37.569246],[127.005198,37.56928],[127.005121,37.569147],[127.005125,37.569006],[127.004922,37.568988],[127.00486,37.569081],[127.0046,37.568789],[127.004549,37.568311],[127.004203,37.567274],[127.004069,37.566731],[127.004092,37.566683],[127.003796,37.566154],[127.004363,37.566012],[127.004409,37.565888],[127.004354,37.56571],[127.00552,37.56546],[127.005742,37.565448]]]}},{"type":"Feature","properties":{"dong":"11140_을지로7가","sgg_cd":"11140","emd_cd":"11140149","umd_nm":"을지로7가","gu_name":"중구"},"geometry":{"type":"Polygon","coordinates":[[[127.009541,37.564744],[127.009732,37.564881],[127.009849,37.564881],[127.009956,37.564492],[127.010056,37.564478],[127.00998,37.564512],[127.009997,37.564608],[127.010216,37.564606],[127.010479,37.564947],[127.010442,37.565047],[127.010564,37.565023],[127.010751,37.565428],[127.011329,37.56585],[127.011641,37.566193],[127.011258,37.566683],[127.010998,37.567786],[127.010827,37.568031],[127.010589,37.568222],[127.010356,37.568255],[127.010325,37.568346],[127.009895,37.568051],[127.009092,37.567676],[127.008938,37.567561],[127.007821,37.566102],[127.007357,37.565241],[127.007793,37.564995],[127.008515,37.564788],[127.009277,37.564881],[127.009541,37.564744]]]}},{"type":"Feature","properties":{"dong":"11140_을지로4가","sgg_cd":"11140","emd_cd":"11140150","umd_nm":"을지로4가","gu_name":"중구"},"geometry":{"type":"Polygon","coordinates":[[[126.994777,37.566091],[126.996216,37.565697],[126.996338,37.565528],[126.996673,37.565439],[126.996763,37.565692],[126.996996,37.56564],[126.997459,37.565684],[126.997768,37.565651],[126.998069,37.56595],[126.998985,37.56565],[126.999707,37.565674],[126.999866,37.565782],[126.99998,37.565944],[127.000074,37.566409],[127.000257,37.566683],[127.000441,37.566828],[127.000595,37.567176],[127.000499,37.567208],[127.000412,37.567065],[127.000341,37.567038],[127.000113,37.567135],[126.998637,37.567347],[126.995559,37.566895],[126.995085,37.566747],[126.994777,37.566091]]]}},{"type":"Feature","properties":{"dong":"11140_을지로5가","sgg_cd":"11140","emd_cd":"11140151","umd_nm":"을지로5가","gu_name":"중구"},"geometry":{"type":"Polygon","coordinates":[[[127.004092,37.566683],[127.004069,37.566731],[127.004187,37.567216],[127.004462,37.568108],[127.004208,37.568158],[127.003836,37.568336],[127.003421,37.568165],[127.002853,37.567696],[127.002501,37.567495],[127.00189,37.567661],[127.001791,37.567521],[127.001682,37.567539],[127.001645,37.567465],[127.000868,37.567685],[127.000683,37.567402],[127.000441,37.566828],[127.000257,37.566683],[127.000074,37.566409],[126.999998,37.565976],[126.999866,37.565782],[127.001571,37.565875],[127.001606,37.565467],[127.00261,37.565518],[127.002626,37.565339],[127.002739,37.565481],[127.0032,37.565299],[127.003889,37.566285],[127.004092,37.566683]]]}},{"type":"Feature","properties":{"dong":"11140_주교동","sgg_cd":"11140","emd_cd":"11140152","umd_nm":"주교동","gu_name":"중구"},"geometry":{"type":"Polygon","coordinates":[[[126.996541,37.568306],[126.996974,37.568253],[126.997293,37.568052],[126.997714,37.567883],[126.997821,37.567217],[126.998637,37.567347],[127.000113,37.567135],[127.000341,37.567038],[127.000412,37.567065],[127.000499,37.567208],[127.000595,37.567176],[127.000846,37.56766],[127.001242,37.568009],[127.001466,37.568302],[127.001494,37.568485],[127.001435,37.568656],[127.001512,37.569004],[127.001449,37.569507],[126.99823,37.568885],[126.996328,37.568656],[126.996364,37.568406],[126.996541,37.568306]]]}},{"type":"Feature","properties":{"dong":"11140_방산동","sgg_cd":"11140","emd_cd":"11140153","umd_nm":"방산동","gu_name":"중구"},"geometry":{"type":"Polygon","coordinates":[[[127.005354,37.569613],[127.002257,37.569615],[127.001449,37.569507],[127.001512,37.569004],[127.001435,37.568656],[127.001489,37.56836],[127.001242,37.568009],[127.000868,37.567685],[127.001645,37.567465],[127.001682,37.567539],[127.001791,37.567521],[127.00189,37.567661],[127.002501,37.567495],[127.002853,37.567696],[127.003396,37.568149],[127.003572,37.568204],[127.003679,37.568299],[127.003836,37.568336],[127.004432,37.568095],[127.004536,37.568263],[127.0046,37.568789],[127.004688,37.568909],[127.00486,37.569081],[127.004922,37.568988],[127.005125,37.569006],[127.005121,37.569147],[127.005198,37.56928],[127.005303,37.569246],[127.00535,37.569308],[127.005354,37.569613]]]}},{"type":"Feature","properties":{"dong":"11140_오장동","sgg_cd":"11140","emd_cd":"11140154","umd_nm":"오장동","gu_name":"중구"},"geometry":{"type":"MultiPolygon","coordinates":[[[[127.001571,37.565875],[126.999866,37.565782],[126.999707,37.565674],[126.999098,37.565639],[126.99899,37.565441],[126.998892,37.565048],[126.998877,37.56463],[126.998953,37.564424],[126.99886,37.564383],[126.999043,37.564398],[126.999085,37.563911],[127.001715,37.564091],[127.001801,37.563008],[127.002389,37.563139],[127.002563,37.563382],[127.002384,37.565502],[127.001606,37.565467],[127.001571,37.565875]]],[[[127.002739,37.565481],[127.002664,37.565424],[127.002599,37.565232],[127.00274,37.565192],[127.002649,37.565025],[127.002716,37.564958],[127.002658,37.564898],[127.002848,37.564805],[127.003065,37.565001],[127.0032,37.565299],[127.002739,37.565481]]],[[[126.998635,37.564471],[126.998601,37.564368],[126.998848,37.564386],[126.998731,37.564457],[126.998635,37.564471]]]]}},{"type":"Feature","properties":{"dong":"11140_을지로3가","sgg_cd":"11140","emd_cd":"11140155","umd_nm":"을지로3가","gu_name":"중구"},"geometry":{"type":"Polygon","coordinates":[[[126.990916,37.568078],[126.990874,37.568073],[126.990815,37.567228],[126.99085,37.566826],[126.989678,37.566765],[126.989736,37.566284],[126.989806,37.56609],[126.989808,37.565509],[126.989856,37.565506],[126.989859,37.56542],[126.990022,37.565395],[126.990047,37.565449],[126.990237,37.56545],[126.990391,37.56541],[126.990495,37.565499],[126.990784,37.565414],[126.99081,37.565453],[126.990998,37.56537],[126.99104,37.565442],[126.991127,37.565417],[126.991109,37.565377],[126.991662,37.565234],[126.991691,37.565332],[126.992179,37.565115],[126.992775,37.56516],[126.992721,37.565586],[126.993313,37.565518],[126.99329,37.565436],[126.993406,37.56541],[126.993555,37.565662],[126.993618,37.566053],[126.993915,37.56599],[126.9942,37.565814],[126.994179,37.565734],[126.994537,37.565615],[126.995065,37.566652],[126.995085,37.566747],[126.994482,37.566567],[126.99454,37.566998],[126.994363,37.567031],[126.994336,37.566937],[126.994108,37.566961],[126.994024,37.567023],[126.994023,37.567196],[126.993435,37.567236],[126.993482,37.567413],[126.993305,37.567453],[126.993151,37.567563],[126.993037,37.567297],[126.992539,37.567292],[126.992457,37.567449],[126.992299,37.56744],[126.992243,37.567428],[126.992127,37.567226],[126.992149,37.567301],[126.992092,37.567323],[126.992156,37.567305],[126.992194,37.567398],[126.991934,37.567433],[126.991781,37.567394],[126.991556,37.567227],[126.991329,37.567186],[126.991282,37.567326],[126.990871,37.567358],[126.990916,37.568078]]]}},{"type":"Feature","properties":{"dong":"11140_입정동","sgg_cd":"11140","emd_cd":"11140156","umd_nm":"입정동","gu_name":"중구"},"geometry":{"type":"Polygon","coordinates":[[[126.994587,37.568514],[126.990914,37.568207],[126.990871,37.567358],[126.991282,37.567326],[126.991329,37.567186],[126.991556,37.567227],[126.991781,37.567394],[126.991934,37.567433],[126.992194,37.567398],[126.992156,37.567305],[126.992092,37.567323],[126.992149,37.567301],[126.992127,37.567226],[126.992243,37.567428],[126.992299,37.56744],[126.992457,37.567449],[126.992539,37.567292],[126.993037,37.567297],[126.993151,37.567563],[126.993305,37.567453],[126.993482,37.567413],[126.993435,37.567236],[126.994023,37.567196],[126.994024,37.567023],[126.994108,37.566961],[126.994336,37.566937],[126.994363,37.567031],[126.99454,37.566998],[126.994622,37.567615],[126.994587,37.568514]]]}},{"type":"Feature","properties":{"dong":"11140_산림동","sgg_cd":"11140","emd_cd":"11140157","umd_nm":"산림동","gu_name":"중구"},"geometry":{"type":"Polygon","coordinates":[[[126.995612,37.566904],[126.997821,37.567217],[126.997736,37.567843],[126.996974,37.568253],[126.99642,37.568345],[126.996336,37.568485],[126.996328,37.568656],[126.994587,37.568514],[126.994622,37.567615],[126.994482,37.566567],[126.995612,37.566904]]]}},{"type":"Feature","properties":{"dong":"11140_충무로3가","sgg_cd":"11140","emd_cd":"11140158","umd_nm":"충무로3가","gu_name":"중구"},"geometry":{"type":"Polygon","coordinates":[[[126.99278,37.563414],[126.992716,37.563227],[126.992507,37.563266],[126.992485,37.563208],[126.992384,37.563234],[126.992329,37.563147],[126.99202,37.563197],[126.992007,37.563151],[126.991782,37.56317],[126.991554,37.563269],[126.991514,37.563234],[126.991403,37.563312],[126.991246,37.563299],[126.991252,37.563249],[126.990287,37.563176],[126.99055,37.56117],[126.990613,37.561122],[126.990919,37.561084],[126.991632,37.561114],[126.991666,37.561817],[126.991491,37.562145],[126.992303,37.562212],[126.992337,37.562319],[126.99227,37.561781],[126.992731,37.561718],[126.99279,37.561989],[126.993174,37.561958],[126.993164,37.562173],[126.993585,37.562133],[126.993593,37.562515],[126.993385,37.562643],[126.993511,37.562988],[126.993092,37.563076],[126.993134,37.563247],[126.993079,37.563271],[126.993093,37.56339],[126.99278,37.563414]]]}},{"type":"Feature","properties":{"dong":"11140_초동","sgg_cd":"11140","emd_cd":"11140159","umd_nm":"초동","gu_name":"중구"},"geometry":{"type":"MultiPolygon","coordinates":[[[[126.99329,37.565436],[126.993313,37.565518],[126.992721,37.565586],[126.992775,37.56516],[126.992179,37.565115],[126.991691,37.565332],[126.991662,37.565234],[126.991109,37.565377],[126.991127,37.565417],[126.99104,37.565442],[126.990809,37.565067],[126.990646,37.564669],[126.990612,37.564343],[126.990735,37.564322],[126.990721,37.564107],[126.991153,37.564091],[126.991246,37.563299],[126.991403,37.563312],[126.991514,37.563234],[126.991554,37.563269],[126.991782,37.56317],[126.992007,37.563151],[126.99202,37.563197],[126.992329,37.563147],[126.992384,37.563234],[126.992485,37.563208],[126.992507,37.563266],[126.992716,37.563227],[126.99278,37.563414],[126.993164,37.563382],[126.993211,37.563582],[126.993326,37.563681],[126.993424,37.563696],[126.9935,37.563803],[126.993451,37.563826],[126.993475,37.563981],[126.993192,37.564073],[126.993137,37.564115],[126.993178,37.564195],[126.993035,37.564314],[126.993113,37.564476],[126.993416,37.564453],[126.993346,37.565042],[126.993757,37.565039],[126.993816,37.565114],[126.993881,37.565097],[126.994003,37.565353],[126.994041,37.56535],[126.994051,37.565395],[126.993701,37.565531],[126.993662,37.565594],[126.993858,37.565751],[126.993987,37.565932],[126.993841,37.566015],[126.993618,37.566053],[126.993598,37.565806],[126.993482,37.565517],[126.993406,37.56541],[126.99329,37.565436]]],[[[126.993547,37.56498],[126.993611,37.564967],[126.993553,37.564988],[126.993547,37.56498]]],[[[126.993652,37.564952],[126.993675,37.564937],[126.993679,37.564943],[126.993652,37.564952]]]]}},{"type":"Feature","properties":{"dong":"11140_인현동1가","sgg_cd":"11140","emd_cd":"11140160","umd_nm":"인현동1가","gu_name":"중구"},"geometry":{"type":"Polygon","coordinates":[[[126.994777,37.566091],[126.994537,37.565615],[126.994179,37.565734],[126.9942,37.565814],[126.993987,37.565932],[126.993858,37.565751],[126.993662,37.565594],[126.993701,37.565531],[126.994051,37.565395],[126.993881,37.565097],[126.993816,37.565114],[126.993757,37.565039],[126.993346,37.565042],[126.993416,37.564453],[126.993113,37.564476],[126.993035,37.564314],[126.993178,37.564195],[126.993137,37.564115],[126.993192,37.564073],[126.993475,37.563981],[126.993451,37.563826],[126.9935,37.563803],[126.993424,37.563696],[126.993326,37.563681],[126.993211,37.563582],[126.993164,37.563382],[126.993093,37.56339],[126.993079,37.563271],[126.993134,37.563247],[126.993092,37.563076],[126.993495,37.562992],[126.993555,37.563079],[126.993859,37.562998],[126.99401,37.563002],[126.994037,37.563097],[126.99433,37.563025],[126.994356,37.563061],[126.994354,37.563],[126.994429,37.562977],[126.994645,37.563524],[126.994658,37.563783],[126.994631,37.563885],[126.99456,37.563899],[126.99466,37.564344],[126.994782,37.564458],[126.994973,37.564964],[126.995047,37.56508],[126.995397,37.564999],[126.995516,37.565267],[126.995789,37.5652],[126.995878,37.565332],[126.996033,37.565758],[126.994777,37.566091]],[[126.993611,37.564967],[126.993547,37.56498],[126.993553,37.564988],[126.993611,37.564967]],[[126.993679,37.564943],[126.993675,37.564937],[126.993652,37.564952],[126.993679,37.564943]]]}},{"type":"Feature","properties":{"dong":"11140_저동2가","sgg_cd":"11140","emd_cd":"11140161","umd_nm":"저동2가","gu_name":"중구"},"geometry":{"type":"Polygon","coordinates":[[[126.99096,37.565399],[126.990495,37.565499],[126.990391,37.56541],[126.990047,37.565449],[126.990022,37.565395],[126.989943,37.565394],[126.989859,37.56542],[126.989856,37.565506],[126.989759,37.565512],[126.989762,37.565749],[126.989526,37.565742],[126.989104,37.565608],[126.989148,37.565254],[126.988605,37.565264],[126.988536,37.564918],[126.988513,37.564408],[126.988576,37.564358],[126.988656,37.564053],[126.988801,37.563873],[126.988701,37.56373],[126.988812,37.563293],[126.989409,37.562867],[126.989975,37.562864],[126.989977,37.562925],[126.990315,37.562952],[126.990287,37.563176],[126.991252,37.563249],[126.991153,37.564091],[126.990721,37.564107],[126.990735,37.564322],[126.990612,37.564343],[126.990646,37.564669],[126.99096,37.565399]]]}},{"type":"Feature","properties":{"dong":"11140_신당동","sgg_cd":"11140","emd_cd":"11140162","umd_nm":"신당동","gu_name":"중구"},"geometry":{"type":"Polygon","coordinates":[[[127.023342,37.565503],[127.023438,37.565346],[127.023492,37.565342],[127.023425,37.56532],[127.023425,37.565155],[127.022013,37.565459],[127.021116,37.565547],[127.021127,37.565614],[127.020498,37.565672],[127.0189,37.565649],[127.016229,37.565359],[127.015971,37.564086],[127.015448,37.563094],[127.014283,37.563987],[127.014334,37.564032],[127.014408,37.564523],[127.014697,37.564512],[127.014763,37.564681],[127.014691,37.564735],[127.014805,37.565064],[127.014209,37.564978],[127.013892,37.566716],[127.014391,37.566768],[127.01464,37.566737],[127.014679,37.566837],[127.01572,37.566929],[127.015809,37.56705],[127.015678,37.567906],[127.015714,37.568069],[127.015641,37.569206],[127.015344,37.569184],[127.015309,37.569388],[127.015657,37.569412],[127.015646,37.569506],[127.015572,37.569557],[127.015286,37.569552],[127.015257,37.569736],[127.013064,37.569699],[127.012107,37.569758],[127.009835,37.569765],[127.010356,37.568255],[127.010589,37.568222],[127.010827,37.568031],[127.010998,37.567786],[127.011258,37.566683],[127.011641,37.566193],[127.011329,37.56585],[127.010751,37.565428],[127.010564,37.565023],[127.010442,37.565047],[127.010479,37.564947],[127.010145,37.564483],[127.010061,37.564496],[127.009983,37.564136],[127.009934,37.563174],[127.010017,37.563155],[127.00998,37.563076],[127.009889,37.563102],[127.009605,37.562935],[127.009546,37.562844],[127.009319,37.562041],[127.009344,37.561823],[127.009283,37.561646],[127.009379,37.561421],[127.009401,37.561207],[127.009248,37.560778],[127.009557,37.560674],[127.009783,37.56052],[127.009822,37.560463],[127.009793,37.560305],[127.008871,37.559363],[127.008686,37.559267],[127.008549,37.559112],[127.008524,37.55886],[127.008264,37.558176],[127.008143,37.557725],[127.008166,37.557687],[127.008054,37.557695],[127.00823,37.557397],[127.008197,37.557045],[127.007885,37.556606],[127.007618,37.556464],[127.007391,37.556484],[127.00715,37.556396],[127.006927,37.555907],[127.006816,37.555796],[127.00622,37.555568],[127.005815,37.555119],[127.005543,37.554954],[127.005075,37.554564],[127.004989,37.554466],[127.005083,37.554393],[127.004716,37.553941],[127.004478,37.553776],[127.00445,37.55368],[127.004567,37.553024],[127.004389,37.552959],[127.004349,37.552807],[127.004376,37.552396],[127.004168,37.552099],[127.004036,37.551579],[127.004352,37.550943],[127.004612,37.550888],[127.004729,37.550491],[127.004363,37.550154],[127.004579,37.5498],[127.004565,37.549408],[127.004675,37.54868],[127.00496,37.54841],[127.00569,37.548268],[127.006071,37.548355],[127.00614,37.548193],[127.00562,37.547656],[127.005581,37.547606],[127.005621,37.547572],[127.005562,37.54751],[127.005329,37.547348],[127.005434,37.547063],[127.004989,37.546221],[127.007264,37.543857],[127.008983,37.544135],[127.008917,37.544476],[127.00854,37.544579],[127.008259,37.544925],[127.00812,37.545055],[127.008008,37.545089],[127.008112,37.54515],[127.008194,37.545129],[127.008718,37.546017],[127.009199,37.54642],[127.009087,37.547057],[127.009305,37.547464],[127.00967,37.54789],[127.010022,37.547907],[127.010588,37.548269],[127.010927,37.548181],[127.011595,37.548488],[127.011833,37.548753],[127.012167,37.549416],[127.012427,37.549492],[127.013664,37.550469],[127.015948,37.552563],[127.016134,37.552594],[127.016323,37.55306],[127.016619,37.553415],[127.016962,37.553612],[127.016894,37.553843],[127.016984,37.554089],[127.016833,37.554453],[127.017109,37.554911],[127.017227,37.554988],[127.017325,37.55588],[127.017576,37.556324],[127.018045,37.556838],[127.01857,37.557075],[127.01875,37.557219],[127.018966,37.557238],[127.019418,37.557437],[127.019707,37.557238],[127.019585,37.557504],[127.020917,37.557826],[127.020945,37.557756],[127.021928,37.557471],[127.022557,37.557794],[127.022896,37.557795],[127.022909,37.558331],[127.022847,37.558957],[127.022387,37.559027],[127.022759,37.559331],[127.02322,37.559999],[127.02335,37.560663],[127.023416,37.560775],[127.023903,37.561307],[127.024215,37.56153],[127.024508,37.561873],[127.025411,37.56228],[127.025929,37.562603],[127.026515,37.563391],[127.026645,37.563751],[127.026746,37.563893],[127.026689,37.564148],[127.026796,37.564201],[127.026746,37.56443],[127.026668,37.564504],[127.02673,37.564764],[127.026652,37.564791],[127.026781,37.565042],[127.023582,37.565199],[127.023573,37.565778],[127.023402,37.565796],[127.023415,37.565599],[127.023383,37.565596],[127.023396,37.565512],[127.023342,37.565503]]]}},{"type":"Feature","properties":{"dong":"11140_흥인동","sgg_cd":"11140","emd_cd":"11140163","umd_nm":"흥인동","gu_name":"중구"},"geometry":{"type":"Polygon","coordinates":[[[127.01572,37.566929],[127.014679,37.566837],[127.01464,37.566737],[127.014391,37.566768],[127.013892,37.566716],[127.014179,37.565131],[127.018092,37.565569],[127.017983,37.566429],[127.017689,37.570166],[127.016666,37.569903],[127.015268,37.569667],[127.015286,37.569552],[127.015572,37.569557],[127.015646,37.569506],[127.015657,37.569412],[127.015309,37.569388],[127.015344,37.569184],[127.015641,37.569206],[127.015714,37.568069],[127.015678,37.567906],[127.015809,37.56705],[127.01572,37.566929]]]}},{"type":"Feature","properties":{"dong":"11140_무학동","sgg_cd":"11140","emd_cd":"11140164","umd_nm":"무학동","gu_name":"중구"},"geometry":{"type":"Polygon","coordinates":[[[127.014408,37.564523],[127.014334,37.564032],[127.014283,37.563987],[127.015448,37.563094],[127.015971,37.564086],[127.016229,37.565359],[127.014179,37.565131],[127.014209,37.564978],[127.014805,37.565064],[127.014691,37.564735],[127.014763,37.564681],[127.014697,37.564512],[127.014408,37.564523]]]}},{"type":"Feature","properties":{"dong":"11140_황학동","sgg_cd":"11140","emd_cd":"11140165","umd_nm":"황학동","gu_name":"중구"},"geometry":{"type":"Polygon","coordinates":[[[127.019134,37.571068],[127.017363,37.570084],[127.017689,37.570166],[127.017983,37.566429],[127.018092,37.565569],[127.0189,37.565649],[127.020498,37.565672],[127.021127,37.565614],[127.021116,37.565547],[127.022013,37.565459],[127.023425,37.565155],[127.023425,37.56532],[127.023492,37.565342],[127.023438,37.565346],[127.023342,37.565503],[127.023396,37.565512],[127.023383,37.565596],[127.023415,37.565599],[127.023402,37.565796],[127.023565,37.565807],[127.023564,37.566241],[127.023393,37.571904],[127.02294,37.571991],[127.022204,37.572023],[127.021529,37.571925],[127.020754,37.571715],[127.019134,37.571068]]]}},{"type":"Feature","properties":{"dong":"11140_서소문동","sgg_cd":"11140","emd_cd":"11140166","umd_nm":"서소문동","gu_name":"중구"},"geometry":{"type":"Polygon","coordinates":[[[126.976399,37.56446],[126.976293,37.564422],[126.976106,37.564503],[126.976145,37.564667],[126.976113,37.564903],[126.975899,37.564925],[126.974055,37.564789],[126.973858,37.564931],[126.973691,37.565187],[126.972876,37.565019],[126.9728,37.564977],[126.972923,37.564557],[126.972947,37.563367],[126.972436,37.563058],[126.972392,37.563155],[126.971243,37.562903],[126.971455,37.562527],[126.971505,37.562542],[126.971642,37.562258],[126.971861,37.561969],[126.97261,37.561274],[126.973122,37.560644],[126.973152,37.560657],[126.972879,37.560995],[126.973497,37.561276],[126.973656,37.56114],[126.97385,37.561128],[126.974267,37.560911],[126.974103,37.561018],[126.97409,37.561152],[126.974704,37.561964],[126.97479,37.561991],[126.9747,37.562505],[126.975076,37.562563],[126.975183,37.562779],[126.975575,37.562748],[126.975789,37.562811],[126.975809,37.562992],[126.975921,37.563149],[126.975966,37.563405],[126.975969,37.563623],[126.975855,37.563859],[126.976635,37.564151],[126.976399,37.56446]]]}},{"type":"Feature","properties":{"dong":"11140_정동","sgg_cd":"11140","emd_cd":"11140167","umd_nm":"정동","gu_name":"중구"},"geometry":{"type":"Polygon","coordinates":[[[126.975695,37.568874],[126.975766,37.569226],[126.97571,37.569246],[126.975663,37.56938],[126.974707,37.569202],[126.974281,37.569246],[126.974296,37.569328],[126.974173,37.569344],[126.973204,37.56932],[126.973189,37.569164],[126.972876,37.569191],[126.972804,37.568996],[126.97259,37.569058],[126.972419,37.568831],[126.972552,37.568474],[126.971908,37.568288],[126.971921,37.568319],[126.971667,37.568346],[126.971512,37.568712],[126.971226,37.568755],[126.971177,37.568818],[126.970773,37.568601],[126.970339,37.568521],[126.969506,37.568156],[126.969423,37.568276],[126.96929,37.568198],[126.969286,37.56811],[126.968972,37.56774],[126.968943,37.567635],[126.969032,37.567206],[126.969198,37.566939],[126.969124,37.566635],[126.969214,37.566244],[126.96931,37.566055],[126.969469,37.565916],[126.969964,37.565673],[126.970229,37.565301],[126.970585,37.565168],[126.970922,37.565323],[126.971069,37.565288],[126.971171,37.56519],[126.971643,37.563933],[126.97164,37.56367],[126.971562,37.563512],[126.971242,37.56319],[126.971243,37.562903],[126.972392,37.563155],[126.972436,37.563058],[126.972947,37.563367],[126.972923,37.564557],[126.9728,37.564977],[126.972876,37.565019],[126.973691,37.565187],[126.973858,37.564931],[126.974055,37.564789],[126.975899,37.564925],[126.977295,37.564729],[126.977633,37.565793],[126.977248,37.566258],[126.977171,37.566681],[126.977002,37.566681],[126.977002,37.566754],[126.976909,37.56679],[126.976721,37.566709],[126.97645,37.567127],[126.975693,37.567708],[126.975523,37.568233],[126.975877,37.568722],[126.975743,37.568775],[126.97578,37.568828],[126.975695,37.568874]]]}},{"type":"Feature","properties":{"dong":"11140_순화동","sgg_cd":"11140","emd_cd":"11140168","umd_nm":"순화동","gu_name":"중구"},"geometry":{"type":"Polygon","coordinates":[[[126.970164,37.561693],[126.970627,37.560052],[126.970777,37.559749],[126.970723,37.559715],[126.970827,37.559568],[126.971004,37.559085],[126.970921,37.55906],[126.971075,37.558879],[126.971345,37.558713],[126.972303,37.559537],[126.972472,37.559787],[126.972704,37.560003],[126.972902,37.560313],[126.973305,37.560431],[126.97261,37.561274],[126.971861,37.561969],[126.971642,37.562258],[126.971505,37.562542],[126.971455,37.562527],[126.971243,37.562903],[126.971242,37.56319],[126.971562,37.563512],[126.97164,37.56367],[126.971643,37.563933],[126.971171,37.56519],[126.971069,37.565288],[126.970922,37.565323],[126.970585,37.565168],[126.970422,37.56521],[126.970179,37.565337],[126.969905,37.565721],[126.969362,37.565973],[126.968279,37.565504],[126.968566,37.564979],[126.968825,37.563946],[126.968868,37.563561],[126.968658,37.563372],[126.968838,37.563122],[126.969491,37.563253],[126.969738,37.562823],[126.970049,37.561844],[126.970164,37.561693]]]}},{"type":"Feature","properties":{"dong":"11140_의주로1가","sgg_cd":"11140","emd_cd":"11140169","umd_nm":"의주로1가","gu_name":"중구"},"geometry":{"type":"MultiPolygon","coordinates":[[[[126.969463,37.561976],[126.968077,37.561655],[126.968106,37.561529],[126.96997,37.562083],[126.969738,37.562823],[126.969491,37.563253],[126.968838,37.563122],[126.969463,37.561976]]],[[[126.967902,37.565606],[126.967808,37.565702],[126.967736,37.56571],[126.967389,37.565472],[126.967317,37.565571],[126.967296,37.565797],[126.967234,37.565611],[126.96698,37.565512],[126.967564,37.564877],[126.968658,37.563372],[126.968868,37.563561],[126.968762,37.564294],[126.968566,37.564979],[126.968273,37.565512],[126.968015,37.56569],[126.967902,37.565606]]]]}},{"type":"Feature","properties":{"dong":"11140_충정로1가","sgg_cd":"11140","emd_cd":"11140170","umd_nm":"충정로1가","gu_name":"중구"},"geometry":{"type":"Polygon","coordinates":[[[126.967301,37.565796],[126.967317,37.565571],[126.967389,37.565472],[126.967736,37.56571],[126.967808,37.565702],[126.967902,37.565606],[126.968015,37.56569],[126.968279,37.565504],[126.969338,37.565965],[126.969447,37.565933],[126.96931,37.566055],[126.969157,37.56643],[126.969124,37.566635],[126.969198,37.566939],[126.969032,37.567206],[126.968948,37.567581],[126.968972,37.56774],[126.969286,37.56811],[126.969174,37.568216],[126.969095,37.568248],[126.966699,37.56582],[126.96698,37.565512],[126.967234,37.565611],[126.967301,37.565796]]]}},{"type":"Feature","properties":{"dong":"11140_중림동","sgg_cd":"11140","emd_cd":"11140171","umd_nm":"중림동","gu_name":"중구"},"geometry":{"type":"Polygon","coordinates":[[[126.96765,37.55724],[126.967819,37.557039],[126.968129,37.557112],[126.968386,37.557278],[126.968851,37.557059],[126.968807,37.556964],[126.969228,37.556833],[126.969272,37.557395],[126.969493,37.558126],[126.969473,37.559628],[126.969542,37.559923],[126.969532,37.560298],[126.96939,37.560453],[126.969194,37.560552],[126.968741,37.560621],[126.968411,37.560744],[126.968277,37.560958],[126.968218,37.561205],[126.968312,37.561036],[126.968077,37.561655],[126.967441,37.561508],[126.966834,37.561272],[126.96559,37.560374],[126.963983,37.559462],[126.963304,37.559214],[126.961677,37.559027],[126.961747,37.558812],[126.961559,37.558616],[126.961608,37.558449],[126.961572,37.55842],[126.962079,37.558461],[126.96284,37.558054],[126.962857,37.558126],[126.963055,37.558201],[126.963053,37.557409],[126.963217,37.557313],[126.963429,37.556956],[126.963825,37.556827],[126.96434,37.556782],[126.964738,37.556672],[126.964708,37.556721],[126.964877,37.556724],[126.965032,37.556878],[126.965603,37.557105],[126.965632,37.55733],[126.965776,37.557233],[126.965876,37.557345],[126.966411,37.55706],[126.966802,37.557104],[126.966954,37.556993],[126.967158,37.557],[126.96765,37.55724]]]}},{"type":"Feature","properties":{"dong":"11140_의주로2가","sgg_cd":"11140","emd_cd":"11140172","umd_nm":"의주로2가","gu_name":"중구"},"geometry":{"type":"Polygon","coordinates":[[[126.970627,37.560052],[126.970164,37.561693],[126.970063,37.561809],[126.96997,37.562083],[126.968106,37.561529],[126.968312,37.561036],[126.968218,37.561205],[126.968277,37.560958],[126.968411,37.560744],[126.968741,37.560621],[126.969194,37.560552],[126.969505,37.560346],[126.969542,37.559923],[126.969473,37.559628],[126.969483,37.559247],[126.969483,37.559284],[126.970879,37.559366],[126.970827,37.559568],[126.970723,37.559715],[126.970777,37.559749],[126.970627,37.560052]]]}},{"type":"Feature","properties":{"dong":"11140_만리동1가","sgg_cd":"11140","emd_cd":"11140173","umd_nm":"만리동1가","gu_name":"중구"},"geometry":{"type":"Polygon","coordinates":[[[126.965876,37.557345],[126.965776,37.557233],[126.965632,37.55733],[126.965603,37.557105],[126.965032,37.556878],[126.964877,37.556724],[126.964708,37.556721],[126.964738,37.556672],[126.96494,37.556616],[126.96525,37.556366],[126.965461,37.556258],[126.965736,37.555943],[126.966488,37.555763],[126.966443,37.555652],[126.966488,37.555448],[126.966846,37.554706],[126.96681,37.554564],[126.966563,37.554513],[126.966619,37.554428],[126.967018,37.554547],[126.969186,37.555662],[126.969228,37.556833],[126.968807,37.556964],[126.968851,37.557059],[126.968663,37.557161],[126.968351,37.557283],[126.968256,37.557204],[126.96828,37.557178],[126.967819,37.557039],[126.96765,37.55724],[126.967158,37.557],[126.966954,37.556993],[126.966802,37.557104],[126.966411,37.55706],[126.965876,37.557345]]]}},{"type":"Feature","properties":{"dong":"11140_만리동2가","sgg_cd":"11140","emd_cd":"11140174","umd_nm":"만리동2가","gu_name":"중구"},"geometry":{"type":"Polygon","coordinates":[[[126.963429,37.556956],[126.963442,37.55685],[126.963363,37.556683],[126.963156,37.556532],[126.962839,37.556175],[126.96275,37.556012],[126.962474,37.555911],[126.96208,37.555431],[126.962116,37.555375],[126.96202,37.555129],[126.961999,37.555241],[126.96194,37.555123],[126.961736,37.554987],[126.961726,37.554779],[126.961904,37.55441],[126.962286,37.55291],[126.962327,37.55199],[126.962284,37.55188],[126.962405,37.551647],[126.96233,37.551611],[126.962342,37.551549],[126.963377,37.552261],[126.964635,37.553369],[126.965705,37.554149],[126.966619,37.554428],[126.966563,37.554513],[126.96681,37.554564],[126.966846,37.554706],[126.966488,37.555448],[126.966443,37.555652],[126.966488,37.555763],[126.965736,37.555943],[126.965461,37.556258],[126.96525,37.556366],[126.96494,37.556616],[126.96434,37.556782],[126.963825,37.556827],[126.963429,37.556956]]]}},{"type":"Feature","properties":{"dong":"11170_후암동","sgg_cd":"11170","emd_cd":"11170101","umd_nm":"후암동","gu_name":"용산구"},"geometry":{"type":"Polygon","coordinates":[[[126.976548,37.555222],[126.976508,37.554223],[126.976572,37.554222],[126.976554,37.553511],[126.976459,37.553517],[126.976561,37.553504],[126.976618,37.553307],[126.976576,37.552962],[126.976696,37.552586],[126.976544,37.552607],[126.976453,37.552343],[126.976348,37.552412],[126.976227,37.55241],[126.976092,37.552318],[126.975735,37.552264],[126.975284,37.551926],[126.975297,37.551758],[126.975058,37.551483],[126.975116,37.551128],[126.975345,37.551108],[126.975459,37.55104],[126.975396,37.550606],[126.97575,37.550231],[126.975724,37.550195],[126.9755,37.55028],[126.975316,37.550292],[126.975182,37.550198],[126.975233,37.550071],[126.975026,37.550027],[126.975121,37.549731],[126.974707,37.54954],[126.974508,37.549575],[126.974448,37.549394],[126.97446,37.549234],[126.974341,37.549093],[126.97433,37.548922],[126.974195,37.548808],[126.97376,37.548725],[126.973682,37.548553],[126.97352,37.548412],[126.973453,37.548144],[126.973252,37.54788],[126.973371,37.547761],[126.973574,37.547669],[126.973606,37.547562],[126.973875,37.547502],[126.974051,37.547581],[126.974203,37.547574],[126.9743,37.547496],[126.974475,37.547204],[126.974577,37.547186],[126.974619,37.547025],[126.974821,37.547024],[126.974872,37.54707],[126.975052,37.546986],[126.974698,37.546583],[126.974572,37.546512],[126.974727,37.546365],[126.975064,37.546435],[126.974938,37.546387],[126.975082,37.545583],[126.975328,37.545601],[126.975328,37.545545],[126.980374,37.546217],[126.982373,37.54644],[126.983543,37.546522],[126.98541,37.547421],[126.986103,37.547855],[126.986584,37.547897],[126.986858,37.547749],[126.987182,37.548091],[126.98759,37.548859],[126.987341,37.549391],[126.987286,37.550044],[126.987463,37.550238],[126.987591,37.550566],[126.987559,37.55091],[126.987474,37.551136],[126.98772,37.551445],[126.987564,37.551493],[126.987425,37.551671],[126.987409,37.551828],[126.987054,37.5523],[126.986604,37.552604],[126.986106,37.553356],[126.985423,37.553726],[126.984621,37.55314],[126.984016,37.553047],[126.983672,37.553127],[126.983316,37.553367],[126.983042,37.553365],[126.98249,37.553468],[126.982195,37.553629],[126.98202,37.553784],[126.981723,37.553847],[126.981186,37.553804],[126.980847,37.55386],[126.980494,37.553505],[126.980386,37.553322],[126.979651,37.553321],[126.978732,37.553204],[126.978713,37.553794],[126.978797,37.554087],[126.978099,37.554417],[126.977263,37.555009],[126.976548,37.555222]]]}},{"type":"Feature","properties":{"dong":"11170_용산동2가","sgg_cd":"11170","emd_cd":"11170102","umd_nm":"용산동2가","gu_name":"용산구"},"geometry":{"type":"Polygon","coordinates":[[[126.98772,37.551445],[126.987474,37.551136],[126.987559,37.55091],[126.987591,37.550566],[126.987463,37.550238],[126.987286,37.550044],[126.987341,37.549391],[126.987586,37.548839],[126.987182,37.548091],[126.986858,37.547749],[126.986584,37.547897],[126.986103,37.547855],[126.98541,37.547421],[126.983543,37.546522],[126.982373,37.54644],[126.978369,37.54596],[126.97903,37.544435],[126.979067,37.5439],[126.979192,37.543615],[126.97902,37.542425],[126.979508,37.541375],[126.980401,37.539135],[126.980468,37.537939],[126.980402,37.537843],[126.9806,37.534824],[126.985992,37.535039],[126.987302,37.534593],[126.987298,37.534648],[126.987088,37.53472],[126.987182,37.534833],[126.987075,37.536196],[126.986645,37.537997],[126.986674,37.538143],[126.986636,37.538182],[126.98687,37.538236],[126.986885,37.538483],[126.986819,37.538654],[126.98833,37.543011],[126.988494,37.543234],[126.98875,37.543404],[126.989039,37.54369],[126.988943,37.543698],[126.989494,37.544049],[126.989802,37.545054],[126.989868,37.545048],[126.990278,37.546559],[126.990929,37.547163],[126.991563,37.547886],[126.992796,37.548514],[126.993308,37.548854],[126.993097,37.549101],[126.992934,37.549527],[126.992351,37.550054],[126.991643,37.550269],[126.990968,37.550788],[126.990707,37.551103],[126.990239,37.551279],[126.989868,37.551257],[126.989471,37.551326],[126.989471,37.551219],[126.989347,37.551233],[126.988681,37.551512],[126.988058,37.551438],[126.988033,37.551505],[126.98772,37.551445]]]}},{"type":"Feature","properties":{"dong":"11170_용산동4가","sgg_cd":"11170","emd_cd":"11170103","umd_nm":"용산동4가","gu_name":"용산구"},"geometry":{"type":"Polygon","coordinates":[[[126.989625,37.527171],[126.991659,37.527184],[126.991383,37.529654],[126.9915,37.529734],[126.988204,37.534247],[126.988138,37.534247],[126.988077,37.534328],[126.985992,37.535039],[126.9806,37.534824],[126.98034,37.533233],[126.980258,37.532193],[126.980116,37.52888],[126.98007,37.526177],[126.981294,37.526131],[126.981601,37.526166],[126.983309,37.526601],[126.985831,37.52714],[126.987546,37.52715],[126.988591,37.527046],[126.989625,37.527171]]]}},{"type":"Feature","properties":{"dong":"11170_갈월동","sgg_cd":"11170","emd_cd":"11170104","umd_nm":"갈월동","gu_name":"용산구"},"geometry":{"type":"Polygon","coordinates":[[[126.972804,37.549912],[126.971861,37.54982],[126.971848,37.549587],[126.971778,37.549467],[126.970752,37.54866],[126.970867,37.54866],[126.970771,37.548589],[126.970867,37.548299],[126.970857,37.546587],[126.970984,37.546269],[126.970998,37.544475],[126.971105,37.544302],[126.971302,37.544248],[126.970986,37.544231],[126.971033,37.544002],[126.971026,37.543339],[126.971108,37.542725],[126.970995,37.54101],[126.970889,37.540573],[126.971075,37.540128],[126.971076,37.539955],[126.971457,37.53996],[126.971813,37.540122],[126.971826,37.54008],[126.973306,37.540376],[126.972088,37.54511],[126.975328,37.545545],[126.975328,37.545601],[126.975082,37.545583],[126.974938,37.546387],[126.975064,37.546435],[126.974727,37.546365],[126.974572,37.546512],[126.974698,37.546583],[126.975052,37.546986],[126.974872,37.54707],[126.974821,37.547024],[126.974619,37.547025],[126.974577,37.547186],[126.974475,37.547204],[126.9743,37.547496],[126.974203,37.547574],[126.974051,37.547581],[126.973875,37.547502],[126.973606,37.547562],[126.973574,37.547669],[126.973258,37.547851],[126.973453,37.548144],[126.97352,37.548412],[126.973682,37.548553],[126.97376,37.548725],[126.973985,37.54876],[126.973933,37.549035],[126.973678,37.549203],[126.973489,37.549407],[126.972807,37.549797],[126.972804,37.549912]]]}},{"type":"Feature","properties":{"dong":"11170_남영동","sgg_cd":"11170","emd_cd":"11170105","umd_nm":"남영동","gu_name":"용산구"},"geometry":{"type":"Polygon","coordinates":[[[126.973437,37.545292],[126.972088,37.54511],[126.973297,37.540404],[126.974655,37.540666],[126.973437,37.545292]]]}},{"type":"Feature","properties":{"dong":"11170_용산동1가","sgg_cd":"11170","emd_cd":"11170106","umd_nm":"용산동1가","gu_name":"용산구"},"geometry":{"type":"Polygon","coordinates":[[[126.978369,37.54596],[126.973437,37.545292],[126.974655,37.540666],[126.973297,37.540404],[126.974026,37.537639],[126.974762,37.537671],[126.974767,37.537588],[126.974873,37.537594],[126.974991,37.53554],[126.975106,37.535161],[126.975178,37.535105],[126.975019,37.535092],[126.975757,37.534568],[126.980609,37.534748],[126.980402,37.537843],[126.980468,37.537939],[126.980401,37.539135],[126.979508,37.541375],[126.97902,37.542425],[126.979192,37.543615],[126.979067,37.5439],[126.97903,37.544435],[126.978369,37.54596]]]}},{"type":"Feature","properties":{"dong":"11170_동자동","sgg_cd":"11170","emd_cd":"11170107","umd_nm":"동자동","gu_name":"용산구"},"geometry":{"type":"MultiPolygon","coordinates":[[[[126.972408,37.554878],[126.969173,37.554877],[126.969105,37.552854],[126.969149,37.55253],[126.969233,37.552316],[126.969404,37.552187],[126.969432,37.552113],[126.970364,37.551545],[126.970593,37.551181],[126.970674,37.550959],[126.970673,37.550818],[126.970571,37.550701],[126.970429,37.550631],[126.970248,37.550346],[126.970163,37.549968],[126.97012,37.549199],[126.970436,37.549115],[126.970119,37.549138],[126.970117,37.54909],[126.970371,37.549089],[126.970371,37.548796],[126.970397,37.549088],[126.970501,37.549082],[126.970698,37.548703],[126.970152,37.548276],[126.970098,37.548221],[126.97011,37.548158],[126.971778,37.549467],[126.971848,37.549587],[126.971861,37.54982],[126.972804,37.549912],[126.972807,37.549797],[126.973489,37.549407],[126.973678,37.549203],[126.973933,37.549035],[126.973985,37.54876],[126.974195,37.548808],[126.97433,37.548922],[126.974341,37.549093],[126.97446,37.549234],[126.974448,37.549394],[126.974508,37.549575],[126.974707,37.54954],[126.975121,37.549731],[126.975026,37.550027],[126.975233,37.550071],[126.975182,37.550198],[126.975316,37.550292],[126.9755,37.55028],[126.975724,37.550195],[126.975728,37.550278],[126.975396,37.550606],[126.975459,37.55104],[126.975345,37.551108],[126.975116,37.551128],[126.975058,37.551483],[126.975297,37.551758],[126.975284,37.551926],[126.975735,37.552264],[126.976092,37.552318],[126.976227,37.55241],[126.976348,37.552412],[126.976453,37.552343],[126.976544,37.552607],[126.976696,37.552586],[126.976576,37.552962],[126.976619,37.553302],[126.976561,37.553504],[126.976459,37.553517],[126.976426,37.553086],[126.975831,37.553388],[126.97435,37.553548],[126.973105,37.554258],[126.972951,37.5543],[126.972948,37.554346],[126.972411,37.554651],[126.972408,37.554878]]],[[[126.976508,37.554223],[126.97646,37.553523],[126.976554,37.553511],[126.976572,37.554222],[126.976508,37.554223]]]]}},{"type":"Feature","properties":{"dong":"11170_서계동","sgg_cd":"11170","emd_cd":"11170108","umd_nm":"서계동","gu_name":"용산구"},"geometry":{"type":"Polygon","coordinates":[[[126.969105,37.552854],[126.969186,37.555665],[126.966862,37.554469],[126.966855,37.554501],[126.96571,37.554152],[126.964639,37.553371],[126.963383,37.552261],[126.962329,37.551539],[126.962379,37.55148],[126.962361,37.551369],[126.962563,37.551251],[126.963049,37.550836],[126.96319,37.550663],[126.963233,37.550459],[126.963491,37.550185],[126.963604,37.549936],[126.96378,37.549804],[126.963906,37.549775],[126.963969,37.549661],[126.96414,37.549543],[126.964584,37.549748],[126.964632,37.54984],[126.96516,37.550148],[126.965286,37.550305],[126.965244,37.550378],[126.965336,37.550491],[126.965451,37.550505],[126.965609,37.550818],[126.966038,37.551181],[126.966279,37.551468],[126.966348,37.551445],[126.966364,37.551362],[126.966728,37.551226],[126.966788,37.551129],[126.966981,37.551009],[126.96699,37.55095],[126.967335,37.550664],[126.968101,37.550375],[126.968169,37.550296],[126.968166,37.550194],[126.96831,37.550105],[126.968451,37.55007],[126.968669,37.550121],[126.968933,37.549952],[126.969131,37.549893],[126.969298,37.549921],[126.969573,37.549597],[126.970138,37.549613],[126.970248,37.550346],[126.970429,37.550631],[126.970571,37.550701],[126.970673,37.550818],[126.970674,37.550959],[126.970593,37.551181],[126.970364,37.551545],[126.969432,37.552113],[126.969404,37.552187],[126.969233,37.552316],[126.969149,37.55253],[126.969105,37.552854]]]}},{"type":"Feature","properties":{"dong":"11170_청파동1가","sgg_cd":"11170","emd_cd":"11170109","umd_nm":"청파동1가","gu_name":"용산구"},"geometry":{"type":"Polygon","coordinates":[[[126.963896,37.549779],[126.963726,37.549232],[126.963722,37.548792],[126.96344,37.548678],[126.963404,37.548448],[126.963509,37.548366],[126.963817,37.54825],[126.96466,37.548175],[126.964672,37.548241],[126.965104,37.548136],[126.965788,37.548057],[126.966305,37.547713],[126.966232,37.547497],[126.96626,37.547367],[126.966507,37.547285],[126.966783,37.547266],[126.967116,37.547053],[126.967229,37.546805],[126.967365,37.54687],[126.96752,37.54683],[126.967709,37.547069],[126.968705,37.547062],[126.96869,37.54702],[126.968786,37.546968],[126.969194,37.546853],[126.969626,37.546891],[126.970067,37.546887],[126.970215,37.546825],[126.970441,37.546858],[126.970686,37.546316],[126.970834,37.546371],[126.970906,37.546468],[126.970857,37.546587],[126.970848,37.546967],[126.970867,37.548299],[126.970771,37.548589],[126.970867,37.54866],[126.970752,37.54866],[126.97011,37.548158],[126.970098,37.548221],[126.970152,37.548276],[126.970698,37.548703],[126.970501,37.549082],[126.970397,37.549088],[126.970371,37.548796],[126.970371,37.549089],[126.970117,37.54909],[126.970119,37.549138],[126.970439,37.549128],[126.97012,37.549199],[126.970138,37.549613],[126.969573,37.549597],[126.969298,37.549921],[126.969131,37.549893],[126.968933,37.549952],[126.968669,37.550121],[126.968451,37.55007],[126.96831,37.550105],[126.968166,37.550194],[126.968169,37.550296],[126.968101,37.550375],[126.967335,37.550664],[126.96699,37.55095],[126.966981,37.551009],[126.966788,37.551129],[126.966728,37.551226],[126.966364,37.551362],[126.966346,37.551446],[126.966279,37.551468],[126.966182,37.551389],[126.966038,37.551181],[126.965609,37.550818],[126.965451,37.550505],[126.965336,37.550491],[126.965244,37.550378],[126.965286,37.550305],[126.96505,37.550064],[126.964213,37.549557],[126.964091,37.549565],[126.963896,37.549779]]]}},{"type":"Feature","properties":{"dong":"11170_청파동2가","sgg_cd":"11170","emd_cd":"11170110","umd_nm":"청파동2가","gu_name":"용산구"},"geometry":{"type":"Polygon","coordinates":[[[126.96344,37.548678],[126.963341,37.548648],[126.963307,37.548445],[126.963314,37.548403],[126.963393,37.548392],[126.963372,37.546803],[126.963317,37.546741],[126.962934,37.546772],[126.963196,37.546721],[126.963197,37.546689],[126.962917,37.546252],[126.96254,37.545843],[126.962339,37.545431],[126.962264,37.544868],[126.962365,37.544504],[126.962266,37.54438],[126.962275,37.544248],[126.962031,37.544091],[126.962064,37.543868],[126.962672,37.543851],[126.962914,37.5438],[126.963408,37.543947],[126.963979,37.544417],[126.964054,37.544594],[126.964934,37.545027],[126.965089,37.545149],[126.965796,37.544906],[126.966303,37.544829],[126.966789,37.544822],[126.966954,37.544871],[126.967142,37.544794],[126.967312,37.544823],[126.967457,37.544914],[126.967689,37.544754],[126.968086,37.544643],[126.96854,37.544375],[126.968861,37.544541],[126.96925,37.544609],[126.969468,37.544802],[126.969703,37.544854],[126.969896,37.544975],[126.970651,37.545099],[126.970657,37.54481],[126.970953,37.54427],[126.97093,37.544236],[126.971302,37.544248],[126.971105,37.544302],[126.970998,37.544475],[126.970975,37.546309],[126.970906,37.546468],[126.970834,37.546371],[126.970686,37.546316],[126.970441,37.546858],[126.970215,37.546825],[126.970067,37.546887],[126.969626,37.546891],[126.969194,37.546853],[126.968786,37.546968],[126.96869,37.54702],[126.968705,37.547062],[126.967922,37.547086],[126.967709,37.547069],[126.96752,37.54683],[126.967365,37.54687],[126.967229,37.546805],[126.967116,37.547053],[126.966783,37.547266],[126.966507,37.547285],[126.96626,37.547367],[126.966232,37.547497],[126.966305,37.547713],[126.965788,37.548057],[126.965104,37.548136],[126.964672,37.548241],[126.96466,37.548175],[126.963817,37.54825],[126.963404,37.548448],[126.96344,37.548678]]]}},{"type":"Feature","properties":{"dong":"11170_청파동3가","sgg_cd":"11170","emd_cd":"11170111","umd_nm":"청파동3가","gu_name":"용산구"},"geometry":{"type":"Polygon","coordinates":[[[126.970986,37.544231],[126.97093,37.544236],[126.970953,37.54427],[126.970707,37.544671],[126.970637,37.544872],[126.970669,37.544881],[126.970651,37.545099],[126.969896,37.544975],[126.969703,37.544854],[126.969468,37.544802],[126.96925,37.544609],[126.968861,37.544541],[126.96854,37.544375],[126.968086,37.544643],[126.967689,37.544754],[126.967457,37.544914],[126.967312,37.544823],[126.967142,37.544794],[126.966954,37.544871],[126.966789,37.544822],[126.966303,37.544829],[126.965796,37.544906],[126.965089,37.545149],[126.964934,37.545027],[126.964054,37.544594],[126.963979,37.544417],[126.963408,37.543947],[126.962914,37.5438],[126.962672,37.543851],[126.962064,37.543868],[126.962085,37.542861],[126.962169,37.541843],[126.962178,37.541812],[126.962781,37.542197],[126.963353,37.542477],[126.964172,37.542611],[126.964586,37.542608],[126.964658,37.542483],[126.964889,37.541501],[126.965165,37.541635],[126.966706,37.541609],[126.968141,37.54145],[126.968393,37.541579],[126.96842,37.541755],[126.968345,37.541899],[126.968457,37.542164],[126.970563,37.541516],[126.970949,37.541847],[126.971056,37.541846],[126.971108,37.542725],[126.971026,37.543339],[126.971033,37.544002],[126.970986,37.544231]],[[126.962946,37.542592],[126.962954,37.542944],[126.962905,37.543168],[126.962954,37.543355],[126.963127,37.543552],[126.963576,37.543645],[126.964261,37.543667],[126.964123,37.543122],[126.964408,37.542954],[126.963964,37.542926],[126.962946,37.542592]]]}},{"type":"Feature","properties":{"dong":"11170_원효로1가","sgg_cd":"11170","emd_cd":"11170112","umd_nm":"원효로1가","gu_name":"용산구"},"geometry":{"type":"Polygon","coordinates":[[[126.964889,37.541501],[126.96486,37.541197],[126.964775,37.540953],[126.964198,37.540093],[126.964147,37.539526],[126.964339,37.539143],[126.964339,37.538801],[126.964212,37.538658],[126.964015,37.538559],[126.964015,37.538502],[126.964055,37.538524],[126.965569,37.538136],[126.966711,37.537746],[126.966889,37.53764],[126.967004,37.537974],[126.96827,37.538195],[126.968657,37.538345],[126.969382,37.53871],[126.970157,37.539332],[126.970638,37.540012],[126.970848,37.540447],[126.970995,37.54101],[126.971056,37.541846],[126.970949,37.541847],[126.970563,37.541516],[126.968457,37.542164],[126.968345,37.541899],[126.96842,37.541755],[126.968393,37.541579],[126.968141,37.54145],[126.966706,37.541609],[126.965165,37.541635],[126.964889,37.541501]]]}},{"type":"Feature","properties":{"dong":"11170_원효로2가","sgg_cd":"11170","emd_cd":"11170113","umd_nm":"원효로2가","gu_name":"용산구"},"geometry":{"type":"Polygon","coordinates":[[[126.964055,37.538524],[126.963771,37.538325],[126.96372,37.538057],[126.963626,37.538055],[126.963615,37.537599],[126.963535,37.537452],[126.962499,37.537357],[126.961946,37.537124],[126.961934,37.536745],[126.961986,37.536429],[126.960662,37.535957],[126.960531,37.535875],[126.960792,37.535627],[126.960009,37.535203],[126.960275,37.534778],[126.961138,37.534172],[126.96218,37.534719],[126.962499,37.534667],[126.962498,37.534628],[126.962888,37.534603],[126.962884,37.534722],[126.963006,37.534774],[126.964914,37.535271],[126.964791,37.53561],[126.965231,37.535655],[126.965419,37.537073],[126.965859,37.537193],[126.966889,37.53764],[126.966711,37.537746],[126.965339,37.538201],[126.964055,37.538524]]]}},{"type":"Feature","properties":{"dong":"11170_신창동","sgg_cd":"11170","emd_cd":"11170114","umd_nm":"신창동","gu_name":"용산구"},"geometry":{"type":"Polygon","coordinates":[[[126.953097,37.535225],[126.953441,37.53525],[126.953487,37.535095],[126.953822,37.534952],[126.954735,37.534889],[126.954711,37.534845],[126.95496,37.534717],[126.955025,37.534597],[126.955151,37.534633],[126.955214,37.534539],[126.955216,37.534434],[126.955467,37.534474],[126.955596,37.534449],[126.955975,37.534518],[126.956073,37.53484],[126.956474,37.534725],[126.95654,37.535388],[126.956598,37.535465],[126.956749,37.535524],[126.956799,37.535634],[126.95654,37.535799],[126.956542,37.53619],[126.95602,37.536289],[126.955274,37.53724],[126.955016,37.537079],[126.954906,37.537192],[126.954533,37.536952],[126.954377,37.537096],[126.954221,37.537047],[126.954211,37.537113],[126.954132,37.537127],[126.954145,37.537079],[126.954063,37.537065],[126.954082,37.536783],[126.953924,37.536552],[126.953585,37.536304],[126.953523,37.53621],[126.953437,37.536261],[126.953378,37.536223],[126.953273,37.53604],[126.953321,37.535754],[126.953237,37.535491],[126.953096,37.53533],[126.953097,37.535225]]]}},{"type":"Feature","properties":{"dong":"11170_산천동","sgg_cd":"11170","emd_cd":"11170115","umd_nm":"산천동","gu_name":"용산구"},"geometry":{"type":"Polygon","coordinates":[[[126.953397,37.537569],[126.953356,37.537493],[126.951971,37.536681],[126.951946,37.536706],[126.951548,37.536542],[126.951464,37.536397],[126.951231,37.536268],[126.950603,37.536095],[126.949903,37.536043],[126.94894,37.535718],[126.948898,37.53565],[126.948941,37.535488],[126.949072,37.535317],[126.949139,37.535095],[126.949057,37.534882],[126.948974,37.534807],[126.948967,37.53471],[126.949021,37.534683],[126.949071,37.534453],[126.949017,37.534301],[126.949245,37.534168],[126.949735,37.534038],[126.949888,37.534013],[126.950259,37.5341],[126.950745,37.533849],[126.950828,37.533934],[126.950991,37.533851],[126.951021,37.533888],[126.951263,37.53383],[126.95147,37.53396],[126.951547,37.534067],[126.951645,37.534071],[126.951732,37.533924],[126.951841,37.534156],[126.951669,37.534312],[126.952247,37.534533],[126.952324,37.53446],[126.952641,37.534575],[126.952645,37.534711],[126.95274,37.534783],[126.952793,37.534952],[126.953122,37.535251],[126.953105,37.53535],[126.953265,37.535548],[126.953323,37.535862],[126.953262,37.535928],[126.953273,37.53604],[126.953372,37.536218],[126.953437,37.536261],[126.953523,37.53621],[126.953571,37.536241],[126.953585,37.536304],[126.953924,37.536552],[126.954082,37.536783],[126.954064,37.537043],[126.953932,37.537156],[126.95398,37.537178],[126.953397,37.537483],[126.953397,37.537569]]]}},{"type":"Feature","properties":{"dong":"11170_청암동","sgg_cd":"11170","emd_cd":"11170116","umd_nm":"청암동","gu_name":"용산구"},"geometry":{"type":"Polygon","coordinates":[[[126.948902,37.535626],[126.948601,37.535579],[126.948281,37.535654],[126.947843,37.535621],[126.947715,37.535668],[126.947587,37.535841],[126.947482,37.535832],[126.947385,37.535384],[126.947479,37.535308],[126.947381,37.535223],[126.947182,37.535379],[126.946522,37.535576],[126.946418,37.53574],[126.946276,37.535691],[126.945922,37.53549],[126.94565,37.535269],[126.945442,37.535182],[126.945566,37.534984],[126.945094,37.534962],[126.94482,37.53452],[126.944931,37.534317],[126.944931,37.534234],[126.94458,37.533775],[126.945459,37.532658],[126.947045,37.533947],[126.947502,37.533957],[126.947703,37.534028],[126.947684,37.534085],[126.947735,37.53412],[126.947431,37.534316],[126.94847,37.534474],[126.94864,37.534451],[126.949015,37.534295],[126.949071,37.534453],[126.949021,37.534683],[126.948967,37.53471],[126.948974,37.534807],[126.949057,37.534882],[126.949139,37.535095],[126.949108,37.535245],[126.948941,37.535488],[126.948902,37.535626]]]}},{"type":"Feature","properties":{"dong":"11170_원효로3가","sgg_cd":"11170","emd_cd":"11170117","umd_nm":"원효로3가","gu_name":"용산구"},"geometry":{"type":"Polygon","coordinates":[[[126.954292,37.532391],[126.954686,37.532372],[126.955244,37.532497],[126.955645,37.532256],[126.955781,37.532086],[126.956445,37.532587],[126.956841,37.532827],[126.957704,37.533153],[126.958361,37.533045],[126.958672,37.533057],[126.959664,37.533476],[126.959873,37.533497],[126.960544,37.533431],[126.961138,37.534172],[126.960275,37.534778],[126.960009,37.535203],[126.960792,37.535627],[126.960628,37.535784],[126.960544,37.535703],[126.959974,37.535958],[126.959738,37.535703],[126.959465,37.535807],[126.959375,37.535684],[126.959128,37.535814],[126.958685,37.535936],[126.958616,37.536032],[126.958667,37.536116],[126.958404,37.53635],[126.95844,37.536392],[126.958066,37.536546],[126.956758,37.53643],[126.956542,37.53619],[126.956516,37.536041],[126.95654,37.535799],[126.956799,37.535634],[126.956749,37.535524],[126.956598,37.535465],[126.95654,37.535388],[126.956474,37.534725],[126.956073,37.53484],[126.955975,37.534518],[126.954759,37.534363],[126.954768,37.534266],[126.954479,37.534205],[126.954466,37.534139],[126.954589,37.534147],[126.954608,37.534086],[126.954703,37.534096],[126.954723,37.534046],[126.954543,37.534015],[126.954573,37.533617],[126.954702,37.533384],[126.954753,37.533401],[126.954771,37.533308],[126.954703,37.533238],[126.954676,37.533056],[126.954292,37.532391]]]}},{"type":"Feature","properties":{"dong":"11170_원효로4가","sgg_cd":"11170","emd_cd":"11170118","umd_nm":"원효로4가","gu_name":"용산구"},"geometry":{"type":"Polygon","coordinates":[[[126.953097,37.535225],[126.952793,37.534952],[126.95274,37.534783],[126.952645,37.534711],[126.952641,37.534575],[126.952324,37.53446],[126.952247,37.534533],[126.951669,37.534312],[126.951841,37.534156],[126.951732,37.533924],[126.951645,37.534071],[126.951547,37.534067],[126.95147,37.53396],[126.951263,37.53383],[126.951021,37.533888],[126.950991,37.533851],[126.950828,37.533934],[126.950745,37.533849],[126.950259,37.5341],[126.949888,37.534013],[126.949492,37.534094],[126.948541,37.53447],[126.948211,37.534461],[126.947431,37.534316],[126.947735,37.53412],[126.947684,37.534085],[126.947703,37.534028],[126.947502,37.533957],[126.947045,37.533947],[126.945459,37.532658],[126.94705,37.530631],[126.951263,37.530633],[126.951506,37.5306],[126.95346,37.530634],[126.954414,37.531121],[126.955377,37.531856],[126.955781,37.532086],[126.955645,37.532256],[126.955244,37.532497],[126.954686,37.532372],[126.954292,37.532391],[126.954676,37.533056],[126.954703,37.533238],[126.954771,37.533308],[126.954753,37.533401],[126.954702,37.533384],[126.954573,37.533617],[126.954543,37.534015],[126.954723,37.534046],[126.954703,37.534096],[126.954608,37.534086],[126.954589,37.534147],[126.954466,37.534139],[126.954479,37.534205],[126.954768,37.534266],[126.954759,37.534363],[126.955216,37.534434],[126.955214,37.534539],[126.955151,37.534633],[126.955025,37.534597],[126.95496,37.534717],[126.954711,37.534845],[126.954735,37.534889],[126.953822,37.534952],[126.953487,37.535095],[126.953441,37.53525],[126.953097,37.535225]]]}},{"type":"Feature","properties":{"dong":"11170_효창동","sgg_cd":"11170","emd_cd":"11170119","umd_nm":"효창동","gu_name":"용산구"},"geometry":{"type":"MultiPolygon","coordinates":[[[[126.962937,37.548701],[126.962239,37.548627],[126.962219,37.548127],[126.9617,37.547597],[126.96133,37.547524],[126.961076,37.54742],[126.960742,37.546993],[126.96012,37.546376],[126.960051,37.546068],[126.959533,37.545972],[126.959315,37.546054],[126.959094,37.5459],[126.959122,37.545888],[126.958971,37.545745],[126.958719,37.545686],[126.958389,37.5455],[126.957906,37.545462],[126.957815,37.545154],[126.958105,37.544426],[126.957568,37.544226],[126.957441,37.544003],[126.957455,37.543839],[126.957544,37.543727],[126.9574,37.543227],[126.957585,37.542978],[126.958078,37.542916],[126.95835,37.542759],[126.958206,37.542515],[126.958176,37.542312],[126.957874,37.542095],[126.957308,37.541869],[126.956979,37.541637],[126.956928,37.541488],[126.956959,37.541482],[126.956923,37.541382],[126.956972,37.541358],[126.956948,37.541294],[126.956729,37.540864],[126.956518,37.540702],[126.956928,37.540462],[126.956716,37.540475],[126.956691,37.54041],[126.95675,37.540362],[126.956975,37.540213],[126.957666,37.539909],[126.957858,37.539857],[126.958015,37.539875],[126.958066,37.539836],[126.95805,37.539789],[126.959437,37.539507],[126.959452,37.539684],[126.959692,37.539607],[126.95964,37.539511],[126.960557,37.539323],[126.960613,37.539446],[126.961982,37.539068],[126.962192,37.538992],[126.962177,37.538956],[126.963826,37.538454],[126.964015,37.538502],[126.964015,37.538559],[126.96432,37.538768],[126.964339,37.539143],[126.964147,37.539526],[126.964198,37.540093],[126.964775,37.540953],[126.964889,37.541445],[126.964602,37.542607],[126.964172,37.542611],[126.963353,37.542477],[126.962781,37.542197],[126.962178,37.541812],[126.962169,37.541843],[126.962031,37.544091],[126.962275,37.544248],[126.962266,37.54438],[126.962365,37.544504],[126.962264,37.544868],[126.962339,37.545431],[126.96254,37.545843],[126.963161,37.54658],[126.963196,37.546721],[126.962934,37.546772],[126.963317,37.546741],[126.963383,37.546871],[126.963393,37.548392],[126.963314,37.548403],[126.963341,37.548648],[126.962937,37.548701]]],[[[126.964261,37.543667],[126.963576,37.543645],[126.963127,37.543552],[126.962954,37.543355],[126.962905,37.543168],[126.962954,37.542944],[126.962946,37.542592],[126.963964,37.542926],[126.964408,37.542954],[126.964123,37.543122],[126.964261,37.543667]]]]}},{"type":"Feature","properties":{"dong":"11170_도원동","sgg_cd":"11170","emd_cd":"11170120","umd_nm":"도원동","gu_name":"용산구"},"geometry":{"type":"Polygon","coordinates":[[[126.956659,37.540594],[126.956261,37.540126],[126.956066,37.539964],[126.955734,37.53947],[126.955213,37.539194],[126.954095,37.538932],[126.953651,37.538335],[126.953397,37.537483],[126.95398,37.537178],[126.953932,37.537156],[126.954064,37.537043],[126.954145,37.537079],[126.954132,37.537127],[126.954211,37.537113],[126.954221,37.537047],[126.954377,37.537096],[126.954533,37.536952],[126.954906,37.537192],[126.955016,37.537079],[126.955274,37.53724],[126.955442,37.537024],[126.957339,37.538862],[126.958277,37.5385],[126.958174,37.538603],[126.958435,37.538717],[126.958496,37.538689],[126.958595,37.538832],[126.958525,37.538938],[126.958985,37.539606],[126.95805,37.539789],[126.958066,37.539836],[126.958015,37.539875],[126.957858,37.539857],[126.957278,37.540068],[126.956691,37.54041],[126.956716,37.540475],[126.956928,37.540462],[126.956659,37.540594]]]}},{"type":"Feature","properties":{"dong":"11170_용문동","sgg_cd":"11170","emd_cd":"11170121","umd_nm":"용문동","gu_name":"용산구"},"geometry":{"type":"Polygon","coordinates":[[[126.955451,37.537032],[126.95602,37.536289],[126.956542,37.53619],[126.956758,37.53643],[126.958066,37.536546],[126.95844,37.536392],[126.958404,37.53635],[126.958667,37.536116],[126.958616,37.536032],[126.958685,37.535936],[126.959128,37.535814],[126.959375,37.535684],[126.959465,37.535807],[126.959738,37.535703],[126.959974,37.535958],[126.960544,37.535703],[126.960628,37.535784],[126.960531,37.535875],[126.960662,37.535957],[126.961986,37.536429],[126.961934,37.536745],[126.961946,37.537124],[126.962499,37.537357],[126.963535,37.537452],[126.963615,37.537599],[126.963626,37.538055],[126.96372,37.538057],[126.963771,37.538325],[126.963934,37.538462],[126.963826,37.538454],[126.962177,37.538956],[126.962192,37.538992],[126.961982,37.539068],[126.960613,37.539446],[126.960557,37.539323],[126.95964,37.539511],[126.959692,37.539607],[126.959452,37.539684],[126.959437,37.539507],[126.958983,37.539585],[126.958525,37.538938],[126.958595,37.538832],[126.958496,37.538689],[126.958435,37.538717],[126.958174,37.538603],[126.958277,37.5385],[126.957339,37.538862],[126.955451,37.537032]]]}},{"type":"Feature","properties":{"dong":"11170_문배동","sgg_cd":"11170","emd_cd":"11170122","umd_nm":"문배동","gu_name":"용산구"},"geometry":{"type":"Polygon","coordinates":[[[126.970889,37.540573],[126.970779,37.540258],[126.970287,37.539479],[126.969835,37.539048],[126.969382,37.53871],[126.968901,37.538453],[126.96827,37.538195],[126.967004,37.537974],[126.966945,37.537847],[126.966889,37.53764],[126.967407,37.537274],[126.967781,37.536928],[126.968169,37.536466],[126.968505,37.535874],[126.96872,37.535277],[126.968811,37.534753],[126.968806,37.534241],[126.968718,37.533705],[126.968896,37.53368],[126.969423,37.534243],[126.970443,37.535843],[126.970535,37.535863],[126.970504,37.536112],[126.970681,37.536536],[126.970929,37.53754],[126.970938,37.537715],[126.970857,37.537909],[126.970862,37.539405],[126.971086,37.539407],[126.971075,37.540128],[126.970889,37.540573]]]}},{"type":"Feature","properties":{"dong":"11170_신계동","sgg_cd":"11170","emd_cd":"11170123","umd_nm":"신계동","gu_name":"용산구"},"geometry":{"type":"Polygon","coordinates":[[[126.961138,37.534172],[126.960544,37.533431],[126.961634,37.533261],[126.962543,37.533413],[126.962935,37.533627],[126.963407,37.534092],[126.963635,37.534243],[126.964015,37.534389],[126.964902,37.534478],[126.968718,37.533705],[126.968825,37.534563],[126.968773,37.535031],[126.968654,37.535518],[126.968351,37.536196],[126.967781,37.536928],[126.967407,37.537274],[126.966889,37.53764],[126.965859,37.537193],[126.965419,37.537073],[126.965231,37.535655],[126.964791,37.53561],[126.964914,37.535271],[126.963006,37.534774],[126.962884,37.534722],[126.962888,37.534603],[126.962498,37.534628],[126.962499,37.534667],[126.96218,37.534719],[126.961138,37.534172]]]}},{"type":"Feature","properties":{"dong":"11170_한강로1가","sgg_cd":"11170","emd_cd":"11170124","umd_nm":"한강로1가","gu_name":"용산구"},"geometry":{"type":"Polygon","coordinates":[[[126.971076,37.539955],[126.971086,37.539407],[126.970862,37.539405],[126.970857,37.537909],[126.970938,37.537715],[126.970929,37.53754],[126.970683,37.536552],[126.971398,37.536338],[126.97131,37.536155],[126.971722,37.536031],[126.971811,37.536211],[126.971915,37.53618],[126.971973,37.536162],[126.971878,37.535984],[126.973189,37.535577],[126.971864,37.534244],[126.971967,37.53418],[126.971093,37.533243],[126.971298,37.533201],[126.972062,37.532746],[126.973143,37.5325],[126.972504,37.531826],[126.973375,37.531304],[126.973537,37.532328],[126.974136,37.532017],[126.975356,37.532899],[126.975479,37.533613],[126.974732,37.533894],[126.974461,37.533846],[126.974302,37.534279],[126.974496,37.534336],[126.974295,37.534762],[126.974589,37.534736],[126.974953,37.534814],[126.974845,37.535124],[126.975178,37.535105],[126.975106,37.535161],[126.974991,37.53554],[126.974873,37.537594],[126.974767,37.537588],[126.974762,37.537671],[126.974026,37.537639],[126.973306,37.540376],[126.971826,37.54008],[126.971813,37.540122],[126.971457,37.53996],[126.971076,37.539955]]]}},{"type":"Feature","properties":{"dong":"11170_한강로2가","sgg_cd":"11170","emd_cd":"11170125","umd_nm":"한강로2가","gu_name":"용산구"},"geometry":{"type":"Polygon","coordinates":[[[126.963798,37.534315],[126.964018,37.533728],[126.964163,37.53291],[126.964225,37.532918],[126.964266,37.532715],[126.964892,37.532431],[126.966617,37.530721],[126.966848,37.530573],[126.966848,37.53048],[126.967244,37.530234],[126.967218,37.530085],[126.966895,37.529742],[126.966689,37.529595],[126.966487,37.529552],[126.964753,37.527703],[126.965063,37.526541],[126.965964,37.526002],[126.967503,37.527609],[126.96782,37.527416],[126.967949,37.527543],[126.969116,37.527381],[126.969241,37.527989],[126.969236,37.52837],[126.969449,37.529281],[126.969677,37.529343],[126.971345,37.53008],[126.971949,37.530026],[126.971936,37.530122],[126.972691,37.531103],[126.973372,37.531283],[126.972504,37.531826],[126.973143,37.5325],[126.972062,37.532746],[126.971298,37.533201],[126.971093,37.533243],[126.971967,37.53418],[126.971864,37.534244],[126.973189,37.535577],[126.971878,37.535984],[126.971973,37.536162],[126.971811,37.536211],[126.971722,37.536031],[126.971443,37.536113],[126.97131,37.536155],[126.971398,37.536338],[126.970683,37.536552],[126.970504,37.536112],[126.970535,37.535863],[126.970443,37.535843],[126.969423,37.534243],[126.968896,37.53368],[126.966977,37.53403],[126.964902,37.534478],[126.964015,37.534389],[126.963798,37.534315]]]}},{"type":"Feature","properties":{"dong":"11170_용산동3가","sgg_cd":"11170","emd_cd":"11170126","umd_nm":"용산동3가","gu_name":"용산구"},"geometry":{"type":"Polygon","coordinates":[[[126.97504,37.535114],[126.974845,37.535124],[126.974953,37.534814],[126.974589,37.534736],[126.974295,37.534762],[126.974496,37.534336],[126.974302,37.534279],[126.974461,37.533846],[126.974732,37.533894],[126.975479,37.533613],[126.975332,37.53285],[126.974685,37.532443],[126.974136,37.532017],[126.973537,37.532328],[126.973372,37.531283],[126.972691,37.531103],[126.971936,37.530122],[126.971949,37.530026],[126.972463,37.529935],[126.97414,37.529428],[126.97636,37.529202],[126.980084,37.529667],[126.980154,37.529517],[126.98031,37.532984],[126.980609,37.534748],[126.975757,37.534568],[126.975019,37.535092],[126.97504,37.535114]]]}},{"type":"Feature","properties":{"dong":"11170_용산동5가","sgg_cd":"11170","emd_cd":"11170127","umd_nm":"용산동5가","gu_name":"용산구"},"geometry":{"type":"Polygon","coordinates":[[[126.96782,37.527416],[126.969297,37.526523],[126.969899,37.526494],[126.970301,37.5264],[126.970132,37.526011],[126.970066,37.52516],[126.969628,37.524666],[126.970005,37.523741],[126.970018,37.523506],[126.970698,37.523415],[126.971326,37.523418],[126.971625,37.523352],[126.971995,37.523037],[126.972002,37.522551],[126.972318,37.522508],[126.976801,37.521119],[126.976947,37.521429],[126.976453,37.521586],[126.976607,37.521636],[126.976989,37.52152],[126.977717,37.523012],[126.978015,37.523386],[126.978145,37.52364],[126.978222,37.523808],[126.978239,37.524011],[126.979967,37.526013],[126.979987,37.526179],[126.98007,37.526177],[126.980154,37.529517],[126.980084,37.529667],[126.97636,37.529202],[126.97414,37.529428],[126.972463,37.529935],[126.971345,37.53008],[126.969677,37.529343],[126.969449,37.529281],[126.969236,37.52837],[126.969241,37.527989],[126.969116,37.527381],[126.967949,37.527543],[126.96782,37.527416]]]}},{"type":"Feature","properties":{"dong":"11170_한강로3가","sgg_cd":"11170","emd_cd":"11170128","umd_nm":"한강로3가","gu_name":"용산구"},"geometry":{"type":"Polygon","coordinates":[[[126.969297,37.526523],[126.967503,37.527609],[126.965964,37.526002],[126.965063,37.526541],[126.964753,37.527703],[126.966487,37.529552],[126.966689,37.529595],[126.966895,37.529742],[126.967218,37.530085],[126.967244,37.530234],[126.966848,37.53048],[126.966848,37.530573],[126.966617,37.530721],[126.964892,37.532431],[126.964266,37.532715],[126.964225,37.532918],[126.964163,37.53291],[126.964018,37.533728],[126.963798,37.534315],[126.963407,37.534092],[126.962874,37.533583],[126.962658,37.533458],[126.962298,37.533356],[126.961634,37.533261],[126.959873,37.533497],[126.959664,37.533476],[126.958672,37.533057],[126.958361,37.533045],[126.957704,37.533153],[126.956841,37.532827],[126.956445,37.532587],[126.955781,37.532086],[126.955377,37.531856],[126.954414,37.531121],[126.954603,37.531019],[126.954711,37.531027],[126.954779,37.530724],[126.9545,37.530196],[126.954457,37.529948],[126.954603,37.528488],[126.954707,37.528162],[126.9552,37.527329],[126.955864,37.527135],[126.95694,37.526971],[126.956879,37.525546],[126.956966,37.525448],[126.957643,37.524888],[126.960312,37.523289],[126.961135,37.52292],[126.962555,37.522623],[126.963028,37.522345],[126.96387,37.522004],[126.964825,37.521811],[126.965947,37.521777],[126.966711,37.521889],[126.969311,37.522597],[126.969377,37.522439],[126.970185,37.522789],[126.970625,37.522803],[126.97093,37.522697],[126.972002,37.522551],[126.971995,37.523037],[126.971625,37.523352],[126.971326,37.523418],[126.970698,37.523415],[126.970018,37.523506],[126.970005,37.523741],[126.969628,37.524666],[126.970066,37.52516],[126.970132,37.526011],[126.970301,37.5264],[126.969899,37.526494],[126.969297,37.526523]]]}},{"type":"Feature","properties":{"dong":"11170_이촌동","sgg_cd":"11170","emd_cd":"11170129","umd_nm":"이촌동","gu_name":"용산구"},"geometry":{"type":"Polygon","coordinates":[[[126.954414,37.531121],[126.95346,37.530634],[126.951506,37.5306],[126.951263,37.530633],[126.94705,37.530631],[126.94988,37.527029],[126.949886,37.51752],[126.954083,37.516218],[126.955543,37.515708],[126.959787,37.513944],[126.9612,37.513502],[126.962579,37.512617],[126.964964,37.510816],[126.966857,37.509891],[126.970092,37.509016],[126.975237,37.507023],[126.978169,37.506559],[126.982413,37.506533],[126.98242,37.514424],[126.982511,37.515999],[126.981577,37.51645],[126.982806,37.516542],[126.982817,37.517212],[126.982909,37.51723],[126.982916,37.517695],[126.983124,37.517732],[126.982919,37.517722],[126.982946,37.51947],[126.981702,37.519762],[126.980892,37.519897],[126.979587,37.52023],[126.972318,37.522508],[126.97093,37.522697],[126.970625,37.522803],[126.970185,37.522789],[126.969377,37.522439],[126.969311,37.522597],[126.966775,37.521902],[126.965657,37.521768],[126.964825,37.521811],[126.964024,37.521964],[126.963314,37.522216],[126.962555,37.522623],[126.961135,37.52292],[126.960312,37.523289],[126.958098,37.524607],[126.957519,37.524973],[126.95699,37.525422],[126.956879,37.525546],[126.95694,37.526971],[126.955864,37.527135],[126.9552,37.527329],[126.954707,37.528162],[126.954603,37.528488],[126.954457,37.529948],[126.9545,37.530196],[126.954779,37.530724],[126.954711,37.531027],[126.954603,37.531019],[126.954414,37.531121]]]}},{"type":"Feature","properties":{"dong":"11170_이태원동","sgg_cd":"11170","emd_cd":"11170130","umd_nm":"이태원동","gu_name":"용산구"},"geometry":{"type":"Polygon","coordinates":[[[126.986636,37.538182],[126.986674,37.538143],[126.986645,37.537997],[126.987075,37.536196],[126.987182,37.534833],[126.987088,37.53472],[126.987298,37.534648],[126.987302,37.534593],[126.988077,37.534328],[126.988138,37.534247],[126.988204,37.534247],[126.992025,37.529021],[126.992108,37.529067],[126.992237,37.528998],[126.99238,37.529036],[126.992651,37.52918],[126.992767,37.529376],[126.993072,37.529251],[126.993152,37.529096],[126.993166,37.528918],[126.993471,37.528875],[126.993719,37.529003],[126.993852,37.529128],[126.99419,37.529064],[126.994837,37.528845],[126.995061,37.528899],[126.995735,37.529191],[126.995711,37.529263],[126.996025,37.529706],[126.996232,37.530147],[126.996578,37.53056],[126.996524,37.530593],[126.99687,37.531638],[126.997522,37.532301],[126.997803,37.532429],[126.997819,37.532598],[126.997495,37.532687],[126.997417,37.532874],[126.997501,37.532849],[126.997391,37.533124],[126.997272,37.533211],[126.997135,37.533226],[126.997172,37.533271],[126.997016,37.533451],[126.996969,37.533694],[126.997017,37.534069],[126.996943,37.534247],[126.996852,37.534259],[126.996893,37.534264],[126.996849,37.534694],[126.997059,37.534707],[126.997013,37.535237],[126.996832,37.535212],[126.996662,37.535766],[126.996387,37.53605],[126.996103,37.536246],[126.996152,37.536499],[126.996101,37.536709],[126.996015,37.536676],[126.994953,37.537592],[126.994634,37.537971],[126.995131,37.53855],[126.995381,37.53876],[126.995378,37.538867],[126.995416,37.538851],[126.995355,37.53926],[126.99542,37.53943],[126.995589,37.539629],[126.996867,37.54049],[126.997602,37.540861],[126.997808,37.541264],[126.997886,37.542209],[126.997597,37.542912],[126.997445,37.543164],[126.997081,37.543696],[126.996716,37.543966],[126.996645,37.544939],[126.99672,37.545056],[126.995822,37.546663],[126.995224,37.547229],[126.994692,37.547358],[126.994425,37.547485],[126.994303,37.547657],[126.994247,37.547887],[126.994126,37.548012],[126.993955,37.548421],[126.993308,37.548854],[126.992796,37.548514],[126.991563,37.547886],[126.990929,37.547163],[126.990278,37.546559],[126.989868,37.545048],[126.989802,37.545054],[126.989494,37.544049],[126.988943,37.543698],[126.989039,37.54369],[126.98875,37.543404],[126.988494,37.543234],[126.98833,37.543011],[126.986819,37.538654],[126.986885,37.538483],[126.98687,37.538236],[126.986636,37.538182]]]}},{"type":"Feature","properties":{"dong":"11170_한남동","sgg_cd":"11170","emd_cd":"11170131","umd_nm":"한남동","gu_name":"용산구"},"geometry":{"type":"Polygon","coordinates":[[[126.994634,37.537971],[126.994953,37.537592],[126.996015,37.536676],[126.996101,37.536709],[126.996152,37.536499],[126.996103,37.536246],[126.996387,37.53605],[126.996662,37.535766],[126.996832,37.535212],[126.997013,37.535237],[126.997059,37.534707],[126.996849,37.534694],[126.996893,37.534264],[126.996852,37.534259],[126.996943,37.534247],[126.997017,37.534069],[126.996969,37.533694],[126.997016,37.533451],[126.997172,37.533271],[126.997135,37.533226],[126.997272,37.533211],[126.997391,37.533124],[126.997501,37.532849],[126.997417,37.532874],[126.997495,37.532687],[126.997827,37.532596],[126.998058,37.532599],[127.000166,37.531945],[127.000431,37.531951],[127.000575,37.531907],[127.000837,37.531685],[127.001156,37.531499],[127.003352,37.53031],[127.003829,37.529323],[127.003809,37.529275],[127.003733,37.529274],[127.003344,37.529019],[127.003159,37.528808],[127.003329,37.528744],[127.003268,37.528616],[127.003097,37.528507],[127.002924,37.528465],[127.002801,37.528159],[127.003307,37.527869],[127.003501,37.527875],[127.003535,37.527758],[127.003497,37.52767],[127.003587,37.527617],[127.003562,37.527507],[127.003808,37.527366],[127.003875,37.526952],[127.003676,37.526683],[127.004257,37.527011],[127.004435,37.526657],[127.004795,37.526355],[127.007651,37.524658],[127.010003,37.52704],[127.013402,37.530643],[127.017192,37.533777],[127.017263,37.537681],[127.015838,37.538165],[127.015671,37.538266],[127.015476,37.53823],[127.015448,37.538297],[127.01522,37.538328],[127.015162,37.538378],[127.01506,37.538272],[127.015085,37.538221],[127.015007,37.538267],[127.015032,37.538447],[127.014792,37.538782],[127.013974,37.538806],[127.013941,37.538959],[127.013859,37.539043],[127.013455,37.538813],[127.013373,37.538901],[127.013213,37.538883],[127.012813,37.539264],[127.012611,37.53934],[127.011481,37.538993],[127.010722,37.539262],[127.009919,37.539387],[127.009592,37.539581],[127.009312,37.540022],[127.009169,37.54064],[127.009257,37.541046],[127.00916,37.54127],[127.008792,37.541571],[127.008674,37.54198],[127.00895,37.542735],[127.009018,37.543985],[127.008988,37.544132],[127.007264,37.543855],[127.004998,37.546171],[127.005306,37.546874],[127.005434,37.547063],[127.005329,37.547348],[127.006134,37.548212],[127.006081,37.548391],[127.005698,37.548297],[127.004958,37.548446],[127.004699,37.548696],[127.004587,37.549343],[127.004571,37.549851],[127.004332,37.550247],[127.004225,37.550145],[127.003466,37.550036],[127.002866,37.549633],[127.002206,37.549737],[127.002011,37.549975],[127.001685,37.550068],[127.001352,37.550031],[127.001164,37.549904],[127.001069,37.549898],[127.000814,37.550026],[127.000518,37.550038],[127.000158,37.549822],[126.999099,37.549745],[126.998907,37.549804],[126.998606,37.549712],[126.998345,37.549708],[126.997625,37.549362],[126.99742,37.549177],[126.997365,37.549011],[126.996724,37.548523],[126.996737,37.548245],[126.996681,37.548062],[126.996731,37.547974],[126.996683,37.547825],[126.996345,37.547449],[126.995224,37.547229],[126.995822,37.546663],[126.99672,37.545056],[126.996645,37.544939],[126.996716,37.543966],[126.997081,37.543696],[126.997445,37.543164],[126.997597,37.542912],[126.997886,37.542209],[126.997881,37.542121],[126.997808,37.541264],[126.997602,37.540861],[126.996867,37.54049],[126.995589,37.539629],[126.99542,37.53943],[126.995355,37.53926],[126.995416,37.538851],[126.995378,37.538867],[126.995381,37.53876],[126.995131,37.53855],[126.994634,37.537971]]]}},{"type":"Feature","properties":{"dong":"11170_동빙고동","sgg_cd":"11170","emd_cd":"11170132","umd_nm":"동빙고동","gu_name":"용산구"},"geometry":{"type":"Polygon","coordinates":[[[126.991501,37.529731],[126.991383,37.529654],[126.991659,37.527184],[126.991534,37.527183],[126.991525,37.527049],[126.991675,37.526706],[126.991742,37.526289],[126.991569,37.525922],[126.991555,37.526005],[126.991526,37.525948],[126.991574,37.525726],[126.991941,37.52518],[126.991936,37.525137],[126.991829,37.525152],[126.992672,37.524441],[126.992641,37.524658],[126.992931,37.524258],[126.993475,37.523949],[126.993869,37.523455],[126.993832,37.523443],[126.993987,37.523346],[126.994269,37.52273],[126.994452,37.522474],[126.994579,37.522042],[126.994978,37.521104],[126.995283,37.520744],[126.995558,37.52056],[126.996022,37.520136],[126.997512,37.517429],[126.998937,37.518328],[126.997608,37.521396],[126.997564,37.521378],[126.997498,37.521707],[126.997352,37.52189],[126.997516,37.522108],[126.997437,37.522659],[126.997772,37.523099],[126.997808,37.523383],[126.997738,37.523472],[126.997817,37.523608],[126.997721,37.523671],[126.99772,37.523836],[126.997752,37.523982],[126.997867,37.52413],[126.997694,37.524261],[126.99775,37.524394],[126.997479,37.524467],[126.99736,37.524707],[126.997398,37.524812],[126.997201,37.524933],[126.99681,37.52496],[126.996868,37.525124],[126.997042,37.525353],[126.996857,37.525441],[126.996746,37.525647],[126.996785,37.525722],[126.996708,37.525779],[126.99663,37.52577],[126.996595,37.525889],[126.996607,37.525935],[126.996731,37.525935],[126.996726,37.526032],[126.996832,37.526057],[126.996775,37.526288],[126.997004,37.526548],[126.996908,37.526606],[126.996962,37.526664],[126.996674,37.527162],[126.996375,37.527852],[126.996032,37.52813],[126.995903,37.528573],[126.99576,37.52873],[126.995735,37.529191],[126.995061,37.528899],[126.994837,37.528845],[126.99419,37.529064],[126.993852,37.529128],[126.993719,37.529003],[126.993471,37.528875],[126.993166,37.528918],[126.993152,37.529096],[126.993072,37.529251],[126.992767,37.529376],[126.992651,37.52918],[126.99238,37.529036],[126.992237,37.528998],[126.992108,37.529067],[126.992025,37.529021],[126.991501,37.529731]]]}},{"type":"Feature","properties":{"dong":"11170_서빙고동","sgg_cd":"11170","emd_cd":"11170133","umd_nm":"서빙고동","gu_name":"용산구"},"geometry":{"type":"Polygon","coordinates":[[[126.991829,37.525152],[126.991258,37.525045],[126.991108,37.524918],[126.990747,37.524284],[126.990655,37.523977],[126.990244,37.523508],[126.990147,37.523283],[126.990077,37.52281],[126.989975,37.522716],[126.989832,37.522364],[126.989523,37.522211],[126.989177,37.522151],[126.988897,37.521994],[126.988799,37.5219],[126.988618,37.521468],[126.987973,37.520974],[126.987849,37.520795],[126.987724,37.520524],[126.987778,37.520481],[126.987842,37.519246],[126.986352,37.519207],[126.985634,37.519108],[126.985635,37.519151],[126.985253,37.519139],[126.98547,37.516227],[126.990672,37.513102],[126.997512,37.517429],[126.996022,37.520136],[126.995558,37.52056],[126.995283,37.520744],[126.994978,37.521104],[126.994579,37.522042],[126.994452,37.522474],[126.994269,37.52273],[126.993987,37.523346],[126.993832,37.523443],[126.993869,37.523455],[126.993475,37.523949],[126.992931,37.524258],[126.992641,37.524658],[126.992672,37.524441],[126.991829,37.525152]]]}},{"type":"Feature","properties":{"dong":"11170_주성동","sgg_cd":"11170","emd_cd":"11170134","umd_nm":"주성동","gu_name":"용산구"},"geometry":{"type":"Polygon","coordinates":[[[126.997398,37.524812],[126.99736,37.524707],[126.997479,37.524467],[126.99775,37.524394],[126.997694,37.524261],[126.997867,37.52413],[126.997752,37.523982],[126.99772,37.523836],[126.997721,37.523671],[126.997817,37.523608],[126.997738,37.523472],[126.997808,37.523383],[126.997772,37.523099],[126.997437,37.522659],[126.997516,37.522108],[126.997352,37.52189],[126.997498,37.521707],[126.997564,37.521378],[126.997608,37.521396],[126.998937,37.518328],[127.000788,37.519496],[127.003186,37.521167],[127.001504,37.522829],[127.00115,37.522928],[127.000741,37.523213],[127.000788,37.52317],[127.000639,37.523035],[127.00003,37.522654],[126.999702,37.52295],[126.999722,37.523071],[126.999245,37.523052],[126.999231,37.523004],[126.998871,37.522907],[126.998652,37.523121],[126.998447,37.523231],[126.998267,37.523154],[126.998138,37.523408],[126.99839,37.523527],[126.998349,37.523625],[126.998413,37.523654],[126.998299,37.523757],[126.998357,37.523802],[126.998423,37.52403],[126.998328,37.524337],[126.99836,37.524409],[126.997398,37.524812]]]}},{"type":"Feature","properties":{"dong":"11170_용산동6가","sgg_cd":"11170","emd_cd":"11170135","umd_nm":"용산동6가","gu_name":"용산구"},"geometry":{"type":"Polygon","coordinates":[[[126.991534,37.527183],[126.989625,37.527171],[126.988591,37.527046],[126.987546,37.52715],[126.985831,37.52714],[126.983309,37.526601],[126.981601,37.526166],[126.981294,37.526131],[126.979987,37.526179],[126.979967,37.526013],[126.978239,37.524011],[126.978222,37.523808],[126.978145,37.52364],[126.978015,37.523386],[126.977717,37.523012],[126.976989,37.52152],[126.976607,37.521636],[126.976453,37.521586],[126.976947,37.521429],[126.976801,37.521119],[126.977196,37.520981],[126.979587,37.52023],[126.980892,37.519897],[126.981702,37.519762],[126.982946,37.51947],[126.982919,37.517722],[126.983124,37.517732],[126.982916,37.517695],[126.982909,37.51723],[126.982817,37.517212],[126.982806,37.516542],[126.981577,37.51645],[126.982511,37.515999],[126.98242,37.514424],[126.982413,37.506533],[126.985532,37.506542],[126.990672,37.513102],[126.98547,37.516227],[126.985253,37.519139],[126.985635,37.519151],[126.985634,37.519108],[126.986352,37.519207],[126.987842,37.519246],[126.987778,37.520481],[126.987724,37.520524],[126.987973,37.520974],[126.988618,37.521468],[126.988799,37.5219],[126.988897,37.521994],[126.989177,37.522151],[126.989523,37.522211],[126.989741,37.522304],[126.989877,37.522419],[126.989975,37.522716],[126.990077,37.52281],[126.990147,37.523283],[126.990244,37.523508],[126.990655,37.523977],[126.990747,37.524284],[126.991157,37.524985],[126.991639,37.525141],[126.991936,37.525137],[126.991901,37.525257],[126.991574,37.525726],[126.991526,37.525948],[126.991555,37.526005],[126.991569,37.525922],[126.991742,37.526289],[126.991675,37.526706],[126.991525,37.527049],[126.991534,37.527183]]]}},{"type":"Feature","properties":{"dong":"11170_보광동","sgg_cd":"11170","emd_cd":"11170136","umd_nm":"보광동","gu_name":"용산구"},"geometry":{"type":"Polygon","coordinates":[[[127.007651,37.524658],[127.004795,37.526355],[127.004435,37.526657],[127.004257,37.527011],[127.003676,37.526683],[127.003875,37.526952],[127.003808,37.527366],[127.003562,37.527507],[127.003587,37.527617],[127.003497,37.52767],[127.003535,37.527758],[127.003501,37.527875],[127.003307,37.527869],[127.002801,37.528159],[127.002924,37.528465],[127.003097,37.528507],[127.003268,37.528616],[127.003329,37.528744],[127.003159,37.528808],[127.003344,37.529019],[127.003733,37.529274],[127.003809,37.529275],[127.003829,37.529323],[127.003352,37.53031],[127.001156,37.531499],[127.000837,37.531685],[127.000575,37.531907],[127.000431,37.531951],[127.000166,37.531945],[126.998058,37.532599],[126.997819,37.532598],[126.997803,37.532429],[126.997522,37.532301],[126.99687,37.531638],[126.996524,37.530593],[126.996578,37.53056],[126.996232,37.530147],[126.996025,37.529706],[126.995711,37.529263],[126.99576,37.52873],[126.995903,37.528573],[126.996032,37.52813],[126.996375,37.527852],[126.996674,37.527162],[126.996962,37.526664],[126.996908,37.526606],[126.997004,37.526548],[126.996775,37.526288],[126.996832,37.526057],[126.996726,37.526032],[126.996731,37.525935],[126.996607,37.525935],[126.996595,37.525889],[126.99663,37.52577],[126.996708,37.525779],[126.996785,37.525722],[126.996746,37.525647],[126.996857,37.525441],[126.997042,37.525353],[126.996868,37.525124],[126.99681,37.52496],[126.996976,37.524976],[126.997244,37.524922],[126.997832,37.52461],[126.99836,37.524409],[126.998328,37.524337],[126.998423,37.52403],[126.998357,37.523802],[126.998299,37.523757],[126.998413,37.523654],[126.998349,37.523625],[126.99839,37.523527],[126.998138,37.523408],[126.998267,37.523154],[126.998447,37.523231],[126.998652,37.523121],[126.998871,37.522907],[126.999231,37.523004],[126.999245,37.523052],[126.999722,37.523071],[126.999702,37.52295],[127.00003,37.522654],[127.000639,37.523035],[127.000788,37.52317],[127.000741,37.523213],[127.00115,37.522928],[127.001504,37.522829],[127.003186,37.521167],[127.006444,37.523436],[127.007651,37.524658]]]}},{"type":"Feature","properties":{"dong":"11200_상왕십리동","sgg_cd":"11200","emd_cd":"11200101","umd_nm":"상왕십리동","gu_name":"성동구"},"geometry":{"type":"Polygon","coordinates":[[[127.023391,37.571907],[127.023587,37.565162],[127.027225,37.565019],[127.027293,37.565341],[127.025828,37.565421],[127.024935,37.565676],[127.025173,37.565966],[127.025349,37.566003],[127.025559,37.566123],[127.025473,37.566402],[127.02544,37.566803],[127.025535,37.56701],[127.025905,37.567471],[127.025885,37.567575],[127.025837,37.567584],[127.025888,37.5689],[127.026433,37.570245],[127.026654,37.570171],[127.026678,37.570214],[127.026635,37.570228],[127.026746,37.570399],[127.026792,37.57039],[127.027288,37.570923],[127.02616,37.571256],[127.025722,37.570909],[127.025497,37.570841],[127.025192,37.570852],[127.024584,37.571048],[127.024171,37.571435],[127.023391,37.571907]]]}},{"type":"Feature","properties":{"dong":"11200_하왕십리동","sgg_cd":"11200","emd_cd":"11200102","umd_nm":"하왕십리동","gu_name":"성동구"},"geometry":{"type":"Polygon","coordinates":[[[127.022387,37.559027],[127.022847,37.558957],[127.022946,37.557717],[127.024575,37.557747],[127.024304,37.557999],[127.025189,37.558001],[127.025482,37.558081],[127.026075,37.558613],[127.026315,37.559121],[127.026472,37.559275],[127.027228,37.559905],[127.027447,37.559876],[127.027521,37.559981],[127.027729,37.560037],[127.027868,37.560235],[127.027797,37.560338],[127.028746,37.560268],[127.028869,37.560163],[127.028973,37.560178],[127.028989,37.560118],[127.029469,37.560062],[127.029572,37.560116],[127.029526,37.560119],[127.02957,37.560217],[127.029888,37.5601],[127.03016,37.560259],[127.030377,37.560244],[127.030463,37.560153],[127.030754,37.560349],[127.030816,37.560239],[127.030987,37.560325],[127.031058,37.560293],[127.031549,37.560557],[127.031676,37.560528],[127.031717,37.560662],[127.03188,37.560611],[127.032029,37.560771],[127.032066,37.560996],[127.032357,37.560992],[127.032457,37.561073],[127.032365,37.561185],[127.032379,37.561364],[127.032268,37.561536],[127.032473,37.561511],[127.032515,37.561579],[127.032725,37.561543],[127.032819,37.561654],[127.033051,37.561596],[127.033112,37.561643],[127.033224,37.561791],[127.033069,37.561868],[127.033152,37.561983],[127.033226,37.561948],[127.033231,37.562027],[127.033333,37.562158],[127.033257,37.562212],[127.033419,37.562385],[127.033354,37.562455],[127.0335,37.562577],[127.03474,37.561633],[127.034742,37.561755],[127.033532,37.562653],[127.033162,37.562861],[127.032502,37.563172],[127.031048,37.563616],[127.029493,37.564441],[127.028962,37.564659],[127.029026,37.564742],[127.029115,37.564744],[127.029179,37.564843],[127.029249,37.565047],[127.029178,37.565057],[127.029298,37.565156],[127.029314,37.565376],[127.029383,37.565388],[127.029402,37.565486],[127.029315,37.565706],[127.02924,37.565699],[127.029251,37.565866],[127.028911,37.566213],[127.029116,37.566479],[127.029287,37.566618],[127.02969,37.566801],[127.029677,37.566865],[127.029533,37.56698],[127.029826,37.566945],[127.029965,37.567027],[127.030014,37.567622],[127.031253,37.567855],[127.031517,37.567947],[127.031618,37.568067],[127.031867,37.568226],[127.031968,37.568244],[127.032052,37.568168],[127.032389,37.568123],[127.033025,37.568193],[127.033255,37.568321],[127.033367,37.568688],[127.033465,37.568734],[127.033505,37.568838],[127.033276,37.568763],[127.03323,37.568927],[127.033082,37.568959],[127.032811,37.568923],[127.032788,37.569125],[127.032659,37.569352],[127.03249,37.569294],[127.032403,37.569672],[127.030989,37.56929],[127.03038,37.569234],[127.030244,37.569262],[127.030289,37.569809],[127.02888,37.57011],[127.027149,37.570573],[127.02721,37.570857],[127.026792,37.57039],[127.026746,37.570399],[127.026635,37.570228],[127.026678,37.570214],[127.026654,37.570171],[127.026433,37.570245],[127.025888,37.5689],[127.025837,37.567584],[127.025885,37.567576],[127.025905,37.567471],[127.025535,37.56701],[127.02544,37.566803],[127.025473,37.566402],[127.025559,37.566123],[127.025349,37.566003],[127.025173,37.565966],[127.024935,37.565676],[127.025827,37.565421],[127.027293,37.565341],[127.027227,37.56502],[127.026778,37.565039],[127.026766,37.564934],[127.026673,37.564794],[127.026735,37.564768],[127.026678,37.564504],[127.026756,37.564426],[127.026798,37.564197],[127.026697,37.564153],[127.026752,37.563894],[127.026651,37.563749],[127.026526,37.563391],[127.025929,37.562603],[127.025411,37.56228],[127.024486,37.561855],[127.024187,37.561521],[127.023938,37.561375],[127.023464,37.560801],[127.023459,37.560727],[127.023462,37.560799],[127.02335,37.560663],[127.02322,37.559999],[127.023022,37.559693],[127.022759,37.559331],[127.022387,37.559027]]]}},{"type":"Feature","properties":{"dong":"11200_홍익동","sgg_cd":"11200","emd_cd":"11200103","umd_nm":"홍익동","gu_name":"성동구"},"geometry":{"type":"Polygon","coordinates":[[[127.028911,37.566213],[127.029251,37.565866],[127.02924,37.565699],[127.029315,37.565706],[127.029402,37.565486],[127.029383,37.565388],[127.029314,37.565376],[127.029298,37.565156],[127.029178,37.565057],[127.029249,37.565047],[127.029179,37.564843],[127.029115,37.564744],[127.029026,37.564742],[127.028962,37.564659],[127.029208,37.56459],[127.029135,37.564604],[127.0301,37.564115],[127.030094,37.565429],[127.036318,37.56472],[127.036494,37.566049],[127.034744,37.566242],[127.032886,37.568061],[127.033614,37.568432],[127.033518,37.56899],[127.032167,37.570087],[127.031566,37.569865],[127.031261,37.5698],[127.030289,37.569809],[127.030244,37.569262],[127.03038,37.569234],[127.030989,37.56929],[127.032403,37.569672],[127.03249,37.569294],[127.032659,37.569352],[127.032788,37.569125],[127.032811,37.568923],[127.033082,37.568959],[127.03323,37.568927],[127.033276,37.568763],[127.033505,37.568838],[127.033465,37.568734],[127.033367,37.568688],[127.033255,37.568321],[127.033025,37.568193],[127.032391,37.568123],[127.032052,37.568168],[127.031968,37.568244],[127.031867,37.568226],[127.031618,37.568067],[127.031517,37.567947],[127.031253,37.567855],[127.030017,37.567623],[127.029965,37.567027],[127.029826,37.566945],[127.029533,37.566979],[127.029677,37.566865],[127.02969,37.566801],[127.029287,37.566618],[127.029116,37.566479],[127.028911,37.566213]]]}},{"type":"Feature","properties":{"dong":"11200_도선동","sgg_cd":"11200","emd_cd":"11200104","umd_nm":"도선동","gu_name":"성동구"},"geometry":{"type":"Polygon","coordinates":[[[127.030094,37.565431],[127.0301,37.564115],[127.03125,37.563533],[127.031806,37.563405],[127.032717,37.563084],[127.033532,37.562653],[127.034874,37.561671],[127.034989,37.561708],[127.035565,37.561407],[127.036022,37.562474],[127.036318,37.56472],[127.030094,37.565431]]]}},{"type":"Feature","properties":{"dong":"11200_마장동","sgg_cd":"11200","emd_cd":"11200105","umd_nm":"마장동","gu_name":"성동구"},"geometry":{"type":"Polygon","coordinates":[[[127.032167,37.570087],[127.033518,37.56899],[127.033614,37.568432],[127.032886,37.568061],[127.034745,37.566248],[127.037796,37.565904],[127.037948,37.564552],[127.038306,37.563491],[127.038831,37.562822],[127.038936,37.562837],[127.039047,37.5622],[127.039172,37.562207],[127.039175,37.562153],[127.039219,37.562176],[127.039214,37.562279],[127.039371,37.562284],[127.03937,37.562228],[127.039567,37.562213],[127.040357,37.561996],[127.040706,37.562071],[127.041576,37.562113],[127.041767,37.562242],[127.041825,37.562232],[127.041873,37.562308],[127.042198,37.562226],[127.042304,37.562056],[127.042607,37.56193],[127.043189,37.56226],[127.043888,37.562488],[127.044164,37.562518],[127.044384,37.562259],[127.045402,37.562157],[127.045724,37.562328],[127.045869,37.562669],[127.045735,37.562909],[127.045864,37.563257],[127.046188,37.563509],[127.046336,37.563964],[127.046775,37.564081],[127.046926,37.564201],[127.047034,37.564386],[127.047014,37.564518],[127.046914,37.564646],[127.046841,37.564995],[127.046935,37.565311],[127.047017,37.565334],[127.047332,37.56532],[127.047338,37.565154],[127.047559,37.564695],[127.047915,37.564175],[127.048302,37.564183],[127.049206,37.56245],[127.049256,37.562792],[127.049241,37.563397],[127.049285,37.563551],[127.046197,37.569323],[127.045932,37.569628],[127.045564,37.56995],[127.044156,37.570717],[127.043239,37.571144],[127.042007,37.571671],[127.040408,37.572066],[127.038761,37.572265],[127.036777,37.572242],[127.036166,37.572151],[127.035641,37.571999],[127.034189,37.57139],[127.033069,37.570523],[127.032536,37.570222],[127.032167,37.570087]]]}},{"type":"Feature","properties":{"dong":"11200_사근동","sgg_cd":"11200","emd_cd":"11200106","umd_nm":"사근동","gu_name":"성동구"},"geometry":{"type":"Polygon","coordinates":[[[127.041372,37.561013],[127.041649,37.560968],[127.04204,37.560821],[127.042276,37.560658],[127.042389,37.560442],[127.042599,37.560383],[127.042682,37.560402],[127.042599,37.560348],[127.042811,37.560132],[127.042927,37.559847],[127.043176,37.559572],[127.043304,37.559509],[127.043322,37.558709],[127.044083,37.558489],[127.044495,37.558202],[127.044867,37.558169],[127.045346,37.557875],[127.045332,37.557377],[127.045852,37.556998],[127.046115,37.556665],[127.046005,37.556374],[127.04588,37.55627],[127.046184,37.554852],[127.046215,37.554396],[127.045904,37.554099],[127.045879,37.553884],[127.045791,37.553889],[127.046052,37.55345],[127.04617,37.553575],[127.046936,37.553145],[127.048218,37.552801],[127.048776,37.552732],[127.049012,37.55255],[127.049515,37.55301],[127.049997,37.553561],[127.050243,37.554279],[127.050602,37.554881],[127.051122,37.55527],[127.051484,37.555685],[127.05153,37.556475],[127.051425,37.556721],[127.051445,37.556959],[127.051933,37.557354],[127.052024,37.557459],[127.052098,37.55767],[127.052066,37.557801],[127.051963,37.557925],[127.051797,37.558017],[127.051547,37.558064],[127.051294,37.558297],[127.051229,37.558424],[127.05128,37.558521],[127.051655,37.558736],[127.051778,37.559158],[127.051754,37.559263],[127.051479,37.559687],[127.050397,37.560212],[127.050129,37.560509],[127.050057,37.560694],[127.050105,37.560861],[127.050509,37.561367],[127.051051,37.561815],[127.051179,37.561987],[127.051232,37.56244],[127.051013,37.562852],[127.049331,37.563716],[127.049241,37.563397],[127.049256,37.562792],[127.049206,37.56245],[127.048302,37.564183],[127.047897,37.564196],[127.047559,37.564695],[127.047338,37.565154],[127.047332,37.56532],[127.046935,37.565311],[127.046841,37.564995],[127.046914,37.564646],[127.047014,37.564518],[127.047034,37.564386],[127.046926,37.564201],[127.046775,37.564081],[127.046336,37.563964],[127.046188,37.563509],[127.045864,37.563257],[127.045735,37.562909],[127.045869,37.562669],[127.045709,37.562317],[127.045402,37.562157],[127.044559,37.56222],[127.044384,37.562259],[127.044164,37.562518],[127.043888,37.562488],[127.043189,37.56226],[127.042607,37.56193],[127.042304,37.562056],[127.042198,37.562226],[127.041873,37.562308],[127.0418,37.562246],[127.041598,37.561798],[127.041372,37.561013]]]}},{"type":"Feature","properties":{"dong":"11200_행당동","sgg_cd":"11200","emd_cd":"11200107","umd_nm":"행당동","gu_name":"성동구"},"geometry":{"type":"Polygon","coordinates":[[[127.024304,37.557999],[127.024786,37.557572],[127.024896,37.557316],[127.024924,37.556438],[127.024793,37.556421],[127.024817,37.555911],[127.024754,37.555715],[127.025319,37.555695],[127.025557,37.555364],[127.025488,37.55515],[127.026094,37.554922],[127.02631,37.554895],[127.02652,37.554669],[127.026812,37.554664],[127.027409,37.55452],[127.027318,37.554495],[127.027509,37.554441],[127.027818,37.55418],[127.028336,37.554227],[127.028984,37.553905],[127.029317,37.553899],[127.029488,37.553832],[127.029516,37.553869],[127.029842,37.553796],[127.030353,37.553392],[127.031328,37.552906],[127.031893,37.552963],[127.03186,37.553039],[127.03196,37.553017],[127.032123,37.553139],[127.03254,37.553649],[127.032642,37.553845],[127.033047,37.554231],[127.033284,37.554323],[127.033601,37.554347],[127.033906,37.554481],[127.033946,37.554542],[127.034586,37.554542],[127.03497,37.55473],[127.035372,37.554811],[127.035951,37.554767],[127.036012,37.554727],[127.036086,37.554504],[127.036381,37.554116],[127.037169,37.553679],[127.037909,37.553451],[127.039013,37.553616],[127.038494,37.553063],[127.037761,37.552524],[127.037809,37.552439],[127.038379,37.552659],[127.038411,37.552617],[127.040157,37.553276],[127.040398,37.553041],[127.040872,37.552292],[127.04136,37.552683],[127.041617,37.552811],[127.042759,37.553124],[127.043693,37.553272],[127.046052,37.55345],[127.045791,37.553889],[127.045879,37.553884],[127.045905,37.554099],[127.046216,37.554396],[127.046184,37.554852],[127.04588,37.55627],[127.046005,37.556374],[127.046115,37.556665],[127.045852,37.556998],[127.045332,37.557378],[127.045346,37.557875],[127.044867,37.558169],[127.044495,37.558202],[127.044083,37.558489],[127.043322,37.558709],[127.043304,37.559509],[127.043176,37.559572],[127.042927,37.559847],[127.042811,37.560132],[127.042599,37.560348],[127.042682,37.560402],[127.042599,37.560383],[127.04239,37.560442],[127.042276,37.560658],[127.04204,37.560821],[127.041649,37.560968],[127.041372,37.561013],[127.041598,37.561798],[127.0418,37.562246],[127.041576,37.562113],[127.041391,37.56208],[127.041049,37.562101],[127.040357,37.561996],[127.039567,37.562213],[127.03937,37.562228],[127.039371,37.562284],[127.039214,37.562279],[127.039219,37.562176],[127.039175,37.562154],[127.039172,37.562207],[127.039047,37.5622],[127.038935,37.562837],[127.038835,37.562821],[127.038306,37.563491],[127.037948,37.564552],[127.037796,37.565904],[127.036494,37.566048],[127.036022,37.562474],[127.035565,37.561407],[127.034989,37.561708],[127.034921,37.56166],[127.034742,37.561755],[127.03474,37.561633],[127.0335,37.562577],[127.033354,37.562455],[127.033419,37.562385],[127.033257,37.562212],[127.033333,37.562158],[127.033231,37.562027],[127.033226,37.561948],[127.033152,37.561983],[127.033069,37.561868],[127.033223,37.561791],[127.033111,37.561644],[127.033051,37.561596],[127.032819,37.561654],[127.032725,37.561543],[127.032515,37.561579],[127.032473,37.561511],[127.032268,37.561536],[127.032379,37.561364],[127.032365,37.561185],[127.032457,37.561073],[127.032357,37.560992],[127.032066,37.560996],[127.032029,37.560771],[127.03188,37.560611],[127.031717,37.560662],[127.031676,37.560528],[127.031549,37.560557],[127.031058,37.560293],[127.030987,37.560325],[127.030816,37.560239],[127.030754,37.560349],[127.030463,37.560153],[127.030377,37.560244],[127.03016,37.560259],[127.029888,37.5601],[127.02957,37.560216],[127.029526,37.560119],[127.029572,37.560116],[127.029469,37.560062],[127.028989,37.560118],[127.028973,37.560178],[127.028869,37.560163],[127.028746,37.560268],[127.027797,37.560338],[127.027868,37.560235],[127.027729,37.560037],[127.027521,37.559981],[127.027447,37.559876],[127.027228,37.559905],[127.026472,37.559275],[127.026315,37.559121],[127.026075,37.558613],[127.025482,37.558081],[127.025189,37.558001],[127.024304,37.557999]]]}},{"type":"Feature","properties":{"dong":"11200_응봉동","sgg_cd":"11200","emd_cd":"11200108","umd_nm":"응봉동","gu_name":"성동구"},"geometry":{"type":"Polygon","coordinates":[[[127.028811,37.549383],[127.029097,37.549207],[127.029083,37.549175],[127.029303,37.548943],[127.029606,37.548683],[127.029653,37.548354],[127.029563,37.548188],[127.029733,37.547893],[127.030046,37.547795],[127.030994,37.547154],[127.031527,37.546251],[127.032747,37.546351],[127.033115,37.546511],[127.033932,37.547358],[127.034282,37.547632],[127.034568,37.547802],[127.03526,37.547991],[127.03561,37.548157],[127.036324,37.548974],[127.036861,37.549709],[127.037674,37.550536],[127.038618,37.551158],[127.039581,37.551666],[127.040221,37.551941],[127.040398,37.551974],[127.040872,37.552292],[127.040398,37.553041],[127.040157,37.553276],[127.037813,37.552432],[127.037761,37.552524],[127.038494,37.553063],[127.039013,37.553616],[127.037909,37.553451],[127.037169,37.553679],[127.036381,37.554116],[127.036086,37.554504],[127.036012,37.554727],[127.035951,37.554767],[127.035372,37.554811],[127.03497,37.55473],[127.034586,37.554542],[127.033946,37.554542],[127.033906,37.554481],[127.033601,37.554347],[127.033284,37.554323],[127.033047,37.554231],[127.032642,37.553845],[127.03254,37.553649],[127.032123,37.553139],[127.03196,37.553017],[127.03186,37.553039],[127.031893,37.552963],[127.031775,37.552945],[127.031328,37.552906],[127.030353,37.553392],[127.029842,37.553796],[127.029516,37.553869],[127.029435,37.553771],[127.029587,37.553496],[127.029524,37.553166],[127.029433,37.553006],[127.028943,37.552776],[127.029064,37.552305],[127.029142,37.552195],[127.02925,37.552224],[127.029341,37.552108],[127.029381,37.55192],[127.029558,37.551767],[127.029581,37.551639],[127.029412,37.55137],[127.029251,37.550345],[127.029078,37.550055],[127.028866,37.549853],[127.028811,37.549383]]]}},{"type":"Feature","properties":{"dong":"11200_금호동1가","sgg_cd":"11200","emd_cd":"11200109","umd_nm":"금호동1가","gu_name":"성동구"},"geometry":{"type":"Polygon","coordinates":[[[127.020918,37.557756],[127.02088,37.557831],[127.019562,37.557485],[127.019685,37.557223],[127.01971,37.556692],[127.019726,37.556779],[127.019827,37.556793],[127.019964,37.556182],[127.019989,37.554618],[127.020821,37.553952],[127.021435,37.553568],[127.023422,37.553073],[127.024675,37.552557],[127.02522,37.552168],[127.025393,37.551886],[127.025656,37.550867],[127.025987,37.550288],[127.026095,37.549891],[127.026038,37.54924],[127.0259,37.548469],[127.025671,37.548171],[127.025897,37.548048],[127.026036,37.548058],[127.026184,37.54814],[127.026864,37.54812],[127.027141,37.548197],[127.027507,37.548404],[127.027679,37.548438],[127.028182,37.548686],[127.028471,37.548615],[127.028642,37.5487],[127.028856,37.548701],[127.029106,37.548856],[127.02928,37.548885],[127.029303,37.548943],[127.029078,37.549221],[127.028811,37.549383],[127.028866,37.549853],[127.029078,37.550055],[127.029251,37.550345],[127.029412,37.55137],[127.029581,37.551639],[127.029558,37.551767],[127.029381,37.55192],[127.029341,37.552108],[127.02925,37.552224],[127.029142,37.552195],[127.029064,37.552305],[127.028943,37.552776],[127.029433,37.553006],[127.029524,37.553166],[127.029587,37.553496],[127.029435,37.553771],[127.029464,37.55384],[127.029317,37.553899],[127.028984,37.553905],[127.028336,37.554227],[127.027818,37.55418],[127.027509,37.554441],[127.027318,37.554495],[127.027409,37.55452],[127.026812,37.554664],[127.02652,37.554669],[127.02631,37.554895],[127.026094,37.554922],[127.025488,37.55515],[127.025557,37.555364],[127.025319,37.555695],[127.024754,37.555715],[127.024817,37.555911],[127.024793,37.55642],[127.024924,37.556438],[127.024915,37.55721],[127.024786,37.557572],[127.024605,37.557743],[127.024221,37.55777],[127.022946,37.557717],[127.022936,37.557862],[127.022549,37.557859],[127.022508,37.557789],[127.021902,37.557479],[127.020918,37.557756]]]}},{"type":"Feature","properties":{"dong":"11200_금호동2가","sgg_cd":"11200","emd_cd":"11200110","umd_nm":"금호동2가","gu_name":"성동구"},"geometry":{"type":"Polygon","coordinates":[[[127.019671,37.556692],[127.019603,37.557253],[127.019354,37.557405],[127.019028,37.557233],[127.018852,37.557227],[127.018742,37.557098],[127.018072,37.556888],[127.01768,37.556477],[127.017339,37.55585],[127.017234,37.554889],[127.017116,37.554823],[127.017046,37.554639],[127.016827,37.554443],[127.016977,37.554078],[127.016888,37.553833],[127.016923,37.553727],[127.01682,37.553527],[127.016613,37.553404],[127.016317,37.553049],[127.01637,37.553092],[127.016202,37.552644],[127.016457,37.551997],[127.016881,37.551222],[127.017284,37.55093],[127.017862,37.55037],[127.018635,37.551903],[127.020973,37.55176],[127.021603,37.551452],[127.022101,37.551065],[127.023583,37.550787],[127.025034,37.550154],[127.02517,37.550058],[127.025274,37.549868],[127.025292,37.549522],[127.02565,37.549101],[127.025661,37.548894],[127.025555,37.548661],[127.025612,37.548181],[127.025671,37.548171],[127.0259,37.548469],[127.026038,37.54924],[127.026095,37.549891],[127.025987,37.550288],[127.025656,37.550867],[127.02545,37.551732],[127.025323,37.552033],[127.025132,37.552266],[127.024418,37.552684],[127.023156,37.553161],[127.022011,37.553397],[127.021435,37.553568],[127.020821,37.553952],[127.019989,37.554618],[127.019964,37.556182],[127.019829,37.556785],[127.019726,37.556771],[127.019718,37.556668],[127.019679,37.556672],[127.01965,37.556714],[127.019671,37.556692]]]}},{"type":"Feature","properties":{"dong":"11200_금호동3가","sgg_cd":"11200","emd_cd":"11200111","umd_nm":"금호동3가","gu_name":"성동구"},"geometry":{"type":"Polygon","coordinates":[[[127.01322,37.550125],[127.013466,37.549797],[127.013415,37.54976],[127.013458,37.549715],[127.014009,37.550101],[127.014131,37.550242],[127.014917,37.54927],[127.014875,37.549045],[127.015061,37.548663],[127.015351,37.54825],[127.015788,37.548265],[127.016361,37.548557],[127.016512,37.54858],[127.017065,37.548403],[127.018062,37.548318],[127.021581,37.548288],[127.024861,37.548121],[127.025279,37.548115],[127.025612,37.548181],[127.025555,37.548661],[127.025661,37.548894],[127.025647,37.549112],[127.025314,37.54948],[127.025248,37.549955],[127.025034,37.550154],[127.023422,37.550839],[127.022101,37.551065],[127.021603,37.551452],[127.020973,37.55176],[127.018635,37.551903],[127.017863,37.550371],[127.017284,37.55093],[127.016881,37.551222],[127.016457,37.551997],[127.016202,37.552644],[127.016001,37.552614],[127.014286,37.551006],[127.01322,37.550125]]]}},{"type":"Feature","properties":{"dong":"11200_금호동4가","sgg_cd":"11200","emd_cd":"11200112","umd_nm":"금호동4가","gu_name":"성동구"},"geometry":{"type":"Polygon","coordinates":[[[127.014861,37.547641],[127.014914,37.547603],[127.014884,37.547457],[127.015289,37.546753],[127.015257,37.546419],[127.015567,37.546166],[127.015643,37.545947],[127.015569,37.545726],[127.015554,37.545398],[127.015979,37.54539],[127.016199,37.545523],[127.016473,37.54557],[127.016456,37.54563],[127.01683,37.545718],[127.017005,37.545844],[127.017083,37.54567],[127.017241,37.545691],[127.017651,37.545513],[127.017774,37.545394],[127.017762,37.545262],[127.018443,37.545051],[127.019055,37.544976],[127.0202,37.545323],[127.02039,37.545042],[127.020364,37.543683],[127.020665,37.543384],[127.020853,37.543051],[127.021632,37.5428],[127.021096,37.542078],[127.021998,37.542566],[127.022932,37.541454],[127.02367,37.541454],[127.029076,37.542359],[127.031488,37.542426],[127.031342,37.544729],[127.031145,37.545909],[127.031149,37.546052],[127.031228,37.546205],[127.031527,37.546251],[127.030994,37.547154],[127.030046,37.547795],[127.029733,37.547893],[127.029563,37.548188],[127.029653,37.548354],[127.029606,37.548683],[127.029303,37.548943],[127.02928,37.548885],[127.029106,37.548856],[127.028856,37.548701],[127.028642,37.5487],[127.028471,37.548615],[127.028182,37.548686],[127.027072,37.548171],[127.026864,37.54812],[127.026184,37.54814],[127.025945,37.548046],[127.025826,37.548055],[127.02559,37.548182],[127.025279,37.548115],[127.024861,37.548121],[127.021581,37.548288],[127.018062,37.548318],[127.017065,37.548403],[127.016449,37.548579],[127.015788,37.548265],[127.015351,37.54825],[127.015395,37.548149],[127.015091,37.547931],[127.014879,37.547728],[127.014861,37.547641]]]}},{"type":"Feature","properties":{"dong":"11200_옥수동","sgg_cd":"11200","emd_cd":"11200113","umd_nm":"옥수동","gu_name":"성동구"},"geometry":{"type":"Polygon","coordinates":[[[127.008152,37.545025],[127.008325,37.544889],[127.008577,37.544572],[127.008931,37.544479],[127.009049,37.543976],[127.008962,37.542734],[127.0087,37.541993],[127.008808,37.541581],[127.00916,37.541289],[127.00928,37.541028],[127.009192,37.540596],[127.009344,37.539966],[127.00959,37.539639],[127.009946,37.539392],[127.010726,37.539301],[127.011483,37.539025],[127.012612,37.539343],[127.012818,37.539268],[127.013217,37.538885],[127.013376,37.538906],[127.013463,37.538817],[127.013895,37.539074],[127.014036,37.538961],[127.014094,37.538819],[127.014793,37.538812],[127.015022,37.538542],[127.015005,37.538303],[127.015076,37.53828],[127.015169,37.538379],[127.015255,37.538356],[127.015232,37.538331],[127.01545,37.538307],[127.015482,37.538234],[127.015675,37.538271],[127.016404,37.537973],[127.016353,37.537851],[127.016759,37.537851],[127.017263,37.537681],[127.017192,37.533798],[127.017742,37.534251],[127.021179,37.535818],[127.035807,37.535829],[127.035811,37.537847],[127.034732,37.539231],[127.033152,37.541451],[127.031485,37.542419],[127.029076,37.542359],[127.02367,37.541454],[127.022932,37.541454],[127.021998,37.542566],[127.021096,37.542078],[127.021632,37.5428],[127.020853,37.543051],[127.020665,37.543384],[127.020364,37.543683],[127.02039,37.545042],[127.0202,37.545323],[127.019055,37.544976],[127.018443,37.545051],[127.01787,37.545217],[127.017854,37.545188],[127.017762,37.545262],[127.017775,37.545394],[127.017649,37.545513],[127.017241,37.545691],[127.017083,37.54567],[127.017005,37.545844],[127.01683,37.545718],[127.016456,37.54563],[127.016473,37.54557],[127.016199,37.545523],[127.015979,37.54539],[127.015554,37.545398],[127.015569,37.545726],[127.015643,37.545947],[127.015567,37.546166],[127.015257,37.546419],[127.015289,37.546753],[127.014884,37.547457],[127.014914,37.547603],[127.014861,37.547641],[127.014879,37.547728],[127.015087,37.547931],[127.015395,37.548149],[127.015204,37.548503],[127.015061,37.548663],[127.014875,37.549045],[127.014924,37.549248],[127.014131,37.550242],[127.014008,37.550101],[127.013458,37.549715],[127.013134,37.550051],[127.012427,37.549492],[127.012167,37.549416],[127.011833,37.548753],[127.011595,37.548488],[127.010927,37.548181],[127.010588,37.548269],[127.010022,37.547907],[127.009694,37.547889],[127.009332,37.547474],[127.009105,37.547015],[127.00923,37.546321],[127.008709,37.546016],[127.008625,37.545875],[127.008661,37.545863],[127.008152,37.545025]]]}},{"type":"Feature","properties":{"dong":"11200_성수동1가","sgg_cd":"11200","emd_cd":"11200114","umd_nm":"성수동1가","gu_name":"성동구"},"geometry":{"type":"Polygon","coordinates":[[[127.050406,37.53619],[127.050356,37.536625],[127.050703,37.537026],[127.051005,37.537591],[127.051388,37.537976],[127.051907,37.538341],[127.05195,37.538432],[127.051621,37.539002],[127.051305,37.539889],[127.050539,37.540111],[127.050762,37.540808],[127.050665,37.540906],[127.051035,37.542046],[127.0513,37.542549],[127.051913,37.543477],[127.049592,37.544175],[127.049967,37.545352],[127.052233,37.55111],[127.050596,37.551754],[127.050511,37.551832],[127.049827,37.552029],[127.049346,37.552262],[127.048776,37.552732],[127.048218,37.552801],[127.046936,37.553145],[127.04617,37.553575],[127.046052,37.55345],[127.043693,37.553272],[127.042759,37.553124],[127.041617,37.552811],[127.041363,37.552685],[127.040749,37.552179],[127.040398,37.551974],[127.040221,37.551941],[127.039581,37.551666],[127.038618,37.551158],[127.037674,37.550536],[127.036861,37.549709],[127.036324,37.548974],[127.03561,37.548157],[127.03526,37.547991],[127.034568,37.547802],[127.034282,37.547632],[127.033932,37.547358],[127.033115,37.546511],[127.032747,37.546351],[127.031333,37.54624],[127.031182,37.546161],[127.031145,37.545909],[127.031342,37.544729],[127.031485,37.542419],[127.033152,37.541451],[127.034732,37.539231],[127.035811,37.537847],[127.035807,37.535829],[127.040388,37.535823],[127.040388,37.53575],[127.046044,37.534239],[127.048919,37.532519],[127.050225,37.535804],[127.050377,37.535967],[127.050406,37.53619]]]}},{"type":"Feature","properties":{"dong":"11200_성수동2가","sgg_cd":"11200","emd_cd":"11200115","umd_nm":"성수동2가","gu_name":"성동구"},"geometry":{"type":"Polygon","coordinates":[[[127.060075,37.548365],[127.05868,37.54865],[127.056648,37.549246],[127.053672,37.550468],[127.052891,37.550654],[127.052966,37.550816],[127.052708,37.550879],[127.052233,37.55111],[127.049967,37.545352],[127.049592,37.544175],[127.051913,37.543477],[127.0513,37.542549],[127.051035,37.542046],[127.050665,37.540906],[127.050762,37.540808],[127.050539,37.540111],[127.051305,37.539889],[127.051621,37.539002],[127.05195,37.538432],[127.051907,37.538341],[127.051388,37.537976],[127.051005,37.537591],[127.050703,37.537026],[127.050356,37.536625],[127.050406,37.536218],[127.050377,37.535967],[127.050225,37.535804],[127.048922,37.532532],[127.051699,37.530866],[127.055134,37.528665],[127.056222,37.528327],[127.059491,37.534236],[127.067464,37.548329],[127.065222,37.548162],[127.06263,37.548097],[127.061322,37.548185],[127.060075,37.548365]]]}},{"type":"Feature","properties":{"dong":"11200_송정동","sgg_cd":"11200","emd_cd":"11200118","umd_nm":"송정동","gu_name":"성동구"},"geometry":{"type":"Polygon","coordinates":[[[127.068038,37.556086],[127.062902,37.556872],[127.057458,37.556626],[127.054103,37.557361],[127.053877,37.556914],[127.052846,37.555265],[127.052633,37.554823],[127.051807,37.552257],[127.051194,37.551934],[127.050833,37.551849],[127.050508,37.551833],[127.050596,37.551754],[127.051713,37.551346],[127.052675,37.550897],[127.052966,37.550816],[127.052891,37.550654],[127.053672,37.550468],[127.056648,37.549246],[127.05868,37.54865],[127.059718,37.548414],[127.061322,37.548185],[127.06263,37.548097],[127.065222,37.548162],[127.067464,37.548329],[127.073734,37.559414],[127.072002,37.560099],[127.070774,37.558795],[127.068038,37.556086]]]}},{"type":"Feature","properties":{"dong":"11200_용답동","sgg_cd":"11200","emd_cd":"11200122","umd_nm":"용답동","gu_name":"성동구"},"geometry":{"type":"Polygon","coordinates":[[[127.038129,37.572265],[127.038761,37.572265],[127.040408,37.572066],[127.042007,37.571671],[127.044156,37.570717],[127.045564,37.56995],[127.045954,37.569605],[127.04634,37.569093],[127.047364,37.567088],[127.049285,37.563551],[127.049331,37.563716],[127.051013,37.562852],[127.051232,37.56244],[127.051179,37.561987],[127.051051,37.561815],[127.050509,37.561367],[127.050105,37.560861],[127.050057,37.560694],[127.050129,37.560509],[127.050397,37.560212],[127.051479,37.559687],[127.051656,37.559465],[127.051778,37.559158],[127.051655,37.558736],[127.05128,37.558521],[127.051229,37.558424],[127.051294,37.558297],[127.051547,37.558064],[127.051797,37.558017],[127.051963,37.557925],[127.052066,37.557801],[127.052098,37.55767],[127.052024,37.557459],[127.051933,37.557354],[127.051445,37.556959],[127.051425,37.556721],[127.05153,37.556475],[127.051484,37.555685],[127.051122,37.55527],[127.050602,37.554881],[127.050243,37.554279],[127.049997,37.553561],[127.049515,37.55301],[127.049012,37.55255],[127.049346,37.552262],[127.049827,37.552029],[127.050493,37.551832],[127.050833,37.551849],[127.051202,37.551937],[127.051807,37.552257],[127.052633,37.554823],[127.052846,37.555265],[127.053877,37.556914],[127.054103,37.557361],[127.057458,37.556626],[127.062902,37.556872],[127.068038,37.556086],[127.070774,37.558795],[127.072003,37.560099],[127.070994,37.560468],[127.071058,37.560555],[127.058761,37.562314],[127.047951,37.570384],[127.041903,37.572969],[127.038177,37.573021],[127.038129,37.572265]]]}},{"type":"Feature","properties":{"dong":"11215_중곡동","sgg_cd":"11215","emd_cd":"11215101","umd_nm":"중곡동","gu_name":"광진구"},"geometry":{"type":"Polygon","coordinates":[[[127.101467,37.55888],[127.102223,37.559207],[127.101968,37.559433],[127.101353,37.560488],[127.101167,37.561073],[127.101251,37.561605],[127.101715,37.562696],[127.10169,37.563261],[127.101885,37.56377],[127.102314,37.564312],[127.102324,37.564907],[127.102723,37.566929],[127.103262,37.568848],[127.103506,37.57011],[127.103941,37.570615],[127.104295,37.571451],[127.104131,37.571565],[127.103768,37.571964],[127.103173,37.572352],[127.102311,37.572221],[127.101702,37.572469],[127.100968,37.57345],[127.100851,37.573764],[127.100696,37.573594],[127.099439,37.572737],[127.098543,37.572649],[127.098302,37.572356],[127.097399,37.571945],[127.096323,37.571297],[127.095838,37.571341],[127.095793,37.571005],[127.095604,37.570609],[127.094789,37.570751],[127.093753,37.570571],[127.090493,37.569697],[127.088396,37.570181],[127.088177,37.570846],[127.086171,37.570831],[127.083332,37.571369],[127.078201,37.571869],[127.076879,37.567929],[127.074092,37.564603],[127.072385,37.559959],[127.087675,37.553961],[127.088153,37.553697],[127.088665,37.553323],[127.089127,37.552853],[127.089476,37.552352],[127.090916,37.552782],[127.09338,37.554978],[127.093308,37.55505],[127.093625,37.555363],[127.094422,37.555709],[127.095008,37.556262],[127.095493,37.556462],[127.097182,37.55696],[127.097433,37.557223],[127.098341,37.557864],[127.099335,37.558355],[127.100246,37.558452],[127.101467,37.55888]]]}},{"type":"Feature","properties":{"dong":"11215_능동","sgg_cd":"11215","emd_cd":"11215102","umd_nm":"능동","gu_name":"광진구"},"geometry":{"type":"Polygon","coordinates":[[[127.081537,37.545215],[127.082807,37.545135],[127.082834,37.545204],[127.085052,37.545068],[127.085103,37.545285],[127.085191,37.545426],[127.085318,37.545496],[127.085449,37.54591],[127.085921,37.546299],[127.08586,37.546366],[127.085949,37.546593],[127.085783,37.546702],[127.085658,37.546951],[127.085795,37.547497],[127.085696,37.547889],[127.085435,37.548482],[127.085448,37.548717],[127.08587,37.549107],[127.085999,37.54907],[127.086088,37.549285],[127.086233,37.549316],[127.086306,37.549431],[127.086416,37.54943],[127.086464,37.549492],[127.086836,37.549524],[127.087613,37.549382],[127.087655,37.549425],[127.087651,37.549561],[127.087728,37.549644],[127.087685,37.549814],[127.08781,37.549862],[127.088128,37.550134],[127.088096,37.550166],[127.08817,37.550227],[127.08803,37.55036],[127.088539,37.550876],[127.08895,37.551173],[127.089254,37.551519],[127.089408,37.551615],[127.089451,37.551865],[127.089203,37.552235],[127.089476,37.552352],[127.089127,37.552853],[127.088665,37.553323],[127.088153,37.553697],[127.087675,37.553961],[127.079485,37.557173],[127.077726,37.55397],[127.077225,37.552953],[127.077177,37.55297],[127.077177,37.55285],[127.076095,37.550597],[127.076193,37.550523],[127.076172,37.550379],[127.076244,37.550352],[127.076046,37.550028],[127.075008,37.549129],[127.07505,37.549098],[127.07497,37.548723],[127.074999,37.548639],[127.07475,37.548098],[127.074631,37.54806],[127.074588,37.547928],[127.074283,37.547802],[127.074269,37.547752],[127.074334,37.547585],[127.074451,37.547464],[127.074388,37.547264],[127.074539,37.547221],[127.074486,37.54706],[127.074832,37.546996],[127.074894,37.547058],[127.074995,37.547018],[127.075739,37.546586],[127.077059,37.545922],[127.07774,37.545727],[127.079629,37.545334],[127.079933,37.5453],[127.081561,37.545382],[127.081537,37.545215]]]}},{"type":"Feature","properties":{"dong":"11215_구의동","sgg_cd":"11215","emd_cd":"11215103","umd_nm":"구의동","gu_name":"광진구"},"geometry":{"type":"Polygon","coordinates":[[[127.082391,37.541485],[127.082404,37.541513],[127.083655,37.541179],[127.083174,37.54002],[127.083569,37.536503],[127.088777,37.53782],[127.089401,37.537859],[127.089462,37.537553],[127.089245,37.536424],[127.089346,37.535812],[127.089697,37.535094],[127.09007,37.534002],[127.090124,37.533402],[127.091099,37.533694],[127.091141,37.533257],[127.091529,37.533283],[127.091603,37.532566],[127.091716,37.532574],[127.091908,37.530706],[127.091998,37.53078],[127.091975,37.530609],[127.092713,37.530609],[127.091293,37.52795],[127.10203,37.536445],[127.09662,37.54057],[127.095687,37.541212],[127.09414,37.542778],[127.093143,37.543709],[127.093317,37.543817],[127.093274,37.543865],[127.093484,37.544032],[127.093859,37.544223],[127.094238,37.544293],[127.094848,37.544543],[127.095379,37.544823],[127.095613,37.545022],[127.095906,37.545378],[127.09668,37.545664],[127.09673,37.545968],[127.097915,37.547004],[127.098113,37.546748],[127.098452,37.546964],[127.098484,37.547361],[127.09842,37.547501],[127.098243,37.547498],[127.097664,37.548247],[127.097635,37.54857],[127.09771,37.549325],[127.097991,37.549466],[127.09819,37.55006],[127.097921,37.550288],[127.098691,37.551018],[127.09895,37.551116],[127.098946,37.551359],[127.098692,37.551977],[127.099489,37.55254],[127.099831,37.552716],[127.099834,37.552798],[127.100006,37.55297],[127.100406,37.553138],[127.100689,37.553151],[127.100892,37.55326],[127.101444,37.553377],[127.10166,37.553343],[127.102143,37.553081],[127.102707,37.553522],[127.10299,37.553569],[127.103441,37.554137],[127.103704,37.55462],[127.104109,37.554904],[127.104584,37.555017],[127.104941,37.556413],[127.104662,37.556808],[127.104276,37.557566],[127.103906,37.557797],[127.102853,37.558711],[127.102706,37.559023],[127.102297,37.559091],[127.102169,37.559186],[127.101467,37.55888],[127.100246,37.558452],[127.099335,37.558355],[127.098341,37.557864],[127.097433,37.557223],[127.097182,37.55696],[127.095493,37.556462],[127.095008,37.556262],[127.094422,37.555709],[127.093625,37.555363],[127.093308,37.55505],[127.09338,37.554978],[127.090916,37.552782],[127.089203,37.552235],[127.089451,37.551865],[127.089408,37.551615],[127.089254,37.551519],[127.08895,37.551173],[127.088539,37.550876],[127.08803,37.55036],[127.08817,37.550227],[127.088096,37.550166],[127.088128,37.550134],[127.08781,37.549862],[127.087685,37.549814],[127.087728,37.549644],[127.087651,37.549561],[127.087655,37.549425],[127.087613,37.549382],[127.086836,37.549524],[127.086464,37.549492],[127.086416,37.54943],[127.086306,37.549431],[127.086233,37.549316],[127.086088,37.549285],[127.085999,37.54907],[127.08587,37.549107],[127.085448,37.548717],[127.085435,37.548482],[127.085696,37.547889],[127.085795,37.547497],[127.085658,37.546951],[127.085783,37.546702],[127.085949,37.546593],[127.08586,37.546366],[127.085921,37.546299],[127.085449,37.54591],[127.085318,37.545496],[127.085191,37.545426],[127.085103,37.545285],[127.085052,37.545068],[127.082834,37.545204],[127.082807,37.545135],[127.081537,37.545215],[127.081537,37.545023],[127.080844,37.545089],[127.080839,37.544991],[127.080174,37.545027],[127.08013,37.545219],[127.079985,37.545229],[127.080073,37.544943],[127.080028,37.544923],[127.080004,37.544245],[127.079657,37.543826],[127.079545,37.543832],[127.079485,37.543227],[127.081358,37.543154],[127.08139,37.543295],[127.081455,37.543162],[127.081395,37.542328],[127.081444,37.542038],[127.082036,37.541815],[127.082112,37.541662],[127.082391,37.541485]]]}},{"type":"Feature","properties":{"dong":"11215_광장동","sgg_cd":"11215","emd_cd":"11215104","umd_nm":"광장동","gu_name":"광진구"},"geometry":{"type":"Polygon","coordinates":[[[127.10203,37.536445],[127.108282,37.541407],[127.110243,37.54501],[127.111471,37.546926],[127.11155,37.550512],[127.114083,37.554075],[127.115226,37.55676],[127.113317,37.556834],[127.113378,37.556952],[127.113382,37.557157],[127.11356,37.557488],[127.113629,37.55794],[127.113918,37.558391],[127.113807,37.558472],[127.112297,37.559],[127.111794,37.558686],[127.111421,37.558515],[127.110349,37.558253],[127.109987,37.558341],[127.109529,37.558553],[127.109215,37.558393],[127.108544,37.558245],[127.108306,37.558029],[127.107517,37.557605],[127.107141,37.557104],[127.106677,37.556813],[127.106393,37.55646],[127.10604,37.556365],[127.1054,37.556333],[127.104941,37.556413],[127.104584,37.555017],[127.104109,37.554904],[127.103704,37.55462],[127.103441,37.554137],[127.10299,37.553569],[127.102707,37.553522],[127.102143,37.553081],[127.10166,37.553343],[127.101444,37.553377],[127.100892,37.55326],[127.100689,37.553151],[127.100406,37.553138],[127.100006,37.55297],[127.099834,37.552798],[127.099831,37.552716],[127.099489,37.55254],[127.098692,37.551977],[127.098946,37.551359],[127.09895,37.551116],[127.098691,37.551018],[127.097921,37.550288],[127.09819,37.55006],[127.097991,37.549466],[127.09771,37.549325],[127.097635,37.54857],[127.097664,37.548247],[127.098243,37.547498],[127.09842,37.547501],[127.098484,37.547361],[127.098452,37.546964],[127.098113,37.546748],[127.097915,37.547004],[127.09673,37.545968],[127.09668,37.545664],[127.095906,37.545378],[127.095613,37.545022],[127.095379,37.544823],[127.094848,37.544543],[127.094238,37.544293],[127.093859,37.544223],[127.093484,37.544032],[127.093274,37.543865],[127.093317,37.543817],[127.093143,37.543709],[127.09414,37.542778],[127.095687,37.541212],[127.09662,37.54057],[127.10203,37.536445]]]}},{"type":"Feature","properties":{"dong":"11215_자양동","sgg_cd":"11215","emd_cd":"11215105","umd_nm":"자양동","gu_name":"광진구"},"geometry":{"type":"Polygon","coordinates":[[[127.082391,37.541485],[127.082967,37.541331],[127.082815,37.540976],[127.083362,37.540832],[127.083308,37.540701],[127.083273,37.540759],[127.08278,37.540894],[127.082425,37.540083],[127.080948,37.540439],[127.080838,37.540198],[127.081006,37.540149],[127.081026,37.539822],[127.080803,37.538917],[127.080692,37.53892],[127.080518,37.539061],[127.080332,37.539124],[127.080279,37.539029],[127.080133,37.539059],[127.080038,37.538764],[127.079949,37.538667],[127.079127,37.53882],[127.078801,37.53893],[127.07882,37.538862],[127.078198,37.539012],[127.077365,37.539005],[127.077226,37.538965],[127.077215,37.538894],[127.077016,37.538925],[127.077004,37.539021],[127.076849,37.539034],[127.076909,37.539156],[127.076783,37.539203],[127.076347,37.53926],[127.076356,37.539227],[127.075482,37.539277],[127.07547,37.539239],[127.075366,37.539354],[127.075232,37.53938],[127.075144,37.539199],[127.07509,37.538775],[127.074213,37.53899],[127.074201,37.538828],[127.072907,37.539149],[127.063998,37.542175],[127.064014,37.542228],[127.059499,37.534246],[127.056218,37.528317],[127.060324,37.527025],[127.065432,37.525056],[127.067456,37.524596],[127.068663,37.52387],[127.07205,37.523415],[127.074318,37.522866],[127.076942,37.522514],[127.079975,37.522951],[127.081127,37.523409],[127.085633,37.524759],[127.090161,37.527007],[127.091293,37.52795],[127.092713,37.530609],[127.091975,37.530609],[127.091998,37.53078],[127.091908,37.530706],[127.091716,37.532574],[127.091603,37.532566],[127.091529,37.533283],[127.091141,37.533257],[127.091099,37.533694],[127.090124,37.533402],[127.09007,37.534002],[127.089697,37.535094],[127.089346,37.535812],[127.089245,37.536424],[127.089462,37.537553],[127.089401,37.537859],[127.088777,37.53782],[127.083569,37.536503],[127.083174,37.54002],[127.083655,37.541179],[127.082404,37.541513],[127.082391,37.541485]]]}},{"type":"Feature","properties":{"dong":"11215_화양동","sgg_cd":"11215","emd_cd":"11215107","umd_nm":"화양동","gu_name":"광진구"},"geometry":{"type":"Polygon","coordinates":[[[127.082391,37.541485],[127.082112,37.541662],[127.082036,37.541815],[127.081444,37.542038],[127.081395,37.542328],[127.081455,37.543162],[127.08139,37.543295],[127.081358,37.543154],[127.079485,37.543227],[127.079545,37.543832],[127.079657,37.543826],[127.080004,37.544245],[127.080028,37.544923],[127.080073,37.544943],[127.079985,37.545229],[127.08013,37.545219],[127.080174,37.545027],[127.080839,37.544991],[127.080844,37.545089],[127.081537,37.545023],[127.081561,37.545382],[127.079933,37.5453],[127.07774,37.545727],[127.077059,37.545922],[127.074928,37.547047],[127.074832,37.546996],[127.074137,37.547165],[127.074231,37.547389],[127.073961,37.547463],[127.073837,37.54719],[127.07203,37.547718],[127.071155,37.547859],[127.070953,37.547955],[127.068116,37.548308],[127.067466,37.54833],[127.063998,37.542175],[127.072907,37.539149],[127.074201,37.538828],[127.074213,37.53899],[127.07509,37.538775],[127.075144,37.539199],[127.075232,37.53938],[127.075366,37.539354],[127.07547,37.539239],[127.075482,37.539277],[127.076356,37.539227],[127.076347,37.53926],[127.076783,37.539203],[127.076909,37.539156],[127.076849,37.539034],[127.077004,37.539021],[127.077016,37.538925],[127.077215,37.538894],[127.077226,37.538965],[127.077365,37.539005],[127.078198,37.539012],[127.07882,37.538862],[127.078801,37.53893],[127.079127,37.53882],[127.079949,37.538667],[127.080038,37.538764],[127.080133,37.539059],[127.080279,37.539029],[127.080332,37.539124],[127.080518,37.539061],[127.080692,37.53892],[127.080803,37.538917],[127.081026,37.539822],[127.081006,37.540149],[127.080838,37.540198],[127.080948,37.540439],[127.082425,37.540083],[127.08278,37.540894],[127.083273,37.540759],[127.083308,37.540701],[127.083362,37.540832],[127.082815,37.540976],[127.082967,37.541331],[127.082391,37.541485]]]}},{"type":"Feature","properties":{"dong":"11215_군자동","sgg_cd":"11215","emd_cd":"11215109","umd_nm":"군자동","gu_name":"광진구"},"geometry":{"type":"Polygon","coordinates":[[[127.074486,37.54706],[127.074539,37.547221],[127.074388,37.547264],[127.074451,37.547464],[127.074334,37.547585],[127.074283,37.547802],[127.074588,37.547928],[127.074631,37.54806],[127.07475,37.548098],[127.074999,37.548639],[127.07497,37.548723],[127.07505,37.549098],[127.075008,37.549129],[127.076046,37.550028],[127.076244,37.550352],[127.076172,37.550379],[127.076193,37.550523],[127.076095,37.550597],[127.077177,37.55285],[127.077177,37.55297],[127.077225,37.552953],[127.077726,37.55397],[127.079485,37.557173],[127.073736,37.559414],[127.067466,37.54833],[127.068116,37.548308],[127.070953,37.547955],[127.071155,37.547859],[127.07203,37.547718],[127.073837,37.54719],[127.073961,37.547463],[127.074231,37.547389],[127.074137,37.547165],[127.074486,37.54706]]]}},{"type":"Feature","properties":{"dong":"11230_신설동","sgg_cd":"11230","emd_cd":"11230101","umd_nm":"신설동","gu_name":"동대문구"},"geometry":{"type":"Polygon","coordinates":[[[127.027717,37.570842],[127.028014,37.573979],[127.027681,37.576805],[127.027899,37.576867],[127.027806,37.57754],[127.027681,37.577639],[127.027418,37.578362],[127.02725,37.578554],[127.026894,37.578456],[127.026815,37.578519],[127.026717,37.578468],[127.026259,37.578714],[127.025783,37.578897],[127.024415,37.579194],[127.023304,37.578427],[127.023305,37.578198],[127.023138,37.57804],[127.023184,37.576787],[127.023219,37.576749],[127.023187,37.576731],[127.023341,37.572255],[127.023418,37.572243],[127.023363,37.572226],[127.023371,37.571914],[127.024189,37.571425],[127.024598,37.571037],[127.025205,37.570845],[127.025517,37.570831],[127.02574,37.570903],[127.026164,37.571243],[127.027217,37.570923],[127.027717,37.570842]]]}},{"type":"Feature","properties":{"dong":"11230_용두동","sgg_cd":"11230","emd_cd":"11230102","umd_nm":"용두동","gu_name":"동대문구"},"geometry":{"type":"Polygon","coordinates":[[[127.024415,37.579194],[127.025783,37.578897],[127.026259,37.578714],[127.026717,37.578468],[127.026815,37.578519],[127.026894,37.578456],[127.02725,37.578554],[127.027418,37.578362],[127.027681,37.577639],[127.027806,37.57754],[127.027862,37.57716],[127.027899,37.576867],[127.027681,37.576805],[127.028014,37.573979],[127.027676,37.570412],[127.030296,37.569805],[127.031267,37.569799],[127.031553,37.569858],[127.032568,37.570235],[127.033059,37.570513],[127.034182,37.571385],[127.035746,37.572033],[127.036737,37.57224],[127.03813,37.572264],[127.038175,37.57302],[127.04191,37.572969],[127.042555,37.572696],[127.043185,37.573884],[127.043442,37.57427],[127.045269,37.57658],[127.044943,37.576759],[127.045283,37.577201],[127.04446,37.57759],[127.043349,37.578262],[127.042501,37.579327],[127.040041,37.57853],[127.038796,37.578195],[127.034464,37.578142],[127.034463,37.578286],[127.033987,37.578281],[127.034033,37.578367],[127.034016,37.578488],[127.033857,37.578476],[127.033861,37.578354],[127.032822,37.57833],[127.032785,37.578815],[127.032663,37.579075],[127.032392,37.579444],[127.031625,37.581312],[127.031729,37.581313],[127.031643,37.581402],[127.031462,37.58137],[127.031447,37.581328],[127.029894,37.581239],[127.029867,37.581387],[127.029749,37.581332],[127.029635,37.581394],[127.029598,37.581595],[127.029654,37.58176],[127.029539,37.582684],[127.024415,37.579194]]]}},{"type":"Feature","properties":{"dong":"11230_제기동","sgg_cd":"11230","emd_cd":"11230103","umd_nm":"제기동","gu_name":"동대문구"},"geometry":{"type":"Polygon","coordinates":[[[127.029539,37.582684],[127.029654,37.58176],[127.029598,37.581595],[127.029635,37.581394],[127.029749,37.581332],[127.029867,37.581387],[127.029894,37.581239],[127.031447,37.581328],[127.031462,37.58137],[127.031643,37.581402],[127.031729,37.581313],[127.031625,37.581312],[127.032392,37.579444],[127.032663,37.579075],[127.032785,37.578815],[127.032822,37.57833],[127.033861,37.578354],[127.033857,37.578476],[127.034016,37.578488],[127.034033,37.578367],[127.033987,37.578281],[127.034463,37.578286],[127.034464,37.578142],[127.038796,37.578195],[127.040041,37.57853],[127.043536,37.579657],[127.042859,37.581021],[127.042853,37.581331],[127.044105,37.581365],[127.042371,37.58671],[127.040377,37.586651],[127.040372,37.586763],[127.040241,37.586759],[127.040196,37.586955],[127.04043,37.586963],[127.040455,37.587206],[127.040489,37.587194],[127.040531,37.587306],[127.040514,37.587455],[127.040485,37.587562],[127.039869,37.588514],[127.040072,37.588804],[127.040174,37.58912],[127.040393,37.589383],[127.040427,37.589577],[127.041099,37.59036],[127.041186,37.590549],[127.041482,37.590792],[127.041125,37.59057],[127.041001,37.590393],[127.040866,37.59058],[127.040454,37.590555],[127.039961,37.59069],[127.04054,37.591076],[127.04068,37.591366],[127.038761,37.591391],[127.03872,37.591266],[127.036222,37.591189],[127.036329,37.590141],[127.035544,37.58895],[127.03524,37.588642],[127.033886,37.587525],[127.033509,37.587071],[127.033315,37.586722],[127.033026,37.586453],[127.032061,37.585863],[127.032215,37.585791],[127.032304,37.585678],[127.031872,37.585422],[127.031641,37.585364],[127.031585,37.585169],[127.031228,37.584699],[127.030983,37.58428],[127.029539,37.582684]]]}},{"type":"Feature","properties":{"dong":"11230_전농동","sgg_cd":"11230","emd_cd":"11230104","umd_nm":"전농동","gu_name":"동대문구"},"geometry":{"type":"Polygon","coordinates":[[[127.042501,37.579327],[127.043349,37.578262],[127.04446,37.57759],[127.045283,37.577201],[127.044943,37.576759],[127.045269,37.57658],[127.045346,37.576684],[127.045422,37.576649],[127.045567,37.576526],[127.045605,37.576433],[127.04513,37.575809],[127.04502,37.575513],[127.04506,37.575058],[127.04524,37.574445],[127.045672,37.573888],[127.047162,37.572763],[127.049206,37.575154],[127.050068,37.574658],[127.05012,37.574708],[127.052108,37.573559],[127.052293,37.573571],[127.052366,37.573624],[127.052287,37.573627],[127.052754,37.574094],[127.05317,37.573952],[127.053496,37.573926],[127.053098,37.57402],[127.053409,37.574359],[127.053776,37.574036],[127.05376,37.573965],[127.053874,37.573928],[127.054443,37.573995],[127.055106,37.574163],[127.055286,37.574264],[127.055255,37.574329],[127.05529,37.574383],[127.054574,37.575205],[127.054939,37.575538],[127.055263,37.575739],[127.055276,37.575658],[127.056279,37.575574],[127.057152,37.575401],[127.057148,37.575361],[127.057194,37.575404],[127.057498,37.575401],[127.057926,37.575286],[127.057928,37.575248],[127.058004,37.57525],[127.058214,37.575479],[127.058524,37.575419],[127.058694,37.57529],[127.05911,37.575325],[127.059403,37.575435],[127.060023,37.575492],[127.060482,37.575437],[127.060736,37.575565],[127.060813,37.5757],[127.060893,37.575748],[127.060801,37.575662],[127.061426,37.575902],[127.063008,37.576197],[127.064188,37.576305],[127.064376,37.576492],[127.064715,37.576554],[127.065111,37.576398],[127.065594,37.576453],[127.066022,37.576315],[127.066148,37.576408],[127.066415,37.576345],[127.066628,37.576544],[127.066621,37.576596],[127.067068,37.576621],[127.067172,37.577432],[127.067443,37.578275],[127.067834,37.579092],[127.06842,37.579853],[127.068542,37.580236],[127.068533,37.58093],[127.068607,37.582256],[127.068722,37.582237],[127.068803,37.582701],[127.068579,37.582733],[127.068561,37.582844],[127.068337,37.582861],[127.067305,37.582109],[127.065997,37.582144],[127.06554,37.581966],[127.065278,37.581714],[127.064665,37.581611],[127.064006,37.581693],[127.064083,37.582857],[127.064405,37.583461],[127.064382,37.584031],[127.064297,37.584324],[127.064428,37.584686],[127.063798,37.58488],[127.063636,37.585029],[127.063491,37.585099],[127.063371,37.585093],[127.062901,37.585358],[127.062651,37.585259],[127.062151,37.585383],[127.062072,37.585493],[127.061446,37.585512],[127.060506,37.585127],[127.06023,37.584783],[127.060051,37.584761],[127.059888,37.584657],[127.059527,37.58483],[127.059054,37.585153],[127.058588,37.585014],[127.058062,37.584802],[127.057818,37.584563],[127.057557,37.584527],[127.057324,37.584343],[127.057182,37.58352],[127.056531,37.583403],[127.056306,37.583442],[127.056123,37.583522],[127.055669,37.583884],[127.055089,37.58411],[127.054752,37.584322],[127.054742,37.584559],[127.055152,37.585053],[127.0554,37.585635],[127.055356,37.585933],[127.055206,37.585937],[127.055111,37.58639],[127.054959,37.586554],[127.055106,37.586681],[127.054744,37.587067],[127.054807,37.587647],[127.054677,37.587797],[127.054546,37.587758],[127.05373,37.58725],[127.053422,37.587553],[127.053341,37.587802],[127.051856,37.586023],[127.051775,37.586034],[127.050513,37.584484],[127.049975,37.583939],[127.046032,37.580809],[127.045213,37.58018],[127.042501,37.579327]]]}},{"type":"Feature","properties":{"dong":"11230_답십리동","sgg_cd":"11230","emd_cd":"11230105","umd_nm":"답십리동","gu_name":"동대문구"},"geometry":{"type":"Polygon","coordinates":[[[127.042555,37.572696],[127.047954,37.57038],[127.054552,37.56545],[127.056342,37.564169],[127.056591,37.563943],[127.05669,37.564178],[127.058039,37.563175],[127.058696,37.563854],[127.059492,37.564479],[127.060643,37.565221],[127.06139,37.565628],[127.061361,37.565652],[127.062236,37.566773],[127.062381,37.566654],[127.062505,37.566773],[127.062376,37.56688],[127.063298,37.568069],[127.063265,37.568087],[127.06366,37.568607],[127.063676,37.56878],[127.064346,37.569909],[127.065346,37.57107],[127.066417,37.573065],[127.066589,37.57318],[127.066622,37.573154],[127.066785,37.573309],[127.066988,37.573744],[127.066947,37.57403],[127.06736,37.575055],[127.067422,37.575035],[127.067652,37.575791],[127.067496,37.576116],[127.067253,37.576407],[127.067069,37.576426],[127.067097,37.576157],[127.067074,37.576158],[127.067044,37.576619],[127.066621,37.576596],[127.066628,37.576544],[127.066415,37.576345],[127.066148,37.576408],[127.066022,37.576315],[127.065594,37.576453],[127.065111,37.576398],[127.064715,37.576554],[127.064376,37.576492],[127.064188,37.576305],[127.063008,37.576197],[127.061426,37.575902],[127.060801,37.575662],[127.060893,37.575748],[127.060813,37.5757],[127.060736,37.575565],[127.060482,37.575437],[127.060023,37.575492],[127.059403,37.575435],[127.05911,37.575325],[127.058694,37.57529],[127.058524,37.575419],[127.058214,37.575479],[127.058004,37.57525],[127.057928,37.575248],[127.057926,37.575286],[127.057498,37.575401],[127.057194,37.575404],[127.057148,37.575361],[127.057152,37.575401],[127.056279,37.575574],[127.055276,37.575658],[127.055263,37.575739],[127.054939,37.575538],[127.054574,37.575205],[127.05529,37.574383],[127.055255,37.574329],[127.055286,37.574264],[127.055106,37.574163],[127.054443,37.573995],[127.053874,37.573928],[127.05376,37.573965],[127.053776,37.574036],[127.053409,37.574359],[127.053098,37.57402],[127.053496,37.573926],[127.05317,37.573952],[127.052754,37.574094],[127.052287,37.573627],[127.05236,37.573619],[127.052293,37.573571],[127.052108,37.573559],[127.05012,37.574708],[127.050068,37.574658],[127.049206,37.575154],[127.047162,37.572763],[127.045672,37.573888],[127.04524,37.574445],[127.04509,37.574917],[127.045011,37.575449],[127.04513,37.575809],[127.045594,37.57639],[127.045567,37.576526],[127.045346,37.576684],[127.043442,37.57427],[127.043185,37.573884],[127.042555,37.572696]]]}},{"type":"Feature","properties":{"dong":"11230_장안동","sgg_cd":"11230","emd_cd":"11230106","umd_nm":"장안동","gu_name":"동대문구"},"geometry":{"type":"Polygon","coordinates":[[[127.056591,37.563943],[127.058761,37.562314],[127.071058,37.560555],[127.070998,37.560467],[127.072386,37.559963],[127.074099,37.56459],[127.076876,37.567917],[127.078202,37.57187],[127.077228,37.572922],[127.077227,37.573501],[127.076442,37.57943],[127.076193,37.580267],[127.075812,37.58095],[127.074975,37.581022],[127.068611,37.582261],[127.068533,37.58093],[127.068542,37.580236],[127.06842,37.579853],[127.067834,37.579092],[127.067443,37.578275],[127.067172,37.577432],[127.067044,37.576619],[127.067074,37.576158],[127.067069,37.576426],[127.067253,37.576407],[127.067496,37.576116],[127.067652,37.575791],[127.067422,37.575035],[127.06736,37.575055],[127.066947,37.57403],[127.066988,37.573744],[127.066785,37.573309],[127.066622,37.573154],[127.066589,37.57318],[127.066417,37.573065],[127.065346,37.57107],[127.064346,37.569909],[127.063676,37.56878],[127.06366,37.568607],[127.063265,37.568087],[127.063298,37.568069],[127.062376,37.56688],[127.062505,37.566773],[127.062381,37.566654],[127.062236,37.566773],[127.061361,37.565652],[127.06139,37.565628],[127.060643,37.565221],[127.059492,37.564479],[127.058696,37.563854],[127.058039,37.563175],[127.05669,37.564178],[127.056591,37.563943]]]}},{"type":"Feature","properties":{"dong":"11230_청량리동","sgg_cd":"11230","emd_cd":"11230107","umd_nm":"청량리동","gu_name":"동대문구"},"geometry":{"type":"Polygon","coordinates":[[[127.038761,37.591391],[127.04068,37.591366],[127.04054,37.591076],[127.039961,37.59069],[127.040454,37.590555],[127.040866,37.59058],[127.041001,37.590393],[127.041125,37.59057],[127.041482,37.590792],[127.041186,37.590549],[127.041099,37.59036],[127.040427,37.589577],[127.040393,37.589383],[127.040174,37.58912],[127.040072,37.588804],[127.039869,37.588514],[127.040491,37.587549],[127.040531,37.587306],[127.040489,37.587194],[127.040455,37.587206],[127.04043,37.586963],[127.040196,37.586955],[127.040241,37.586759],[127.040372,37.586763],[127.040377,37.586651],[127.042371,37.58671],[127.044105,37.581365],[127.042853,37.581331],[127.042859,37.581021],[127.043536,37.579657],[127.045213,37.58018],[127.049975,37.583939],[127.050513,37.584484],[127.051775,37.586034],[127.051856,37.586023],[127.053341,37.587802],[127.053312,37.587911],[127.053345,37.587941],[127.053134,37.588058],[127.053104,37.588029],[127.05292,37.588109],[127.052834,37.588015],[127.052732,37.587997],[127.052171,37.588439],[127.051868,37.588887],[127.051382,37.588988],[127.05115,37.58911],[127.051042,37.589245],[127.050453,37.589079],[127.050222,37.589084],[127.049901,37.589267],[127.049879,37.589356],[127.049332,37.589192],[127.049156,37.589206],[127.048923,37.589153],[127.048829,37.589078],[127.048845,37.589011],[127.048588,37.588821],[127.048387,37.588767],[127.047901,37.588725],[127.047561,37.5886],[127.047408,37.588695],[127.04713,37.588742],[127.047108,37.589187],[127.047327,37.589295],[127.047556,37.589545],[127.047696,37.589576],[127.047588,37.589645],[127.047739,37.590174],[127.047875,37.590299],[127.047935,37.590469],[127.04811,37.590618],[127.048162,37.590771],[127.048012,37.591024],[127.047873,37.591146],[127.047253,37.59131],[127.047205,37.591599],[127.047527,37.592146],[127.047497,37.592287],[127.04738,37.59241],[127.047428,37.592589],[127.047511,37.592711],[127.047557,37.592908],[127.047823,37.593151],[127.047614,37.593623],[127.047578,37.593848],[127.047411,37.593992],[127.047187,37.594088],[127.047384,37.594387],[127.047397,37.594793],[127.047482,37.595159],[127.047691,37.595406],[127.047593,37.595506],[127.047549,37.595641],[127.047693,37.595886],[127.047331,37.596135],[127.046769,37.596039],[127.046186,37.596187],[127.045502,37.596617],[127.044785,37.596363],[127.044066,37.596391],[127.043706,37.596271],[127.043009,37.596964],[127.042659,37.596724],[127.041842,37.596458],[127.041387,37.595497],[127.041191,37.595492],[127.041072,37.595581],[127.041081,37.595547],[127.040761,37.595287],[127.040792,37.595634],[127.040628,37.595681],[127.038761,37.591391]]]}},{"type":"Feature","properties":{"dong":"11230_회기동","sgg_cd":"11230","emd_cd":"11230108","umd_nm":"회기동","gu_name":"동대문구"},"geometry":{"type":"Polygon","coordinates":[[[127.047108,37.589187],[127.04713,37.588742],[127.047408,37.588695],[127.047561,37.5886],[127.047901,37.588725],[127.048588,37.588821],[127.048845,37.589011],[127.048829,37.589078],[127.048923,37.589153],[127.049156,37.589206],[127.049332,37.589192],[127.049879,37.589356],[127.049901,37.589267],[127.050222,37.589084],[127.050453,37.589079],[127.051042,37.589245],[127.05115,37.58911],[127.051382,37.588988],[127.051868,37.588887],[127.052171,37.588439],[127.052732,37.587997],[127.052834,37.588015],[127.05292,37.588109],[127.053104,37.588029],[127.053134,37.588058],[127.053345,37.587941],[127.053312,37.587911],[127.05337,37.587712],[127.05362,37.587982],[127.05369,37.588131],[127.053865,37.588288],[127.055917,37.589923],[127.056098,37.589742],[127.056145,37.58931],[127.05569,37.589245],[127.05611,37.58928],[127.056181,37.589272],[127.05626,37.58917],[127.056573,37.589151],[127.056262,37.589238],[127.056169,37.589338],[127.056112,37.589826],[127.056164,37.589828],[127.056048,37.589984],[127.056146,37.589994],[127.05589,37.590157],[127.056671,37.591316],[127.05703,37.591464],[127.05709,37.591502],[127.057107,37.591536],[127.056664,37.591348],[127.055796,37.591163],[127.055791,37.591329],[127.055936,37.591448],[127.056087,37.591759],[127.056231,37.591898],[127.056189,37.592135],[127.056217,37.592236],[127.056047,37.592382],[127.055914,37.592613],[127.056022,37.592854],[127.055679,37.593538],[127.054827,37.593848],[127.054828,37.59397],[127.054451,37.594273],[127.054699,37.595163],[127.05467,37.595435],[127.054764,37.595605],[127.054662,37.59578],[127.054504,37.595888],[127.054496,37.596033],[127.053843,37.596628],[127.053856,37.596962],[127.053709,37.597292],[127.053769,37.597418],[127.053633,37.597534],[127.053667,37.597779],[127.05343,37.597943],[127.053405,37.598467],[127.053543,37.5987],[127.053338,37.598882],[127.053342,37.599273],[127.053005,37.599271],[127.052627,37.599452],[127.052033,37.600131],[127.052099,37.600146],[127.051793,37.600504],[127.051718,37.600752],[127.051199,37.601224],[127.051014,37.601174],[127.050342,37.60061],[127.050412,37.600095],[127.049747,37.599761],[127.049379,37.599108],[127.049103,37.598721],[127.049118,37.598369],[127.049069,37.598136],[127.048838,37.597854],[127.048662,37.597786],[127.048562,37.597624],[127.048339,37.597436],[127.047966,37.597251],[127.047922,37.596937],[127.04782,37.596749],[127.047432,37.596466],[127.047331,37.596135],[127.047693,37.595886],[127.047549,37.595641],[127.047593,37.595506],[127.047691,37.595406],[127.047482,37.595159],[127.047397,37.594793],[127.047384,37.594387],[127.047187,37.594088],[127.047411,37.593992],[127.047578,37.593848],[127.047614,37.593623],[127.047823,37.593151],[127.047557,37.592908],[127.047511,37.592711],[127.047428,37.592589],[127.04738,37.59241],[127.047497,37.592287],[127.047527,37.592146],[127.047205,37.591599],[127.047253,37.59131],[127.047873,37.591146],[127.048012,37.591024],[127.048162,37.590771],[127.04811,37.590618],[127.047935,37.590469],[127.047875,37.590299],[127.047739,37.590174],[127.047588,37.589645],[127.047696,37.589576],[127.047556,37.589545],[127.047327,37.589295],[127.047108,37.589187]]]}},{"type":"Feature","properties":{"dong":"11230_휘경동","sgg_cd":"11230","emd_cd":"11230109","umd_nm":"휘경동","gu_name":"동대문구"},"geometry":{"type":"Polygon","coordinates":[[[127.05337,37.587712],[127.053422,37.587553],[127.05373,37.58725],[127.054546,37.587758],[127.054677,37.587797],[127.054807,37.587647],[127.054744,37.587067],[127.055106,37.586681],[127.054959,37.586554],[127.055111,37.58639],[127.055206,37.585937],[127.055356,37.585933],[127.0554,37.585635],[127.055152,37.585053],[127.054742,37.584559],[127.054752,37.584322],[127.055089,37.58411],[127.055669,37.583884],[127.056123,37.583522],[127.056306,37.583442],[127.056531,37.583403],[127.057182,37.58352],[127.057324,37.584343],[127.057557,37.584527],[127.057818,37.584563],[127.058062,37.584802],[127.058588,37.585014],[127.059054,37.585153],[127.059527,37.58483],[127.059888,37.584657],[127.060051,37.584761],[127.06023,37.584783],[127.060506,37.585127],[127.061446,37.585512],[127.062072,37.585493],[127.062151,37.585383],[127.062651,37.585259],[127.062901,37.585358],[127.063371,37.585093],[127.063491,37.585099],[127.063636,37.585029],[127.063798,37.58488],[127.064428,37.584686],[127.064297,37.584324],[127.064382,37.584031],[127.064405,37.583461],[127.064083,37.582857],[127.064006,37.581693],[127.064665,37.581611],[127.065278,37.581714],[127.06554,37.581966],[127.065997,37.582144],[127.067305,37.582109],[127.068337,37.582861],[127.068561,37.582844],[127.068579,37.582733],[127.068803,37.582701],[127.068722,37.582237],[127.074975,37.581022],[127.075236,37.580995],[127.075368,37.581152],[127.072872,37.584162],[127.072161,37.584957],[127.072644,37.586511],[127.072384,37.586673],[127.072365,37.586828],[127.07189,37.587647],[127.07161,37.588011],[127.07135,37.588534],[127.071039,37.588959],[127.070602,37.589152],[127.070303,37.589533],[127.070231,37.589957],[127.070605,37.590958],[127.070725,37.591482],[127.070723,37.591891],[127.070442,37.592906],[127.069433,37.59512],[127.069424,37.595326],[127.068593,37.595317],[127.068203,37.594939],[127.067808,37.594452],[127.067531,37.594693],[127.067511,37.594842],[127.06693,37.595092],[127.066833,37.595041],[127.06662,37.595034],[127.066357,37.595153],[127.066093,37.595174],[127.065302,37.595366],[127.065093,37.59532],[127.065015,37.59525],[127.064975,37.59527],[127.06479,37.595013],[127.064624,37.595036],[127.064513,37.59478],[127.064464,37.594756],[127.06421,37.594815],[127.064134,37.594765],[127.063744,37.594762],[127.063066,37.595099],[127.061688,37.593128],[127.06142,37.593221],[127.061011,37.592636],[127.060963,37.592659],[127.060902,37.592597],[127.060755,37.592653],[127.060783,37.592836],[127.060691,37.592841],[127.060711,37.592976],[127.060654,37.593055],[127.060478,37.592994],[127.060329,37.592879],[127.059779,37.592991],[127.059644,37.592942],[127.059387,37.593082],[127.0592,37.592906],[127.058767,37.592829],[127.058521,37.59253],[127.058261,37.592487],[127.057926,37.592739],[127.057677,37.592514],[127.057561,37.592175],[127.057298,37.591718],[127.05709,37.591502],[127.056671,37.591316],[127.05589,37.590157],[127.056146,37.589994],[127.056048,37.589984],[127.056164,37.589828],[127.056112,37.589826],[127.056169,37.589338],[127.056262,37.589238],[127.056573,37.589151],[127.05626,37.58917],[127.056181,37.589272],[127.05611,37.58928],[127.05569,37.589245],[127.056145,37.58931],[127.056098,37.589742],[127.055917,37.589923],[127.053865,37.588288],[127.05369,37.588131],[127.05362,37.587982],[127.05337,37.587712]]]}},{"type":"Feature","properties":{"dong":"11230_이문동","sgg_cd":"11230","emd_cd":"11230110","umd_nm":"이문동","gu_name":"동대문구"},"geometry":{"type":"Polygon","coordinates":[[[127.052033,37.600131],[127.052627,37.599452],[127.053005,37.599271],[127.053342,37.599273],[127.053338,37.598882],[127.053543,37.5987],[127.053405,37.598467],[127.05343,37.597943],[127.053667,37.597779],[127.053633,37.597534],[127.053769,37.597418],[127.053709,37.597292],[127.053856,37.596962],[127.053843,37.596628],[127.054496,37.596033],[127.054504,37.595888],[127.054662,37.59578],[127.054764,37.595605],[127.05467,37.595435],[127.054699,37.595163],[127.054451,37.594273],[127.054828,37.59397],[127.054827,37.593848],[127.055679,37.593538],[127.056022,37.592854],[127.055914,37.592613],[127.056047,37.592382],[127.056217,37.592236],[127.056189,37.592135],[127.056231,37.591898],[127.056087,37.591759],[127.055936,37.591448],[127.055791,37.591329],[127.055796,37.591163],[127.056664,37.591348],[127.057099,37.591528],[127.057298,37.591718],[127.057561,37.592175],[127.057677,37.592514],[127.057926,37.592739],[127.058261,37.592487],[127.058521,37.59253],[127.058767,37.592829],[127.0592,37.592906],[127.059387,37.593082],[127.059644,37.592942],[127.059779,37.592991],[127.060329,37.592879],[127.060478,37.592994],[127.060654,37.593055],[127.060711,37.592976],[127.060691,37.592841],[127.060783,37.592836],[127.060755,37.592653],[127.060902,37.592597],[127.060963,37.592659],[127.061011,37.592636],[127.06142,37.593221],[127.061688,37.593128],[127.063066,37.595099],[127.063744,37.594762],[127.064134,37.594765],[127.06421,37.594815],[127.064464,37.594756],[127.064513,37.59478],[127.064624,37.595036],[127.06479,37.595013],[127.064975,37.59527],[127.065015,37.59525],[127.065093,37.59532],[127.065302,37.595366],[127.066093,37.595174],[127.066357,37.595153],[127.06662,37.595034],[127.066833,37.595041],[127.06693,37.595092],[127.067511,37.594842],[127.067531,37.594693],[127.067808,37.594452],[127.068203,37.594939],[127.068593,37.595317],[127.069424,37.595326],[127.069484,37.597244],[127.069578,37.597427],[127.070297,37.598194],[127.070785,37.598626],[127.071155,37.598811],[127.071502,37.599098],[127.071978,37.599604],[127.072482,37.600239],[127.072799,37.600838],[127.072871,37.601075],[127.072869,37.601331],[127.072412,37.602878],[127.071912,37.603792],[127.071533,37.604642],[127.071116,37.607025],[127.071059,37.607619],[127.07067,37.607557],[127.070461,37.607219],[127.07039,37.60718],[127.070379,37.607031],[127.070258,37.60703],[127.070122,37.607256],[127.069773,37.607264],[127.069178,37.606995],[127.068996,37.606851],[127.06867,37.606749],[127.068605,37.606633],[127.067888,37.606565],[127.06733,37.606277],[127.066793,37.606097],[127.066371,37.605842],[127.066283,37.60576],[127.066207,37.605573],[127.066066,37.605521],[127.065421,37.605467],[127.064949,37.605819],[127.064666,37.605734],[127.063625,37.605234],[127.063098,37.605251],[127.062187,37.605128],[127.062183,37.604939],[127.061974,37.604902],[127.061484,37.604469],[127.06147,37.604256],[127.060768,37.603477],[127.06071,37.60353],[127.060432,37.603412],[127.060167,37.603163],[127.060098,37.603053],[127.060134,37.602843],[127.060062,37.602562],[127.059962,37.602445],[127.059933,37.602306],[127.0602,37.601727],[127.059987,37.601547],[127.05966,37.601513],[127.059312,37.60133],[127.05922,37.601231],[127.059169,37.601044],[127.058446,37.601073],[127.05741,37.601191],[127.057418,37.601137],[127.057327,37.601152],[127.057206,37.601242],[127.057339,37.601513],[127.056337,37.601345],[127.055405,37.60101],[127.055081,37.601335],[127.054247,37.60065],[127.053811,37.600612],[127.053919,37.600423],[127.053769,37.600416],[127.053648,37.600476],[127.052033,37.600131]]]}},{"type":"Feature","properties":{"dong":"11260_면목동","sgg_cd":"11260","emd_cd":"11260101","umd_nm":"면목동","gu_name":"중랑구"},"geometry":{"type":"Polygon","coordinates":[[[127.110154,37.58743],[127.109928,37.587874],[127.108966,37.588007],[127.108549,37.588263],[127.108319,37.588323],[127.107797,37.588294],[127.107215,37.58811],[127.105881,37.588123],[127.104127,37.588863],[127.102481,37.589263],[127.102201,37.589309],[127.102036,37.589016],[127.097441,37.590595],[127.093636,37.589738],[127.093381,37.592291],[127.093242,37.59229],[127.093197,37.592668],[127.093095,37.59375],[127.093234,37.593779],[127.093196,37.594147],[127.080112,37.591333],[127.08015,37.59219],[127.079108,37.592039],[127.078641,37.592965],[127.071925,37.591208],[127.071901,37.591377],[127.070721,37.591478],[127.070603,37.590955],[127.070228,37.589958],[127.070355,37.589423],[127.070605,37.58915],[127.071037,37.588957],[127.071351,37.58853],[127.071612,37.588004],[127.071888,37.587646],[127.072079,37.587257],[127.072365,37.586825],[127.072386,37.586667],[127.072641,37.586509],[127.072159,37.584955],[127.07287,37.584162],[127.075379,37.581137],[127.075248,37.580982],[127.075818,37.580937],[127.076181,37.580296],[127.07633,37.579902],[127.076456,37.579344],[127.077182,37.573867],[127.077231,37.57292],[127.078141,37.571923],[127.083329,37.57137],[127.086173,37.570831],[127.088178,37.570845],[127.088468,37.570218],[127.090495,37.569698],[127.092689,37.570252],[127.093378,37.570497],[127.09376,37.570572],[127.094799,37.570752],[127.095617,37.57061],[127.095808,37.571006],[127.095855,37.571343],[127.096342,37.571299],[127.097424,37.571948],[127.098332,37.572359],[127.098575,37.572652],[127.099476,37.57274],[127.10074,37.573597],[127.100949,37.573824],[127.100902,37.574391],[127.101248,37.575166],[127.101143,37.57607],[127.101733,37.576967],[127.101957,37.577552],[127.103025,37.578907],[127.102894,37.579906],[127.10344,37.580595],[127.105994,37.581937],[127.106695,37.582121],[127.106915,37.582263],[127.107241,37.582314],[127.10781,37.582875],[127.108438,37.583237],[127.108967,37.583379],[127.109062,37.583605],[127.109376,37.584092],[127.10938,37.58456],[127.109733,37.585244],[127.109987,37.586016],[127.110023,37.586637],[127.110154,37.58743]]]}},{"type":"Feature","properties":{"dong":"11260_상봉동","sgg_cd":"11260","emd_cd":"11260102","umd_nm":"상봉동","gu_name":"중랑구"},"geometry":{"type":"Polygon","coordinates":[[[127.070528,37.592602],[127.070724,37.591891],[127.070721,37.591478],[127.071901,37.591377],[127.071925,37.591208],[127.078641,37.592965],[127.079108,37.592039],[127.08015,37.59219],[127.080112,37.591333],[127.093196,37.594147],[127.092794,37.59817],[127.095164,37.598719],[127.095883,37.600666],[127.0953,37.600416],[127.095318,37.60098],[127.09513,37.601283],[127.095106,37.601679],[127.095039,37.601857],[127.094894,37.601924],[127.094865,37.602382],[127.09412,37.602355],[127.094096,37.602427],[127.093872,37.602547],[127.093791,37.602687],[127.093802,37.602839],[127.09395,37.603175],[127.093948,37.60361],[127.094094,37.604216],[127.094064,37.604578],[127.093901,37.604976],[127.09381,37.604928],[127.093702,37.605002],[127.093629,37.604957],[127.09191,37.606609],[127.091836,37.606539],[127.091445,37.606903],[127.091233,37.607227],[127.090986,37.607228],[127.090824,37.607317],[127.090639,37.607583],[127.090427,37.607668],[127.090635,37.607686],[127.090521,37.607864],[127.08988,37.608301],[127.089474,37.608648],[127.089116,37.6091],[127.088075,37.608778],[127.087649,37.608689],[127.087411,37.608696],[127.08734,37.608469],[127.087179,37.608313],[127.0874,37.607655],[127.087393,37.606807],[127.087436,37.606453],[127.087422,37.606342],[127.087292,37.606193],[127.087195,37.605902],[127.087236,37.605894],[127.087236,37.605781],[127.087344,37.605732],[127.087179,37.605413],[127.087044,37.604619],[127.086995,37.604538],[127.086749,37.604432],[127.086583,37.604151],[127.086407,37.60369],[127.08642,37.603482],[127.086334,37.60324],[127.086137,37.602954],[127.085516,37.602522],[127.085895,37.602373],[127.08649,37.602018],[127.086668,37.602055],[127.086844,37.602026],[127.086941,37.601958],[127.08676,37.601671],[127.086732,37.601514],[127.08654,37.601245],[127.086643,37.601085],[127.086609,37.600889],[127.086203,37.600761],[127.08622,37.600493],[127.086173,37.600152],[127.085975,37.599992],[127.085797,37.599987],[127.085607,37.599895],[127.085619,37.599858],[127.085247,37.599554],[127.085228,37.599598],[127.08442,37.598624],[127.083989,37.598616],[127.082739,37.598757],[127.08287,37.59859],[127.082858,37.598446],[127.082967,37.598338],[127.082844,37.598332],[127.083018,37.598048],[127.083111,37.597999],[127.083223,37.597746],[127.083204,37.597704],[127.083276,37.597645],[127.083158,37.596571],[127.081068,37.596123],[127.081159,37.595869],[127.080309,37.595674],[127.080281,37.595004],[127.071159,37.592659],[127.07112,37.59275],[127.070528,37.592602]]]}},{"type":"Feature","properties":{"dong":"11260_중화동","sgg_cd":"11260","emd_cd":"11260103","umd_nm":"중화동","gu_name":"중랑구"},"geometry":{"type":"Polygon","coordinates":[[[127.070528,37.592602],[127.07112,37.59275],[127.071159,37.592659],[127.080281,37.595004],[127.080309,37.595674],[127.081159,37.595869],[127.081068,37.596123],[127.083158,37.596571],[127.083276,37.597645],[127.083204,37.597704],[127.083223,37.597746],[127.083111,37.597999],[127.083018,37.598048],[127.082844,37.598332],[127.082967,37.598338],[127.082858,37.598446],[127.08287,37.59859],[127.082739,37.598757],[127.083989,37.598616],[127.08442,37.598624],[127.085228,37.599598],[127.085247,37.599554],[127.085619,37.599858],[127.085607,37.599895],[127.085797,37.599987],[127.085975,37.599992],[127.086173,37.600152],[127.08622,37.600493],[127.086203,37.600761],[127.086609,37.600889],[127.086643,37.601085],[127.08654,37.601245],[127.086732,37.601514],[127.08676,37.601671],[127.086941,37.601958],[127.086844,37.602026],[127.086668,37.602055],[127.08649,37.602018],[127.085895,37.602373],[127.085516,37.602522],[127.086137,37.602954],[127.086334,37.60324],[127.08642,37.603482],[127.086407,37.60369],[127.086583,37.604151],[127.086749,37.604432],[127.086995,37.604538],[127.087044,37.604619],[127.087179,37.605413],[127.087344,37.605732],[127.087236,37.605781],[127.087236,37.605894],[127.087195,37.605902],[127.087292,37.606193],[127.087422,37.606342],[127.087436,37.606453],[127.087393,37.606807],[127.0874,37.607655],[127.087181,37.608315],[127.085114,37.608012],[127.083334,37.60664],[127.082276,37.606769],[127.082151,37.606699],[127.081928,37.606776],[127.08171,37.606786],[127.081616,37.606694],[127.081567,37.606549],[127.080486,37.605583],[127.073763,37.604766],[127.07315,37.607396],[127.073047,37.607447],[127.072913,37.60767],[127.072594,37.607508],[127.072302,37.607441],[127.072118,37.607488],[127.07213,37.607428],[127.071557,37.607476],[127.071555,37.607559],[127.071062,37.607619],[127.071118,37.607015],[127.07153,37.604636],[127.07191,37.603773],[127.072408,37.602871],[127.072873,37.60133],[127.07288,37.601068],[127.072498,37.600246],[127.072062,37.599694],[127.071515,37.599098],[127.071162,37.598802],[127.070798,37.598623],[127.070324,37.598206],[127.069844,37.597727],[127.069494,37.597243],[127.069434,37.595124],[127.070204,37.593504],[127.070528,37.592602]]]}},{"type":"Feature","properties":{"dong":"11260_묵동","sgg_cd":"11260","emd_cd":"11260104","umd_nm":"묵동","gu_name":"중랑구"},"geometry":{"type":"Polygon","coordinates":[[[127.087181,37.608315],[127.08734,37.608469],[127.087439,37.608701],[127.08718,37.608716],[127.08696,37.609379],[127.086774,37.609658],[127.086478,37.609905],[127.086006,37.609794],[127.085459,37.609795],[127.085171,37.610457],[127.085026,37.61104],[127.084797,37.611688],[127.085411,37.612614],[127.085392,37.612796],[127.085697,37.613294],[127.086102,37.613414],[127.086333,37.614289],[127.086328,37.614688],[127.086249,37.614798],[127.087664,37.614991],[127.088182,37.614995],[127.088418,37.615095],[127.088564,37.615038],[127.088775,37.615041],[127.090506,37.617517],[127.089139,37.618113],[127.089346,37.618421],[127.089229,37.618647],[127.089222,37.618833],[127.089301,37.619048],[127.08973,37.61954],[127.089459,37.619646],[127.088707,37.62024],[127.08835,37.619919],[127.088231,37.619875],[127.087945,37.619931],[127.087355,37.62015],[127.08668,37.620272],[127.086073,37.620292],[127.084948,37.620096],[127.083787,37.619778],[127.083839,37.61965],[127.083453,37.619569],[127.082828,37.619338],[127.082392,37.619354],[127.081947,37.619187],[127.081434,37.619159],[127.080994,37.618889],[127.080653,37.618496],[127.080075,37.618276],[127.080075,37.618723],[127.077695,37.617906],[127.077731,37.61787],[127.077571,37.617744],[127.077497,37.61783],[127.077536,37.617854],[127.076516,37.617501],[127.076529,37.617467],[127.075541,37.617165],[127.075003,37.617125],[127.07456,37.616993],[127.07441,37.617027],[127.074211,37.616915],[127.074157,37.61683],[127.071977,37.616474],[127.071958,37.616538],[127.071919,37.616532],[127.071385,37.616402],[127.071179,37.61631],[127.071094,37.616207],[127.071107,37.615953],[127.070981,37.615824],[127.070411,37.615533],[127.070091,37.615405],[127.07003,37.615418],[127.071136,37.614806],[127.071709,37.613514],[127.071434,37.611254],[127.071345,37.60991],[127.071414,37.60991],[127.071431,37.609748],[127.071557,37.607476],[127.07213,37.607428],[127.072118,37.607488],[127.072302,37.607441],[127.072594,37.607508],[127.072913,37.60767],[127.073047,37.607447],[127.07315,37.607396],[127.073763,37.604766],[127.080486,37.605583],[127.081567,37.606549],[127.081616,37.606694],[127.08171,37.606786],[127.081928,37.606776],[127.082151,37.606699],[127.082276,37.606769],[127.083334,37.60664],[127.085114,37.608012],[127.087181,37.608315]]]}},{"type":"Feature","properties":{"dong":"11260_망우동","sgg_cd":"11260","emd_cd":"11260105","umd_nm":"망우동","gu_name":"중랑구"},"geometry":{"type":"Polygon","coordinates":[[[127.09543,37.59944],[127.095164,37.598719],[127.092794,37.59817],[127.093234,37.593779],[127.093095,37.59375],[127.093197,37.592668],[127.093242,37.59229],[127.093381,37.592291],[127.093636,37.589738],[127.097441,37.590595],[127.102036,37.589016],[127.102201,37.589309],[127.102481,37.589263],[127.104127,37.588863],[127.105881,37.588123],[127.107215,37.58811],[127.107797,37.588294],[127.108319,37.588323],[127.108549,37.588263],[127.108966,37.588007],[127.109928,37.587874],[127.110154,37.58743],[127.110431,37.588071],[127.110675,37.589155],[127.11214,37.591445],[127.112685,37.592198],[127.113337,37.59326],[127.113665,37.593356],[127.115413,37.593531],[127.116664,37.594016],[127.116877,37.595497],[127.115727,37.597314],[127.114471,37.599054],[127.114064,37.599521],[127.114022,37.599966],[127.114082,37.60012],[127.114964,37.600766],[127.115584,37.601718],[127.115707,37.601964],[127.115723,37.602108],[127.116872,37.603052],[127.117016,37.603394],[127.117377,37.603937],[127.118047,37.604602],[127.118094,37.605566],[127.117998,37.605886],[127.118061,37.606591],[127.118477,37.607613],[127.118033,37.608173],[127.117262,37.608652],[127.116798,37.60886],[127.116698,37.608849],[127.113602,37.609923],[127.112992,37.610247],[127.112997,37.610319],[127.112541,37.610371],[127.112426,37.610488],[127.112439,37.610734],[127.112315,37.610972],[127.112112,37.611124],[127.110499,37.611872],[127.110304,37.612071],[127.110112,37.612152],[127.109867,37.612205],[127.109385,37.612112],[127.108487,37.611759],[127.108382,37.611766],[127.108164,37.611973],[127.108048,37.612007],[127.10748,37.611944],[127.106973,37.612118],[127.106648,37.612111],[127.106406,37.612164],[127.105844,37.612383],[127.105419,37.612686],[127.104916,37.613164],[127.104718,37.613249],[127.104158,37.61331],[127.103714,37.613262],[127.103492,37.613094],[127.102898,37.61303],[127.102586,37.613129],[127.101203,37.613235],[127.101001,37.610266],[127.10129,37.609688],[127.101294,37.609767],[127.101396,37.609677],[127.102127,37.609622],[127.102924,37.609308],[127.103021,37.609446],[127.103115,37.609402],[127.103401,37.609642],[127.103673,37.609437],[127.103593,37.60915],[127.103721,37.609081],[127.103833,37.608707],[127.103696,37.607707],[127.103728,37.606801],[127.10339,37.606505],[127.103337,37.606005],[127.10259,37.604958],[127.102645,37.60484],[127.102226,37.604487],[127.102077,37.604303],[127.102186,37.604029],[127.10232,37.603843],[127.10224,37.603704],[127.101509,37.603197],[127.101047,37.602791],[127.100882,37.602704],[127.100844,37.602748],[127.100555,37.602591],[127.100446,37.600544],[127.09543,37.59944]]]}},{"type":"Feature","properties":{"dong":"11260_신내동","sgg_cd":"11260","emd_cd":"11260106","umd_nm":"신내동","gu_name":"중랑구"},"geometry":{"type":"Polygon","coordinates":[[[127.116698,37.608849],[127.116878,37.609509],[127.11677,37.609844],[127.116788,37.610282],[127.116962,37.610706],[127.117212,37.611017],[127.117483,37.611771],[127.117244,37.612628],[127.117061,37.614144],[127.116675,37.614673],[127.116796,37.614954],[127.116672,37.616015],[127.116905,37.616367],[127.117255,37.616734],[127.11701,37.617368],[127.117147,37.617888],[127.115873,37.618583],[127.116203,37.618933],[127.115715,37.619634],[127.115021,37.619537],[127.113505,37.620037],[127.112143,37.620307],[127.110519,37.621054],[127.110018,37.620704],[127.109128,37.620514],[127.107243,37.620506],[127.107085,37.620465],[127.10701,37.620477],[127.106966,37.620541],[127.106586,37.62058],[127.105564,37.620156],[127.105555,37.620397],[127.104925,37.620095],[127.104917,37.620028],[127.103889,37.620035],[127.10367,37.619991],[127.104067,37.620117],[127.103812,37.620288],[127.103367,37.620277],[127.103205,37.620189],[127.101692,37.620024],[127.10179,37.619683],[127.101675,37.619471],[127.101167,37.619469],[127.100871,37.619404],[127.100802,37.619487],[127.099661,37.619912],[127.099584,37.620003],[127.099644,37.619892],[127.098817,37.620394],[127.098486,37.620203],[127.096651,37.619561],[127.096615,37.619432],[127.096195,37.61902],[127.095547,37.619174],[127.095001,37.619047],[127.094448,37.619006],[127.09364,37.618066],[127.093498,37.618097],[127.093227,37.618028],[127.092757,37.618151],[127.092331,37.618348],[127.091385,37.618955],[127.090872,37.619121],[127.090573,37.619289],[127.08973,37.61954],[127.089301,37.619048],[127.089222,37.618833],[127.089229,37.618647],[127.089346,37.618421],[127.089139,37.618113],[127.090506,37.617517],[127.088775,37.615041],[127.088564,37.615038],[127.088418,37.615095],[127.088182,37.614995],[127.087664,37.614991],[127.086249,37.614798],[127.086328,37.614688],[127.086333,37.614289],[127.086102,37.613414],[127.085697,37.613294],[127.085392,37.612796],[127.085411,37.612614],[127.084797,37.611688],[127.085026,37.61104],[127.085171,37.610457],[127.085459,37.609795],[127.086006,37.609794],[127.086478,37.609905],[127.086774,37.609658],[127.08696,37.609379],[127.08718,37.608716],[127.087649,37.608689],[127.089116,37.6091],[127.089474,37.608648],[127.08988,37.608301],[127.090521,37.607864],[127.090635,37.607686],[127.090427,37.607668],[127.090639,37.607583],[127.090824,37.607317],[127.090986,37.607228],[127.091233,37.607227],[127.091445,37.606903],[127.091836,37.606539],[127.09191,37.606609],[127.093629,37.604957],[127.093702,37.605002],[127.09381,37.604928],[127.093901,37.604976],[127.094064,37.604578],[127.094094,37.604216],[127.093948,37.60361],[127.09395,37.603175],[127.093802,37.602839],[127.093791,37.602687],[127.093872,37.602547],[127.094096,37.602427],[127.09412,37.602355],[127.094865,37.602382],[127.094894,37.601924],[127.095039,37.601857],[127.095106,37.601679],[127.09513,37.601283],[127.095318,37.60098],[127.0953,37.600416],[127.095883,37.600666],[127.09543,37.59944],[127.100446,37.600544],[127.100555,37.602591],[127.100844,37.602748],[127.100882,37.602704],[127.101047,37.602791],[127.101509,37.603197],[127.10224,37.603704],[127.10232,37.603843],[127.102186,37.604029],[127.102077,37.604303],[127.102226,37.604487],[127.102645,37.60484],[127.10259,37.604958],[127.103337,37.606005],[127.10339,37.606505],[127.103728,37.606801],[127.103696,37.607707],[127.103833,37.608707],[127.103721,37.609081],[127.103593,37.60915],[127.103673,37.609437],[127.103401,37.609642],[127.103115,37.609402],[127.103021,37.609446],[127.102924,37.609308],[127.102127,37.609622],[127.101396,37.609677],[127.101294,37.609767],[127.10129,37.609688],[127.101001,37.610266],[127.101203,37.613235],[127.102586,37.613129],[127.102898,37.61303],[127.103492,37.613094],[127.103714,37.613262],[127.104158,37.61331],[127.104718,37.613249],[127.104916,37.613164],[127.105419,37.612686],[127.105844,37.612383],[127.106406,37.612164],[127.106648,37.612111],[127.106973,37.612118],[127.10748,37.611944],[127.108048,37.612007],[127.108164,37.611973],[127.108382,37.611766],[127.108487,37.611759],[127.109385,37.612112],[127.109867,37.612205],[127.110112,37.612152],[127.110304,37.612071],[127.110499,37.611872],[127.112112,37.611124],[127.112315,37.610972],[127.112439,37.610734],[127.112426,37.610488],[127.112541,37.610371],[127.112997,37.610319],[127.112992,37.610247],[127.113602,37.609923],[127.116698,37.608849]]]}},{"type":"Feature","properties":{"dong":"11290_성북동","sgg_cd":"11290","emd_cd":"11290101","umd_nm":"성북동","gu_name":"성북구"},"geometry":{"type":"MultiPolygon","coordinates":[[[[126.976717,37.597912],[126.976917,37.59769],[126.977301,37.597637],[126.977916,37.59767],[126.978541,37.597242],[126.978612,37.597057],[126.978536,37.59698],[126.978539,37.596773],[126.978718,37.596625],[126.979089,37.596383],[126.979345,37.596335],[126.979517,37.596237],[126.979765,37.596215],[126.980237,37.595947],[126.980865,37.595833],[126.980998,37.595743],[126.981256,37.595442],[126.981466,37.595323],[126.982452,37.595183],[126.982721,37.594856],[126.982895,37.594764],[126.983237,37.594749],[126.983426,37.594678],[126.983808,37.594427],[126.984515,37.594364],[126.985118,37.594485],[126.985463,37.594395],[126.98574,37.59424],[126.9859,37.594036],[126.985869,37.593987],[126.986099,37.593759],[126.986228,37.593272],[126.986683,37.592736],[126.987147,37.592703],[126.98731,37.592615],[126.987749,37.592223],[126.988479,37.591931],[126.989215,37.591247],[126.989792,37.591452],[126.990962,37.591513],[126.99136,37.591392],[126.991647,37.591449],[126.991807,37.591703],[126.99178,37.591758],[126.991848,37.59186],[126.992156,37.591999],[126.992471,37.591978],[126.993571,37.591739],[126.993675,37.591539],[126.99382,37.591463],[126.994303,37.591462],[126.994734,37.59169],[126.995256,37.59223],[126.995363,37.592288],[126.996083,37.592119],[126.996339,37.592129],[126.996768,37.592225],[126.997443,37.59221],[126.997781,37.592334],[126.998443,37.592463],[126.998728,37.59247],[126.999207,37.59235],[126.999451,37.592233],[126.999913,37.59222],[127.000748,37.592335],[127.000953,37.592301],[127.001445,37.591828],[127.001732,37.591352],[127.001783,37.591018],[127.001648,37.590875],[127.001463,37.590551],[127.001468,37.590149],[127.001868,37.589861],[127.002147,37.589467],[127.002216,37.589172],[127.002344,37.589043],[127.002822,37.588772],[127.003284,37.588663],[127.003393,37.588569],[127.003472,37.588415],[127.003558,37.588455],[127.003522,37.588556],[127.003334,37.5887],[127.002906,37.588785],[127.002544,37.588974],[127.00238,37.589113],[127.002281,37.589223],[127.002211,37.589455],[127.001769,37.590109],[127.001689,37.590706],[127.00183,37.591125],[127.001812,37.591338],[127.002872,37.591082],[127.003884,37.590931],[127.004557,37.590044],[127.0053,37.589277],[127.005495,37.589119],[127.00513,37.589466],[127.005327,37.589541],[127.005696,37.589835],[127.005739,37.589913],[127.005575,37.59007],[127.00584,37.59026],[127.005998,37.590248],[127.006233,37.590416],[127.006252,37.590555],[127.006309,37.590597],[127.006511,37.590593],[127.006515,37.590741],[127.006677,37.590855],[127.006728,37.591022],[127.006884,37.591124],[127.006977,37.591258],[127.007001,37.591449],[127.007118,37.591579],[127.007203,37.591911],[127.007485,37.592319],[127.007736,37.592538],[127.008043,37.592711],[127.008227,37.592753],[127.008232,37.59297],[127.008329,37.593119],[127.008125,37.59372],[127.008316,37.594173],[127.007935,37.595678],[127.007766,37.596041],[127.007191,37.596541],[127.006191,37.596261],[127.005806,37.596546],[127.005549,37.596999],[127.005554,37.597091],[127.004701,37.59719],[127.004147,37.59768],[127.00349,37.598041],[127.003392,37.598582],[127.002917,37.598906],[127.00275,37.599261],[127.002192,37.599506],[127.002071,37.600047],[127.001755,37.600411],[127.001417,37.6006],[127.001081,37.60139],[127.000303,37.601449],[127.000266,37.601562],[126.999946,37.60165],[126.999279,37.601426],[126.998737,37.601353],[126.998239,37.60176],[126.997728,37.602085],[126.997346,37.602172],[126.99689,37.602167],[126.996068,37.602339],[126.995988,37.602364],[126.995745,37.602626],[126.995553,37.602714],[126.994705,37.602475],[126.994187,37.602764],[126.99401,37.60314],[126.993453,37.603216],[126.993078,37.603613],[126.992956,37.603557],[126.992555,37.603696],[126.992249,37.603662],[126.99195,37.603741],[126.991405,37.603748],[126.991202,37.603892],[126.990849,37.604045],[126.989832,37.603888],[126.9892,37.603867],[126.988681,37.604019],[126.98852,37.604196],[126.988398,37.604221],[126.988384,37.604149],[126.988197,37.603995],[126.987595,37.603986],[126.987175,37.603883],[126.98667,37.604024],[126.985966,37.603654],[126.985776,37.603451],[126.984753,37.603364],[126.984358,37.603113],[126.983993,37.6032],[126.98349,37.602722],[126.983334,37.602657],[126.982829,37.602158],[126.982537,37.602272],[126.980661,37.60164],[126.980443,37.601479],[126.980118,37.601477],[126.979779,37.60127],[126.979474,37.60124],[126.979187,37.601048],[126.978481,37.601015],[126.978229,37.600813],[126.97793,37.600307],[126.977682,37.60024],[126.977412,37.599417],[126.977417,37.599091],[126.97714,37.59846],[126.976717,37.597912]]],[[[127.003463,37.588329],[127.003575,37.588087],[127.003919,37.588032],[127.003988,37.587944],[127.003891,37.587747],[127.004002,37.587803],[127.004012,37.588071],[127.003463,37.588329]]]]}},{"type":"Feature","properties":{"dong":"11290_성북동1가","sgg_cd":"11290","emd_cd":"11290102","umd_nm":"성북동1가","gu_name":"성북구"},"geometry":{"type":"Polygon","coordinates":[[[127.005197,37.589495],[127.00513,37.589466],[127.005495,37.589119],[127.0053,37.589277],[127.004557,37.590044],[127.003884,37.590931],[127.002872,37.591082],[127.001812,37.591338],[127.00183,37.591125],[127.001689,37.590706],[127.001769,37.590109],[127.002211,37.589455],[127.002281,37.589223],[127.002544,37.588974],[127.002775,37.588846],[127.003334,37.5887],[127.003483,37.588589],[127.003558,37.588455],[127.003472,37.588415],[127.003463,37.588329],[127.004012,37.588071],[127.004037,37.587956],[127.003996,37.587809],[127.004081,37.587733],[127.006338,37.588555],[127.005197,37.589495]]]}},{"type":"Feature","properties":{"dong":"11290_돈암동","sgg_cd":"11290","emd_cd":"11290103","umd_nm":"돈암동","gu_name":"성북구"},"geometry":{"type":"Polygon","coordinates":[[[127.005554,37.597091],[127.005549,37.596999],[127.005806,37.596546],[127.006191,37.596261],[127.007191,37.596541],[127.007766,37.596041],[127.007935,37.595678],[127.008316,37.594173],[127.008125,37.59372],[127.008329,37.593119],[127.008232,37.59297],[127.008227,37.592753],[127.008043,37.592711],[127.007736,37.592538],[127.007485,37.592319],[127.007203,37.591911],[127.007118,37.591579],[127.007001,37.591449],[127.006977,37.591258],[127.006884,37.591124],[127.006728,37.591022],[127.006677,37.590855],[127.007223,37.59123],[127.007483,37.591573],[127.009583,37.592077],[127.010298,37.592772],[127.01117,37.593723],[127.013782,37.59488],[127.012655,37.596686],[127.013587,37.598274],[127.014879,37.598398],[127.015082,37.597967],[127.015331,37.598039],[127.015435,37.597827],[127.015632,37.597754],[127.015527,37.597713],[127.015698,37.59742],[127.015648,37.5974],[127.015664,37.597366],[127.015737,37.597392],[127.01582,37.597251],[127.015737,37.597222],[127.015817,37.597059],[127.015914,37.597095],[127.016063,37.596839],[127.017096,37.597152],[127.017202,37.597131],[127.017107,37.596853],[127.017232,37.596964],[127.017261,37.596938],[127.017364,37.597007],[127.017437,37.596849],[127.017459,37.596903],[127.017553,37.596861],[127.017675,37.597034],[127.018222,37.59692],[127.018128,37.596504],[127.019099,37.596629],[127.019188,37.596803],[127.019125,37.597109],[127.019505,37.597191],[127.02012,37.597584],[127.020592,37.597406],[127.020475,37.597184],[127.020776,37.59691],[127.020832,37.596957],[127.020916,37.596922],[127.020884,37.596961],[127.021166,37.597097],[127.021195,37.59718],[127.022003,37.596876],[127.021337,37.591383],[127.022722,37.590874],[127.022597,37.589835],[127.022936,37.590034],[127.023494,37.590176],[127.02407,37.5904],[127.023845,37.590615],[127.023695,37.590904],[127.023687,37.59144],[127.0239,37.59184],[127.023596,37.592328],[127.023869,37.592521],[127.024058,37.592871],[127.02444,37.593344],[127.02438,37.593485],[127.025535,37.594785],[127.025404,37.595208],[127.025216,37.595433],[127.02527,37.595993],[127.025582,37.596165],[127.02564,37.596324],[127.025427,37.596586],[127.025733,37.596811],[127.025744,37.597064],[127.025972,37.597416],[127.026137,37.597914],[127.026096,37.598201],[127.026124,37.598591],[127.026239,37.599169],[127.026674,37.599439],[127.026867,37.599768],[127.026758,37.600256],[127.027002,37.600724],[127.027512,37.600833],[127.02769,37.601194],[127.028266,37.601688],[127.029144,37.602119],[127.029216,37.602727],[127.029858,37.603126],[127.02986,37.603472],[127.029979,37.603639],[127.029943,37.603737],[127.030278,37.604039],[127.030438,37.604114],[127.030322,37.604186],[127.029099,37.604521],[127.027086,37.60451],[127.026059,37.603964],[127.025227,37.602893],[127.024768,37.602503],[127.024339,37.602339],[127.023408,37.602147],[127.022647,37.602034],[127.021972,37.602061],[127.021984,37.601566],[127.021751,37.601361],[127.021649,37.601365],[127.021575,37.601314],[127.021446,37.601095],[127.021531,37.600797],[127.0215,37.600248],[127.021445,37.600141],[127.021334,37.60015],[127.021248,37.600088],[127.020894,37.600206],[127.020682,37.60015],[127.020566,37.59995],[127.020452,37.599862],[127.020248,37.599395],[127.01988,37.599156],[127.019625,37.599156],[127.019334,37.599043],[127.01911,37.598774],[127.018955,37.59867],[127.018583,37.598596],[127.018526,37.598616],[127.018659,37.598873],[127.018504,37.598656],[127.018409,37.598692],[127.018499,37.598801],[127.01843,37.598857],[127.018506,37.599004],[127.018426,37.598884],[127.018262,37.598957],[127.018308,37.599066],[127.017808,37.599258],[127.017711,37.599146],[127.017626,37.599192],[127.017214,37.598741],[127.017152,37.598784],[127.017173,37.598811],[127.016692,37.599104],[127.016165,37.599649],[127.015629,37.599933],[127.015346,37.600029],[127.014966,37.600275],[127.014349,37.600257],[127.013897,37.600101],[127.013796,37.600526],[127.013738,37.600578],[127.014072,37.600861],[127.013831,37.601163],[127.013742,37.601119],[127.013113,37.601751],[127.012696,37.601745],[127.012631,37.601867],[127.012481,37.601772],[127.012037,37.601245],[127.011813,37.601159],[127.011369,37.601099],[127.011396,37.600733],[127.011332,37.600381],[127.011232,37.60018],[127.011323,37.599941],[127.011299,37.59987],[127.011338,37.599717],[127.011713,37.599689],[127.01134,37.599698],[127.011378,37.599521],[127.011336,37.599246],[127.011383,37.599001],[127.011355,37.598742],[127.011207,37.598713],[127.011066,37.598391],[127.010691,37.598423],[127.010429,37.5987],[127.010113,37.598746],[127.00985,37.598962],[127.009456,37.599113],[127.009106,37.599133],[127.008925,37.598979],[127.008497,37.598842],[127.007941,37.598902],[127.007043,37.598653],[127.006758,37.598721],[127.006228,37.598452],[127.005858,37.59809],[127.005903,37.597624],[127.005478,37.597585],[127.005192,37.597376],[127.005554,37.597091]],[[127.018866,37.598501],[127.018674,37.598343],[127.01859,37.598211],[127.01864,37.598384],[127.018866,37.598501]],[[127.018889,37.598645],[127.018854,37.598521],[127.018791,37.598503],[127.018734,37.598619],[127.018889,37.598645]],[[127.019079,37.598704],[127.019032,37.598643],[127.0189,37.598531],[127.018918,37.598618],[127.019079,37.598704]]]}},{"type":"Feature","properties":{"dong":"11290_동소문동1가","sgg_cd":"11290","emd_cd":"11290104","umd_nm":"동소문동1가","gu_name":"성북구"},"geometry":{"type":"Polygon","coordinates":[[[127.005197,37.589495],[127.006338,37.588555],[127.009278,37.589839],[127.008021,37.591712],[127.007483,37.591573],[127.007223,37.59123],[127.006515,37.590741],[127.006511,37.590593],[127.006309,37.590597],[127.006252,37.590555],[127.006233,37.590416],[127.005998,37.590248],[127.00584,37.59026],[127.005575,37.59007],[127.005739,37.589913],[127.005696,37.589835],[127.005421,37.589605],[127.005197,37.589495]]]}},{"type":"Feature","properties":{"dong":"11290_동소문동2가","sgg_cd":"11290","emd_cd":"11290105","umd_nm":"동소문동2가","gu_name":"성북구"},"geometry":{"type":"Polygon","coordinates":[[[127.009414,37.589899],[127.007088,37.588875],[127.006216,37.588507],[127.006599,37.588238],[127.007502,37.587777],[127.007873,37.587725],[127.00823,37.587809],[127.010007,37.588995],[127.009414,37.589899]]]}},{"type":"Feature","properties":{"dong":"11290_동소문동3가","sgg_cd":"11290","emd_cd":"11290106","umd_nm":"동소문동3가","gu_name":"성북구"},"geometry":{"type":"Polygon","coordinates":[[[127.013785,37.591261],[127.013149,37.591782],[127.009414,37.589899],[127.010007,37.588995],[127.010937,37.589668],[127.011674,37.590429],[127.011979,37.590652],[127.012879,37.591108],[127.013249,37.591208],[127.013785,37.591261]]]}},{"type":"Feature","properties":{"dong":"11290_동소문동4가","sgg_cd":"11290","emd_cd":"11290107","umd_nm":"동소문동4가","gu_name":"성북구"},"geometry":{"type":"Polygon","coordinates":[[[127.011539,37.593888],[127.01117,37.593723],[127.010298,37.592772],[127.009583,37.592077],[127.008021,37.591712],[127.009278,37.589839],[127.009887,37.590109],[127.013149,37.591782],[127.01312,37.591911],[127.011539,37.593888]]]}},{"type":"Feature","properties":{"dong":"11290_동소문동5가","sgg_cd":"11290","emd_cd":"11290108","umd_nm":"동소문동5가","gu_name":"성북구"},"geometry":{"type":"Polygon","coordinates":[[[127.016481,37.59267],[127.015949,37.592486],[127.014795,37.592362],[127.014299,37.592258],[127.013691,37.592046],[127.013149,37.591782],[127.013785,37.591261],[127.014571,37.591245],[127.015378,37.591072],[127.016005,37.590803],[127.016662,37.590346],[127.016949,37.590439],[127.016481,37.59267]]]}},{"type":"Feature","properties":{"dong":"11290_동소문동6가","sgg_cd":"11290","emd_cd":"11290109","umd_nm":"동소문동6가","gu_name":"성북구"},"geometry":{"type":"Polygon","coordinates":[[[127.011539,37.593888],[127.01312,37.591911],[127.013149,37.591782],[127.013691,37.592046],[127.014299,37.592258],[127.014795,37.592362],[127.015949,37.592486],[127.016481,37.59267],[127.015903,37.595474],[127.01486,37.595183],[127.015032,37.594427],[127.014888,37.594282],[127.014685,37.594284],[127.01413,37.594485],[127.014041,37.59446],[127.013795,37.594885],[127.011539,37.593888]]]}},{"type":"Feature","properties":{"dong":"11290_동소문동7가","sgg_cd":"11290","emd_cd":"11290110","umd_nm":"동소문동7가","gu_name":"성북구"},"geometry":{"type":"Polygon","coordinates":[[[127.014429,37.598352],[127.013587,37.598274],[127.012655,37.596686],[127.014041,37.59446],[127.01413,37.594485],[127.014834,37.594268],[127.014964,37.59432],[127.015032,37.594427],[127.01486,37.595183],[127.015903,37.595474],[127.015367,37.596472],[127.014542,37.59777],[127.014429,37.598352]]]}},{"type":"Feature","properties":{"dong":"11290_삼선동1가","sgg_cd":"11290","emd_cd":"11290111","umd_nm":"삼선동1가","gu_name":"성북구"},"geometry":{"type":"Polygon","coordinates":[[[127.008667,37.5881],[127.00823,37.587809],[127.008023,37.58774],[127.007701,37.587731],[127.007502,37.587777],[127.006599,37.588238],[127.006216,37.588507],[127.004023,37.587715],[127.004127,37.587612],[127.004251,37.587176],[127.005117,37.58699],[127.005866,37.586972],[127.006019,37.586854],[127.006626,37.586125],[127.006641,37.585975],[127.006551,37.585545],[127.006655,37.585422],[127.006901,37.58528],[127.006889,37.584703],[127.007195,37.583467],[127.007271,37.583333],[127.00726,37.583117],[127.007155,37.582904],[127.006753,37.582336],[127.006909,37.582224],[127.007021,37.582012],[127.007324,37.581865],[127.007479,37.581653],[127.0078,37.581505],[127.008009,37.581229],[127.008327,37.581057],[127.008643,37.580468],[127.010035,37.580276],[127.010589,37.580254],[127.010974,37.580827],[127.010413,37.580822],[127.010019,37.580715],[127.009873,37.580754],[127.009704,37.58088],[127.009452,37.581358],[127.009497,37.581382],[127.009426,37.581711],[127.009434,37.582087],[127.009253,37.582086],[127.009071,37.582898],[127.009087,37.583032],[127.008905,37.583089],[127.008735,37.583364],[127.008981,37.583397],[127.009327,37.583543],[127.009513,37.58346],[127.009487,37.584459],[127.00944,37.584476],[127.009875,37.585919],[127.009852,37.586315],[127.008667,37.5881]]]}},{"type":"Feature","properties":{"dong":"11290_삼선동2가","sgg_cd":"11290","emd_cd":"11290112","umd_nm":"삼선동2가","gu_name":"성북구"},"geometry":{"type":"Polygon","coordinates":[[[127.014717,37.584491],[127.014474,37.584421],[127.011798,37.58443],[127.011797,37.584251],[127.011528,37.584617],[127.011481,37.585833],[127.010984,37.586139],[127.01084,37.586518],[127.010419,37.588364],[127.010007,37.588995],[127.008667,37.5881],[127.009852,37.586315],[127.009875,37.585919],[127.00944,37.584476],[127.009487,37.584459],[127.009513,37.58346],[127.009327,37.583543],[127.008981,37.583397],[127.008735,37.583364],[127.008905,37.583089],[127.009087,37.583032],[127.009071,37.582898],[127.009253,37.582086],[127.009434,37.582087],[127.009426,37.581711],[127.009497,37.581382],[127.009452,37.581358],[127.009686,37.580902],[127.009822,37.580781],[127.010019,37.580715],[127.010413,37.580822],[127.010974,37.580827],[127.011098,37.581041],[127.011758,37.581565],[127.012121,37.581563],[127.012845,37.581334],[127.013245,37.581414],[127.013434,37.581615],[127.014098,37.581791],[127.014223,37.582076],[127.014833,37.582331],[127.01507,37.582555],[127.014925,37.582759],[127.014771,37.582802],[127.014645,37.582975],[127.014699,37.583395],[127.014802,37.583494],[127.014829,37.58363],[127.014675,37.584246],[127.014717,37.584491]]]}},{"type":"Feature","properties":{"dong":"11290_삼선동3가","sgg_cd":"11290","emd_cd":"11290113","umd_nm":"삼선동3가","gu_name":"성북구"},"geometry":{"type":"Polygon","coordinates":[[[127.016354,37.586765],[127.015223,37.587051],[127.014831,37.587],[127.014419,37.586742],[127.013179,37.589242],[127.010419,37.588364],[127.01084,37.586518],[127.010984,37.586139],[127.011481,37.585833],[127.011528,37.584617],[127.011797,37.584251],[127.011798,37.58443],[127.014474,37.584421],[127.014869,37.584498],[127.014939,37.584644],[127.015591,37.585175],[127.015548,37.585208],[127.01553,37.585519],[127.015792,37.585927],[127.016032,37.586045],[127.016038,37.586099],[127.016244,37.586268],[127.016252,37.586451],[127.016396,37.586472],[127.016429,37.586617],[127.016354,37.586765]]]}},{"type":"Feature","properties":{"dong":"11290_삼선동4가","sgg_cd":"11290","emd_cd":"11290114","umd_nm":"삼선동4가","gu_name":"성북구"},"geometry":{"type":"Polygon","coordinates":[[[127.016662,37.590346],[127.015891,37.590865],[127.015055,37.591161],[127.014159,37.591266],[127.013578,37.591262],[127.013178,37.591196],[127.012736,37.591043],[127.011883,37.590592],[127.010937,37.589668],[127.010007,37.588995],[127.010419,37.588364],[127.016662,37.590346]]]}},{"type":"Feature","properties":{"dong":"11290_삼선동5가","sgg_cd":"11290","emd_cd":"11290115","umd_nm":"삼선동5가","gu_name":"성북구"},"geometry":{"type":"Polygon","coordinates":[[[127.016662,37.590346],[127.013179,37.589242],[127.014419,37.586742],[127.014831,37.587],[127.015223,37.587051],[127.016354,37.586765],[127.018789,37.588701],[127.016662,37.590346]]]}},{"type":"Feature","properties":{"dong":"11290_동선동1가","sgg_cd":"11290","emd_cd":"11290116","umd_nm":"동선동1가","gu_name":"성북구"},"geometry":{"type":"Polygon","coordinates":[[[127.01893,37.594466],[127.01749,37.593226],[127.016967,37.592899],[127.016484,37.59267],[127.016949,37.590439],[127.019897,37.591373],[127.019581,37.59154],[127.019733,37.592626],[127.019496,37.592932],[127.019623,37.59396],[127.01893,37.594466]]]}},{"type":"Feature","properties":{"dong":"11290_동선동2가","sgg_cd":"11290","emd_cd":"11290117","umd_nm":"동선동2가","gu_name":"성북구"},"geometry":{"type":"Polygon","coordinates":[[[127.018789,37.588701],[127.019674,37.589414],[127.022495,37.589021],[127.022502,37.58907],[127.022215,37.589111],[127.022171,37.589158],[127.022237,37.589664],[127.022577,37.589672],[127.022722,37.590874],[127.021337,37.591383],[127.021131,37.591229],[127.02099,37.591287],[127.019897,37.591373],[127.016662,37.590346],[127.018789,37.588701]]]}},{"type":"Feature","properties":{"dong":"11290_동선동3가","sgg_cd":"11290","emd_cd":"11290118","umd_nm":"동선동3가","gu_name":"성북구"},"geometry":{"type":"Polygon","coordinates":[[[127.01893,37.594466],[127.019623,37.59396],[127.019496,37.592932],[127.019733,37.592626],[127.019581,37.59154],[127.019897,37.591373],[127.02099,37.591287],[127.021131,37.591229],[127.021337,37.591383],[127.022003,37.596876],[127.021468,37.59707],[127.021417,37.596853],[127.021057,37.596342],[127.01893,37.594466]]]}},{"type":"Feature","properties":{"dong":"11290_동선동4가","sgg_cd":"11290","emd_cd":"11290119","umd_nm":"동선동4가","gu_name":"성북구"},"geometry":{"type":"Polygon","coordinates":[[[127.021468,37.59707],[127.021195,37.59718],[127.021166,37.597097],[127.020884,37.596961],[127.020916,37.596922],[127.020832,37.596957],[127.020776,37.59691],[127.020475,37.597184],[127.020592,37.597406],[127.02012,37.597584],[127.019505,37.597191],[127.0192,37.597125],[127.019294,37.596624],[127.018763,37.596032],[127.017605,37.59535],[127.016159,37.594245],[127.016481,37.59267],[127.016967,37.592899],[127.017518,37.593248],[127.020603,37.595935],[127.021211,37.596526],[127.021417,37.596853],[127.021468,37.59707]]]}},{"type":"Feature","properties":{"dong":"11290_동선동5가","sgg_cd":"11290","emd_cd":"11290120","umd_nm":"동선동5가","gu_name":"성북구"},"geometry":{"type":"Polygon","coordinates":[[[127.014429,37.598352],[127.014542,37.59777],[127.015367,37.596472],[127.015892,37.595514],[127.016159,37.594245],[127.017605,37.59535],[127.018763,37.596032],[127.019294,37.596624],[127.0192,37.597125],[127.019125,37.597109],[127.019188,37.596803],[127.019099,37.596629],[127.018188,37.596507],[127.018128,37.596504],[127.018222,37.59692],[127.017675,37.597034],[127.017553,37.596861],[127.017459,37.596903],[127.017437,37.596849],[127.017364,37.597007],[127.017261,37.596938],[127.017232,37.596964],[127.017107,37.596853],[127.017202,37.597131],[127.017096,37.597152],[127.016063,37.596839],[127.015914,37.597095],[127.015817,37.597059],[127.015737,37.597222],[127.01582,37.597251],[127.015737,37.597392],[127.015664,37.597366],[127.015648,37.5974],[127.015698,37.59742],[127.015527,37.597713],[127.015632,37.597754],[127.015435,37.597827],[127.015331,37.598039],[127.015082,37.597967],[127.014879,37.598398],[127.014429,37.598352]]]}},{"type":"Feature","properties":{"dong":"11290_안암동1가","sgg_cd":"11290","emd_cd":"11290121","umd_nm":"안암동1가","gu_name":"성북구"},"geometry":{"type":"Polygon","coordinates":[[[127.020601,37.586705],[127.020601,37.587099],[127.020622,37.587042],[127.023522,37.588037],[127.023473,37.588305],[127.024023,37.588314],[127.024205,37.588886],[127.024555,37.588814],[127.024628,37.588703],[127.025753,37.588473],[127.025656,37.588697],[127.025169,37.588916],[127.025045,37.589235],[127.024482,37.589775],[127.024379,37.589948],[127.024559,37.59033],[127.023959,37.59054],[127.023791,37.590721],[127.02407,37.5904],[127.023494,37.590176],[127.022936,37.590034],[127.022597,37.589835],[127.022577,37.589672],[127.022237,37.589664],[127.022171,37.589158],[127.022215,37.589111],[127.022502,37.58907],[127.022495,37.589021],[127.019674,37.589414],[127.018789,37.588701],[127.020036,37.587712],[127.020353,37.587297],[127.020601,37.586705]]]}},{"type":"Feature","properties":{"dong":"11290_안암동2가","sgg_cd":"11290","emd_cd":"11290122","umd_nm":"안암동2가","gu_name":"성북구"},"geometry":{"type":"Polygon","coordinates":[[[127.020601,37.586705],[127.021273,37.584788],[127.022293,37.58534],[127.02358,37.585628],[127.023722,37.586465],[127.024828,37.586273],[127.025046,37.586299],[127.025236,37.586445],[127.025471,37.587459],[127.025748,37.587846],[127.0259,37.588185],[127.025781,37.588352],[127.025809,37.588555],[127.025717,37.588574],[127.025753,37.588473],[127.024628,37.588703],[127.024555,37.588814],[127.024205,37.588886],[127.024023,37.588314],[127.023473,37.588305],[127.023522,37.588037],[127.020622,37.587042],[127.020601,37.587099],[127.020601,37.586705]]]}},{"type":"Feature","properties":{"dong":"11290_안암동3가","sgg_cd":"11290","emd_cd":"11290123","umd_nm":"안암동3가","gu_name":"성북구"},"geometry":{"type":"Polygon","coordinates":[[[127.024828,37.586273],[127.023722,37.586465],[127.02358,37.585628],[127.022293,37.58534],[127.021273,37.584788],[127.021867,37.583133],[127.022758,37.581432],[127.024054,37.581663],[127.024173,37.581513],[127.025228,37.581649],[127.026036,37.581886],[127.025926,37.582047],[127.025767,37.58214],[127.025736,37.582285],[127.02535,37.582591],[127.025051,37.582588],[127.024643,37.582674],[127.024507,37.582986],[127.024127,37.583466],[127.024021,37.584037],[127.02403,37.584203],[127.02377,37.584752],[127.02376,37.584992],[127.023814,37.58514],[127.024231,37.585349],[127.024343,37.585494],[127.024443,37.585994],[127.024828,37.586273]]]}},{"type":"Feature","properties":{"dong":"11290_안암동4가","sgg_cd":"11290","emd_cd":"11290124","umd_nm":"안암동4가","gu_name":"성북구"},"geometry":{"type":"Polygon","coordinates":[[[127.026036,37.581886],[127.025228,37.581649],[127.024173,37.581513],[127.024054,37.581663],[127.022758,37.581432],[127.023794,37.579564],[127.023939,37.579422],[127.024426,37.57918],[127.026423,37.580544],[127.026049,37.580901],[127.026384,37.581434],[127.026286,37.581586],[127.026279,37.581728],[127.026036,37.581886]]]}},{"type":"Feature","properties":{"dong":"11290_안암동5가","sgg_cd":"11290","emd_cd":"11290125","umd_nm":"안암동5가","gu_name":"성북구"},"geometry":{"type":"Polygon","coordinates":[[[127.02564,37.596324],[127.025582,37.596165],[127.02527,37.595993],[127.025215,37.595549],[127.025216,37.595433],[127.025404,37.595208],[127.025535,37.594785],[127.02438,37.593485],[127.02444,37.593344],[127.024058,37.592871],[127.023869,37.592521],[127.023596,37.592328],[127.0239,37.59184],[127.023687,37.59144],[127.023695,37.590904],[127.023791,37.590721],[127.023959,37.59054],[127.024559,37.59033],[127.024379,37.589948],[127.024482,37.589775],[127.025045,37.589235],[127.025169,37.588916],[127.025541,37.588768],[127.025656,37.588697],[127.025687,37.58858],[127.025809,37.588555],[127.025781,37.588352],[127.0259,37.588185],[127.025748,37.587846],[127.025471,37.587459],[127.025236,37.586445],[127.025046,37.586299],[127.024894,37.586304],[127.024701,37.586214],[127.024443,37.585994],[127.024343,37.585494],[127.024231,37.585349],[127.023814,37.58514],[127.02376,37.584992],[127.023769,37.584765],[127.02403,37.584203],[127.024021,37.584037],[127.024127,37.583466],[127.024507,37.582986],[127.024643,37.582674],[127.025051,37.582588],[127.02535,37.582591],[127.025736,37.582285],[127.025767,37.58214],[127.025926,37.582047],[127.026036,37.581886],[127.026279,37.581728],[127.026286,37.581586],[127.026384,37.581434],[127.026225,37.58113],[127.026046,37.580919],[127.026423,37.580544],[127.02899,37.582339],[127.029556,37.58269],[127.031006,37.584316],[127.031229,37.584699],[127.03159,37.585168],[127.031638,37.585357],[127.031886,37.585424],[127.032301,37.585669],[127.032267,37.585755],[127.032068,37.585855],[127.033036,37.586446],[127.033326,37.586716],[127.033516,37.587074],[127.033886,37.587514],[127.035552,37.588914],[127.035512,37.588985],[127.035143,37.589106],[127.034697,37.589336],[127.03472,37.590019],[127.034479,37.590693],[127.034125,37.590736],[127.033802,37.590505],[127.033336,37.590433],[127.032762,37.590619],[127.032473,37.590537],[127.031832,37.590594],[127.031845,37.590839],[127.031688,37.591009],[127.031682,37.59141],[127.030667,37.591931],[127.030357,37.59204],[127.030243,37.592234],[127.030177,37.592669],[127.029974,37.592818],[127.029792,37.593703],[127.030012,37.594293],[127.0295,37.594578],[127.029111,37.59439],[127.028688,37.594505],[127.02848,37.594401],[127.027974,37.594413],[127.027755,37.594486],[127.027524,37.595088],[127.027255,37.595512],[127.026742,37.595968],[127.02621,37.596223],[127.025954,37.596282],[127.025786,37.596265],[127.02564,37.596324]]]}},{"type":"Feature","properties":{"dong":"11290_보문동4가","sgg_cd":"11290","emd_cd":"11290126","umd_nm":"보문동4가","gu_name":"성북구"},"geometry":{"type":"Polygon","coordinates":[[[127.019946,37.58429],[127.02171,37.581022],[127.022783,37.581387],[127.021867,37.583133],[127.021303,37.584702],[127.021159,37.584702],[127.019946,37.58429]]]}},{"type":"Feature","properties":{"dong":"11290_보문동5가","sgg_cd":"11290","emd_cd":"11290127","umd_nm":"보문동5가","gu_name":"성북구"},"geometry":{"type":"Polygon","coordinates":[[[127.018356,37.583741],[127.018995,37.5829],[127.019934,37.580955],[127.020201,37.580509],[127.02171,37.581022],[127.019946,37.58429],[127.018356,37.583741]]]}},{"type":"Feature","properties":{"dong":"11290_보문동6가","sgg_cd":"11290","emd_cd":"11290128","umd_nm":"보문동6가","gu_name":"성북구"},"geometry":{"type":"MultiPolygon","coordinates":[[[[127.016655,37.58166],[127.016816,37.581393],[127.016779,37.581178],[127.016915,37.581038],[127.016848,37.580875],[127.017139,37.580725],[127.017278,37.580553],[127.017323,37.580265],[127.017597,37.579708],[127.017962,37.579527],[127.018251,37.579061],[127.018131,37.578618],[127.017969,37.578486],[127.017973,37.578423],[127.01767,37.578114],[127.018012,37.577729],[127.018091,37.577566],[127.018418,37.577663],[127.018774,37.577514],[127.018916,37.577657],[127.019131,37.577737],[127.019055,37.577969],[127.021069,37.578762],[127.021419,37.578846],[127.021825,37.578861],[127.021788,37.578923],[127.021861,37.578982],[127.021663,37.57917],[127.021453,37.579251],[127.021374,37.579357],[127.021254,37.579718],[127.021285,37.57985],[127.021215,37.579895],[127.020939,37.579814],[127.020715,37.579706],[127.020676,37.579635],[127.0206,37.579723],[127.0206,37.579824],[127.019934,37.580955],[127.018995,37.5829],[127.018357,37.583741],[127.017869,37.583344],[127.01777,37.583288],[127.017478,37.583283],[127.017367,37.583132],[127.01733,37.58284],[127.017356,37.582541],[127.017505,37.582069],[127.017234,37.581835],[127.017087,37.581858],[127.016655,37.58166]]],[[[127.015351,37.581936],[127.015353,37.581816],[127.01561,37.581777],[127.016207,37.581906],[127.015613,37.581817],[127.015351,37.581936]]],[[[127.014917,37.582245],[127.015002,37.582154],[127.015097,37.582159],[127.015074,37.582179],[127.014917,37.582245]]]]}},{"type":"Feature","properties":{"dong":"11290_보문동7가","sgg_cd":"11290","emd_cd":"11290129","umd_nm":"보문동7가","gu_name":"성북구"},"geometry":{"type":"Polygon","coordinates":[[[127.022783,37.581387],[127.020201,37.580509],[127.020675,37.579635],[127.020714,37.579706],[127.020939,37.579814],[127.021215,37.579895],[127.021285,37.57985],[127.021257,37.579705],[127.021336,37.579441],[127.021453,37.579251],[127.021663,37.57917],[127.021861,37.578982],[127.021793,37.578881],[127.021957,37.578747],[127.022322,37.578626],[127.022482,37.578456],[127.022761,37.578333],[127.02253,37.578091],[127.02289,37.577821],[127.022978,37.577826],[127.023229,37.578108],[127.023234,37.578383],[127.024403,37.579189],[127.023939,37.579422],[127.023794,37.579564],[127.022783,37.581387]]]}},{"type":"Feature","properties":{"dong":"11290_보문동1가","sgg_cd":"11290","emd_cd":"11290130","umd_nm":"보문동1가","gu_name":"성북구"},"geometry":{"type":"Polygon","coordinates":[[[127.017878,37.58795],[127.018255,37.587428],[127.019946,37.58429],[127.021159,37.584702],[127.021303,37.584702],[127.020471,37.587074],[127.020277,37.587413],[127.020036,37.587712],[127.018789,37.588701],[127.017878,37.58795]]]}},{"type":"Feature","properties":{"dong":"11290_보문동2가","sgg_cd":"11290","emd_cd":"11290131","umd_nm":"보문동2가","gu_name":"성북구"},"geometry":{"type":"Polygon","coordinates":[[[127.018356,37.583741],[127.019946,37.58429],[127.018255,37.587428],[127.017878,37.58795],[127.01662,37.586978],[127.016867,37.586504],[127.016822,37.586494],[127.016952,37.586421],[127.016937,37.586368],[127.017415,37.585548],[127.017401,37.585501],[127.018356,37.583741]]]}},{"type":"Feature","properties":{"dong":"11290_보문동3가","sgg_cd":"11290","emd_cd":"11290132","umd_nm":"보문동3가","gu_name":"성북구"},"geometry":{"type":"Polygon","coordinates":[[[127.014717,37.584491],[127.014675,37.584246],[127.014829,37.58363],[127.014802,37.583494],[127.014699,37.583395],[127.014645,37.582975],[127.014771,37.582802],[127.014925,37.582759],[127.01507,37.582555],[127.014833,37.582331],[127.015351,37.581936],[127.015613,37.581817],[127.016359,37.581939],[127.016463,37.581807],[127.016672,37.581712],[127.016655,37.58166],[127.017087,37.581858],[127.017234,37.581835],[127.017505,37.582069],[127.017356,37.582541],[127.01733,37.58284],[127.017395,37.583186],[127.017478,37.583282],[127.01777,37.583288],[127.017869,37.583344],[127.018356,37.583741],[127.017401,37.585501],[127.017415,37.585548],[127.016937,37.586368],[127.016952,37.586421],[127.016822,37.586494],[127.016867,37.586504],[127.01662,37.586978],[127.016354,37.586765],[127.016429,37.586617],[127.01641,37.586529],[127.016396,37.586472],[127.016252,37.586451],[127.016244,37.586268],[127.016038,37.586099],[127.016032,37.586045],[127.015792,37.585927],[127.01553,37.585519],[127.015548,37.585208],[127.015591,37.585175],[127.014939,37.584644],[127.014869,37.584498],[127.014717,37.584491]]]}},{"type":"Feature","properties":{"dong":"11290_정릉동","sgg_cd":"11290","emd_cd":"11290133","umd_nm":"정릉동","gu_name":"성북구"},"geometry":{"type":"MultiPolygon","coordinates":[[[[126.974643,37.629742],[126.974916,37.62897],[126.978439,37.62929],[126.979537,37.628889],[126.979927,37.628572],[126.98018,37.627922],[126.979877,37.627453],[126.979604,37.626379],[126.980914,37.62539],[126.981807,37.624345],[126.983645,37.621144],[126.98318,37.620182],[126.983162,37.619234],[126.983714,37.617758],[126.984392,37.616857],[126.984536,37.61598],[126.985154,37.615503],[126.985404,37.615139],[126.986579,37.613972],[126.986369,37.613534],[126.98613,37.613241],[126.98617,37.61302],[126.985638,37.611395],[126.98578,37.610907],[126.985892,37.609782],[126.985879,37.609458],[126.986305,37.609139],[126.986845,37.608864],[126.986712,37.608258],[126.986266,37.607724],[126.98613,37.607388],[126.986384,37.606853],[126.986316,37.606501],[126.986754,37.606087],[126.986672,37.605092],[126.986787,37.604503],[126.98667,37.604024],[126.987175,37.603883],[126.987595,37.603986],[126.988197,37.603995],[126.988384,37.604149],[126.988398,37.604221],[126.98852,37.604196],[126.988681,37.604019],[126.9892,37.603867],[126.989832,37.603888],[126.990849,37.604045],[126.991202,37.603892],[126.991405,37.603748],[126.99195,37.603741],[126.992249,37.603662],[126.992555,37.603696],[126.992956,37.603557],[126.993078,37.603613],[126.993453,37.603216],[126.99401,37.60314],[126.994187,37.602764],[126.994705,37.602475],[126.995553,37.602714],[126.995745,37.602626],[126.995988,37.602364],[126.996068,37.602339],[126.99689,37.602167],[126.997346,37.602172],[126.997728,37.602085],[126.998239,37.60176],[126.998737,37.601353],[126.999279,37.601426],[126.999946,37.60165],[127.000266,37.601562],[127.000303,37.601449],[127.001081,37.60139],[127.001417,37.6006],[127.001755,37.600411],[127.002071,37.600047],[127.002192,37.599506],[127.00275,37.599261],[127.002917,37.598906],[127.003392,37.598582],[127.00349,37.598041],[127.004147,37.59768],[127.004701,37.59719],[127.005451,37.597088],[127.005554,37.597091],[127.005192,37.597376],[127.005478,37.597585],[127.005903,37.597624],[127.005858,37.59809],[127.006228,37.598452],[127.006758,37.598721],[127.007043,37.598653],[127.007941,37.598902],[127.008497,37.598842],[127.008925,37.598979],[127.009106,37.599133],[127.009456,37.599113],[127.00985,37.598962],[127.010113,37.598746],[127.010429,37.5987],[127.010691,37.598423],[127.011066,37.598391],[127.011207,37.598713],[127.011355,37.598742],[127.011383,37.599001],[127.011336,37.599246],[127.011378,37.599521],[127.01134,37.599698],[127.011713,37.599689],[127.011338,37.599717],[127.011299,37.59987],[127.011323,37.599941],[127.011232,37.60018],[127.011332,37.600381],[127.011396,37.600733],[127.011369,37.601099],[127.011813,37.601159],[127.012037,37.601245],[127.012481,37.601772],[127.012631,37.601867],[127.012696,37.601745],[127.013113,37.601751],[127.013742,37.601119],[127.013831,37.601163],[127.014072,37.600861],[127.013738,37.600578],[127.013796,37.600526],[127.013897,37.600101],[127.014349,37.600257],[127.014966,37.600275],[127.015346,37.600029],[127.015629,37.599933],[127.016165,37.599649],[127.016692,37.599104],[127.017173,37.598811],[127.017152,37.598784],[127.017214,37.598741],[127.017626,37.599192],[127.017711,37.599146],[127.017808,37.599258],[127.018308,37.599066],[127.018262,37.598957],[127.018426,37.598884],[127.018506,37.599004],[127.01843,37.598857],[127.018499,37.598801],[127.018409,37.598692],[127.018504,37.598656],[127.018659,37.598873],[127.018526,37.598616],[127.018955,37.59867],[127.01911,37.598774],[127.019334,37.599043],[127.019625,37.599156],[127.01988,37.599156],[127.020248,37.599395],[127.020452,37.599862],[127.020566,37.59995],[127.020682,37.60015],[127.020894,37.600206],[127.021248,37.600088],[127.021334,37.60015],[127.021445,37.600141],[127.0215,37.600248],[127.021531,37.600797],[127.021446,37.601095],[127.021575,37.601314],[127.021649,37.601365],[127.021751,37.601361],[127.021984,37.601566],[127.021972,37.602061],[127.020147,37.602286],[127.020109,37.602412],[127.018891,37.602776],[127.018974,37.603101],[127.018883,37.603312],[127.018711,37.603518],[127.018396,37.603666],[127.017952,37.603647],[127.017671,37.603838],[127.017678,37.60391],[127.017883,37.604104],[127.017702,37.604272],[127.017584,37.604496],[127.01763,37.604555],[127.01794,37.604607],[127.017938,37.604556],[127.0182,37.604579],[127.018252,37.605063],[127.018219,37.605199],[127.018312,37.605133],[127.018301,37.60504],[127.018573,37.604891],[127.01921,37.605205],[127.019613,37.605223],[127.018996,37.605361],[127.018534,37.605958],[127.018002,37.606329],[127.017796,37.606336],[127.017584,37.606151],[127.017442,37.605898],[127.017172,37.605953],[127.017194,37.606072],[127.016854,37.606175],[127.017051,37.606356],[127.017152,37.606627],[127.017162,37.606675],[127.017018,37.606866],[127.016902,37.60691],[127.016881,37.606825],[127.016719,37.606807],[127.016739,37.606841],[127.016056,37.606989],[127.016076,37.607023],[127.015792,37.607162],[127.015923,37.607467],[127.015906,37.607697],[127.01558,37.608121],[127.015488,37.6084],[127.015612,37.609075],[127.015585,37.609424],[127.015106,37.610009],[127.015382,37.610162],[127.015236,37.610274],[127.01495,37.610954],[127.014934,37.611323],[127.014571,37.611831],[127.014447,37.612526],[127.014593,37.613226],[127.014403,37.613688],[127.014817,37.614217],[127.014474,37.614685],[127.014159,37.614865],[127.01416,37.614952],[127.013554,37.615439],[127.013402,37.615519],[127.012787,37.615656],[127.012683,37.615745],[127.012073,37.615974],[127.011802,37.616307],[127.011326,37.616409],[127.010937,37.616282],[127.010248,37.61676],[127.010245,37.61681],[127.010135,37.616797],[127.010099,37.61685],[127.010192,37.617069],[127.010044,37.617276],[127.010134,37.617664],[127.009794,37.618052],[127.009563,37.618237],[127.009077,37.618286],[127.008658,37.618595],[127.008421,37.619214],[127.008224,37.619359],[127.007949,37.619405],[127.007752,37.619631],[127.007875,37.619852],[127.007626,37.619976],[127.007286,37.620399],[127.007239,37.620513],[127.007356,37.620685],[127.007213,37.620825],[127.007247,37.620953],[127.007336,37.621033],[127.00743,37.621383],[127.0076,37.621463],[127.007438,37.621736],[127.007637,37.622255],[127.00754,37.622656],[127.007789,37.622908],[127.007738,37.623349],[127.0079,37.6237],[127.007901,37.623985],[127.007327,37.624127],[127.00571,37.623982],[127.005565,37.623842],[127.005179,37.623998],[127.00488,37.623811],[127.004565,37.624082],[127.004414,37.624053],[127.003879,37.624226],[127.003522,37.62493],[127.003015,37.625249],[127.00214,37.625416],[127.001769,37.625637],[127.000728,37.625684],[127.000207,37.6258],[127.000062,37.625934],[126.999854,37.62602],[126.999269,37.626179],[126.998483,37.627077],[126.997884,37.627532],[126.99757,37.628043],[126.996782,37.628664],[126.996498,37.629089],[126.996027,37.629347],[126.995387,37.630243],[126.994739,37.630522],[126.994237,37.630857],[126.994113,37.631108],[126.993721,37.631447],[126.991846,37.632287],[126.99138,37.632605],[126.990675,37.632664],[126.989924,37.632802],[126.989852,37.63346],[126.989409,37.634075],[126.988729,37.633945],[126.988573,37.633801],[126.988394,37.634194],[126.988197,37.634487],[126.98745,37.634965],[126.98636,37.635456],[126.985917,37.635788],[126.983959,37.636438],[126.983706,37.636457],[126.983587,37.636412],[126.983546,37.63632],[126.983132,37.636105],[126.982788,37.635809],[126.982609,37.635824],[126.982516,37.635786],[126.982289,37.635534],[126.98216,37.635281],[126.982041,37.635157],[126.981679,37.634935],[126.981513,37.634721],[126.981415,37.634829],[126.981122,37.63486],[126.980607,37.634815],[126.980049,37.634417],[126.979652,37.634206],[126.979198,37.634078],[126.978458,37.634045],[126.977804,37.63391],[126.977331,37.633583],[126.977006,37.632969],[126.976224,37.632231],[126.975828,37.632009],[126.975579,37.631752],[126.975362,37.631696],[126.975077,37.631232],[126.974643,37.629742]]],[[[127.018586,37.598272],[127.01859,37.598211],[127.018674,37.598343],[127.018866,37.598501],[127.018713,37.598452],[127.018586,37.598272]]],[[[127.018734,37.598619],[127.018791,37.598503],[127.018854,37.598521],[127.018889,37.598645],[127.018734,37.598619]]],[[[127.0189,37.598531],[127.019032,37.598643],[127.019079,37.598704],[127.018918,37.598618],[127.0189,37.598531]]]]}},{"type":"Feature","properties":{"dong":"11290_길음동","sgg_cd":"11290","emd_cd":"11290134","umd_nm":"길음동","gu_name":"성북구"},"geometry":{"type":"Polygon","coordinates":[[[127.014403,37.613688],[127.014593,37.613226],[127.014446,37.612534],[127.014571,37.611831],[127.014934,37.611323],[127.01495,37.610954],[127.015236,37.610274],[127.015382,37.610162],[127.015106,37.610009],[127.015585,37.609424],[127.01561,37.609319],[127.015612,37.609075],[127.015488,37.6084],[127.01558,37.608121],[127.015906,37.607697],[127.015923,37.607467],[127.015792,37.607162],[127.016076,37.607023],[127.016056,37.606989],[127.016739,37.606841],[127.016719,37.606807],[127.016881,37.606825],[127.016902,37.60691],[127.017018,37.606866],[127.017162,37.606675],[127.017152,37.606627],[127.017051,37.606356],[127.016854,37.606175],[127.017194,37.606072],[127.017172,37.605953],[127.017442,37.605898],[127.017584,37.606151],[127.017796,37.606336],[127.018002,37.606329],[127.018534,37.605958],[127.018996,37.605361],[127.019613,37.605223],[127.01921,37.605205],[127.018573,37.604891],[127.018301,37.60504],[127.018312,37.605133],[127.018219,37.605199],[127.018252,37.605063],[127.0182,37.604579],[127.017938,37.604556],[127.01794,37.604607],[127.01763,37.604555],[127.017584,37.604496],[127.017702,37.604272],[127.017883,37.604104],[127.017666,37.603856],[127.017952,37.603647],[127.018396,37.603666],[127.01857,37.603616],[127.018796,37.603444],[127.018932,37.603228],[127.018974,37.603101],[127.018891,37.602776],[127.020109,37.602412],[127.020147,37.602286],[127.021357,37.602117],[127.022512,37.602026],[127.023408,37.602147],[127.024339,37.602339],[127.024857,37.602559],[127.025227,37.602893],[127.025807,37.603632],[127.025422,37.604157],[127.025301,37.60422],[127.02536,37.604421],[127.026091,37.604938],[127.026862,37.605585],[127.027732,37.606335],[127.028589,37.607186],[127.0291,37.60762],[127.02929,37.607876],[127.029397,37.607916],[127.029883,37.608581],[127.029941,37.608897],[127.030231,37.608851],[127.030231,37.608901],[127.03027,37.6089],[127.030345,37.611307],[127.030184,37.612366],[127.029437,37.612375],[127.028668,37.612446],[127.028162,37.612574],[127.027698,37.612607],[127.027469,37.612544],[127.027209,37.612566],[127.026711,37.612699],[127.026425,37.612694],[127.026157,37.612469],[127.026037,37.612239],[127.025758,37.61214],[127.025181,37.612012],[127.025006,37.612024],[127.024666,37.612149],[127.024465,37.612129],[127.023917,37.611963],[127.023439,37.611731],[127.022747,37.611518],[127.022497,37.611365],[127.022415,37.611439],[127.022196,37.611368],[127.022031,37.612297],[127.021547,37.61244],[127.020672,37.612511],[127.020396,37.612597],[127.020342,37.612859],[127.020014,37.613013],[127.01987,37.613238],[127.019524,37.613331],[127.019227,37.6138],[127.019001,37.61386],[127.018808,37.613785],[127.018625,37.613799],[127.018166,37.614006],[127.017579,37.614628],[127.017321,37.614679],[127.017095,37.614798],[127.017043,37.614754],[127.016921,37.614845],[127.016532,37.61495],[127.0165,37.614841],[127.016154,37.61486],[127.015997,37.614745],[127.015264,37.614658],[127.014474,37.614685],[127.014817,37.614217],[127.014403,37.613688]]]}},{"type":"Feature","properties":{"dong":"11290_종암동","sgg_cd":"11290","emd_cd":"11290135","umd_nm":"종암동","gu_name":"성북구"},"geometry":{"type":"Polygon","coordinates":[[[127.02564,37.596324],[127.025786,37.596265],[127.025954,37.596282],[127.02621,37.596223],[127.026742,37.595968],[127.027255,37.595512],[127.027524,37.595088],[127.027755,37.594486],[127.027974,37.594413],[127.02848,37.594401],[127.028688,37.594505],[127.029111,37.59439],[127.0295,37.594578],[127.030012,37.594293],[127.029792,37.593703],[127.029974,37.592818],[127.030177,37.592669],[127.030243,37.592234],[127.030357,37.59204],[127.030667,37.591931],[127.031682,37.59141],[127.031688,37.591009],[127.031845,37.590839],[127.031832,37.590594],[127.032473,37.590537],[127.032762,37.590619],[127.033336,37.590433],[127.033802,37.590505],[127.034125,37.590736],[127.034479,37.590693],[127.03472,37.590019],[127.034697,37.589336],[127.035143,37.589106],[127.035512,37.588985],[127.035552,37.588914],[127.036298,37.590117],[127.036338,37.590123],[127.036211,37.591181],[127.038754,37.591268],[127.040629,37.595683],[127.04079,37.595632],[127.040759,37.595277],[127.041091,37.595559],[127.040694,37.596009],[127.040727,37.596211],[127.041098,37.596736],[127.041015,37.596704],[127.040974,37.5969],[127.040554,37.597344],[127.040668,37.59761],[127.04088,37.59781],[127.040878,37.600423],[127.040413,37.601185],[127.039514,37.601804],[127.039148,37.602121],[127.039193,37.602167],[127.038855,37.602403],[127.034504,37.602815],[127.033548,37.602967],[127.033214,37.603096],[127.033058,37.603099],[127.032925,37.603186],[127.032571,37.603203],[127.032099,37.603374],[127.03124,37.603694],[127.030438,37.604114],[127.030278,37.604039],[127.029943,37.603737],[127.029979,37.603639],[127.02986,37.603472],[127.029858,37.603126],[127.029216,37.602727],[127.029144,37.602119],[127.028266,37.601688],[127.02769,37.601194],[127.027512,37.600833],[127.027002,37.600724],[127.026758,37.600256],[127.026867,37.599768],[127.026674,37.599439],[127.026239,37.599169],[127.026124,37.598591],[127.026096,37.598201],[127.026137,37.597914],[127.025972,37.597416],[127.025744,37.597064],[127.025733,37.596811],[127.025427,37.596586],[127.02564,37.596324]]]}},{"type":"Feature","properties":{"dong":"11290_하월곡동","sgg_cd":"11290","emd_cd":"11290136","umd_nm":"하월곡동","gu_name":"성북구"},"geometry":{"type":"Polygon","coordinates":[[[127.0434,37.610011],[127.04354,37.611241],[127.043428,37.611271],[127.043059,37.611216],[127.042674,37.611456],[127.042376,37.611389],[127.042083,37.61146],[127.041979,37.610924],[127.040544,37.611089],[127.040662,37.611679],[127.040463,37.611894],[127.040428,37.612021],[127.040243,37.612047],[127.03993,37.611969],[127.039551,37.611666],[127.039431,37.61177],[127.038774,37.61191],[127.038433,37.612094],[127.038114,37.612423],[127.03768,37.612562],[127.037357,37.612838],[127.036766,37.612417],[127.036088,37.612339],[127.036109,37.612433],[127.036043,37.612437],[127.035992,37.612234],[127.035828,37.612022],[127.034032,37.611078],[127.033353,37.610657],[127.032978,37.610517],[127.032725,37.610274],[127.031665,37.609752],[127.030252,37.608963],[127.030231,37.608851],[127.029941,37.608897],[127.029883,37.608581],[127.029397,37.607916],[127.02929,37.607876],[127.0291,37.60762],[127.028589,37.607186],[127.027732,37.606335],[127.026091,37.604938],[127.02536,37.604421],[127.025301,37.60422],[127.025422,37.604157],[127.025807,37.603632],[127.026059,37.603964],[127.027086,37.60451],[127.029099,37.604521],[127.030322,37.604186],[127.03124,37.603694],[127.032571,37.603203],[127.032925,37.603186],[127.033058,37.603099],[127.033214,37.603096],[127.033548,37.602967],[127.034504,37.602815],[127.038855,37.602403],[127.039193,37.602167],[127.039148,37.602121],[127.039514,37.601804],[127.040413,37.601185],[127.040878,37.600423],[127.04088,37.59781],[127.040668,37.59761],[127.040554,37.597344],[127.040974,37.5969],[127.041015,37.596704],[127.041098,37.596736],[127.040727,37.596211],[127.040694,37.596009],[127.041175,37.595492],[127.041388,37.595494],[127.041838,37.59646],[127.042701,37.596727],[127.043039,37.596967],[127.043714,37.596262],[127.044118,37.596396],[127.044777,37.59636],[127.04553,37.596615],[127.046183,37.596197],[127.046755,37.596044],[127.047342,37.596178],[127.047442,37.596516],[127.047809,37.596763],[127.047921,37.596969],[127.047951,37.597289],[127.04855,37.597628],[127.048676,37.597817],[127.048842,37.597892],[127.049038,37.598125],[127.049143,37.598397],[127.049128,37.598743],[127.049745,37.599757],[127.050438,37.600105],[127.050385,37.600449],[127.050066,37.600566],[127.049754,37.600546],[127.049208,37.600733],[127.049011,37.600942],[127.048213,37.601416],[127.047987,37.602562],[127.048001,37.603327],[127.048439,37.603748],[127.048636,37.60412],[127.048551,37.60441],[127.048347,37.60446],[127.048023,37.604881],[127.048103,37.605119],[127.048007,37.605285],[127.047453,37.605501],[127.047326,37.605716],[127.047231,37.605535],[127.046931,37.605417],[127.046087,37.605349],[127.045046,37.605356],[127.04449,37.605268],[127.044246,37.605325],[127.043862,37.605],[127.043478,37.604768],[127.042913,37.605216],[127.042948,37.605511],[127.042567,37.606472],[127.042274,37.607048],[127.042376,37.607604],[127.042909,37.609442],[127.0434,37.610011]]]}},{"type":"Feature","properties":{"dong":"11290_상월곡동","sgg_cd":"11290","emd_cd":"11290137","umd_nm":"상월곡동","gu_name":"성북구"},"geometry":{"type":"Polygon","coordinates":[[[127.042274,37.607048],[127.042567,37.606472],[127.042948,37.605511],[127.042913,37.605216],[127.043478,37.604768],[127.043862,37.605],[127.044246,37.605325],[127.04449,37.605268],[127.045046,37.605356],[127.046087,37.605349],[127.046931,37.605417],[127.047231,37.605535],[127.047326,37.605716],[127.047453,37.605501],[127.048007,37.605285],[127.048103,37.605119],[127.048023,37.604881],[127.048347,37.60446],[127.048551,37.60441],[127.048636,37.60412],[127.048439,37.603748],[127.048001,37.603327],[127.047987,37.602562],[127.048213,37.601416],[127.049011,37.600942],[127.049208,37.600733],[127.049754,37.600546],[127.050066,37.600566],[127.050385,37.600449],[127.051044,37.601026],[127.051398,37.601146],[127.051685,37.601381],[127.051859,37.601655],[127.052138,37.601875],[127.052352,37.602208],[127.05277,37.602512],[127.052718,37.60256],[127.052707,37.602795],[127.052384,37.603257],[127.052346,37.603429],[127.052507,37.603711],[127.052325,37.604034],[127.052429,37.604406],[127.052333,37.604505],[127.052301,37.604753],[127.052165,37.605002],[127.051937,37.605013],[127.05193,37.605272],[127.051695,37.605395],[127.051767,37.605432],[127.051465,37.605579],[127.050889,37.606238],[127.050772,37.60659],[127.050606,37.606778],[127.050639,37.606895],[127.050586,37.606866],[127.05076,37.60717],[127.050772,37.607305],[127.050937,37.60755],[127.051578,37.60807],[127.051961,37.608487],[127.052224,37.608665],[127.052483,37.609048],[127.051481,37.610036],[127.050832,37.609333],[127.050576,37.609204],[127.050195,37.609149],[127.050077,37.608717],[127.049999,37.608517],[127.04997,37.608497],[127.050001,37.60855],[127.049915,37.608514],[127.049788,37.608557],[127.049661,37.608398],[127.049327,37.608476],[127.049333,37.608435],[127.049081,37.60844],[127.049049,37.608304],[127.048956,37.608234],[127.048716,37.608246],[127.048688,37.608031],[127.048529,37.608028],[127.048445,37.607929],[127.048317,37.607882],[127.047432,37.60783],[127.047432,37.607868],[127.047255,37.607927],[127.047272,37.60799],[127.047025,37.608223],[127.046638,37.608384],[127.046374,37.608575],[127.046046,37.609344],[127.045985,37.609396],[127.045684,37.609459],[127.045542,37.609548],[127.045441,37.609705],[127.045616,37.610754],[127.046349,37.610687],[127.046432,37.611442],[127.04638,37.611619],[127.046304,37.611653],[127.045087,37.61135],[127.04418,37.610831],[127.043846,37.610803],[127.043528,37.610936],[127.0434,37.610011],[127.042909,37.609442],[127.042376,37.607604],[127.042274,37.607048]]]}},{"type":"Feature","properties":{"dong":"11290_장위동","sgg_cd":"11290","emd_cd":"11290138","umd_nm":"장위동","gu_name":"성북구"},"geometry":{"type":"Polygon","coordinates":[[[127.037357,37.612838],[127.03768,37.612562],[127.038114,37.612423],[127.038433,37.612094],[127.038774,37.61191],[127.039431,37.61177],[127.039551,37.611666],[127.03993,37.611969],[127.040243,37.612047],[127.040428,37.612021],[127.040463,37.611894],[127.040662,37.611679],[127.040544,37.611089],[127.041979,37.610924],[127.042083,37.61146],[127.042376,37.611389],[127.042674,37.611456],[127.043059,37.611216],[127.043428,37.611271],[127.04354,37.611241],[127.043528,37.610936],[127.043846,37.610803],[127.04418,37.610831],[127.045087,37.61135],[127.046304,37.611653],[127.04638,37.611619],[127.046432,37.611442],[127.046349,37.610687],[127.045616,37.610754],[127.045441,37.609705],[127.045542,37.609548],[127.045684,37.609459],[127.045985,37.609396],[127.046046,37.609344],[127.046374,37.608575],[127.046638,37.608384],[127.047025,37.608223],[127.047272,37.60799],[127.047255,37.607927],[127.047432,37.607868],[127.047432,37.60783],[127.048317,37.607882],[127.048445,37.607929],[127.048529,37.608028],[127.048688,37.608031],[127.048716,37.608246],[127.048956,37.608234],[127.049049,37.608304],[127.049081,37.60844],[127.049333,37.608435],[127.049327,37.608476],[127.049661,37.608398],[127.049788,37.608557],[127.049915,37.608514],[127.050001,37.60855],[127.04997,37.608497],[127.049999,37.608517],[127.050077,37.608717],[127.050195,37.609149],[127.050576,37.609204],[127.050832,37.609333],[127.051481,37.610036],[127.052483,37.609048],[127.052224,37.608665],[127.051961,37.608487],[127.051578,37.60807],[127.05124,37.607799],[127.058774,37.611738],[127.061646,37.613366],[127.061968,37.613438],[127.061849,37.613458],[127.061615,37.613397],[127.063285,37.614258],[127.062035,37.614423],[127.061754,37.614492],[127.061454,37.614635],[127.061092,37.614934],[127.060667,37.615666],[127.060201,37.615976],[127.059486,37.616298],[127.057381,37.617503],[127.055937,37.618917],[127.055559,37.619171],[127.054795,37.619541],[127.054408,37.619796],[127.05407,37.620099],[127.052703,37.621581],[127.052073,37.622141],[127.051761,37.622541],[127.050546,37.62346],[127.049728,37.624263],[127.046897,37.622624],[127.046527,37.622327],[127.046081,37.621875],[127.045708,37.621366],[127.044679,37.619445],[127.043947,37.618643],[127.040981,37.616555],[127.040557,37.616108],[127.040406,37.616069],[127.040071,37.616194],[127.040031,37.615713],[127.039882,37.615361],[127.039677,37.615137],[127.039424,37.614983],[127.039015,37.614523],[127.038654,37.614297],[127.038591,37.614191],[127.038319,37.614076],[127.037933,37.613765],[127.037707,37.613222],[127.037513,37.612961],[127.037357,37.612838]]]}},{"type":"Feature","properties":{"dong":"11290_석관동","sgg_cd":"11290","emd_cd":"11290139","umd_nm":"석관동","gu_name":"성북구"},"geometry":{"type":"Polygon","coordinates":[[[127.060763,37.603495],[127.061457,37.60428],[127.061484,37.604462],[127.061958,37.604893],[127.062178,37.604936],[127.062189,37.605122],[127.063091,37.605251],[127.063645,37.605237],[127.06467,37.605733],[127.064956,37.605823],[127.06549,37.605491],[127.066193,37.605552],[127.066278,37.605774],[127.06637,37.605858],[127.066813,37.606113],[127.067318,37.606275],[127.067649,37.606438],[127.067648,37.606536],[127.068611,37.606628],[127.068738,37.606779],[127.068997,37.606849],[127.069297,37.607056],[127.069858,37.607278],[127.070121,37.607254],[127.070256,37.607032],[127.070371,37.607041],[127.070384,37.607192],[127.070459,37.607229],[127.070571,37.607477],[127.070668,37.607567],[127.07105,37.607635],[127.071259,37.60991],[127.071509,37.610918],[127.071532,37.61141],[127.071737,37.612408],[127.071771,37.612937],[127.071753,37.613514],[127.071647,37.613867],[127.071473,37.614193],[127.071056,37.614642],[127.069659,37.615737],[127.064861,37.61476],[127.063411,37.614308],[127.062379,37.613823],[127.061615,37.613397],[127.061849,37.613458],[127.061968,37.613438],[127.061646,37.613366],[127.058774,37.611738],[127.05124,37.607799],[127.050937,37.60755],[127.050772,37.607305],[127.05076,37.60717],[127.050586,37.606866],[127.050639,37.606895],[127.050606,37.606778],[127.050772,37.60659],[127.050889,37.606238],[127.051283,37.605765],[127.051465,37.605579],[127.051767,37.605432],[127.051695,37.605395],[127.05193,37.605272],[127.051937,37.605013],[127.052165,37.605002],[127.052301,37.604753],[127.052333,37.604505],[127.052429,37.604406],[127.052325,37.604034],[127.052507,37.603711],[127.052346,37.603429],[127.052384,37.603257],[127.052707,37.602795],[127.052718,37.60256],[127.05277,37.602512],[127.052352,37.602208],[127.052138,37.601875],[127.051859,37.601655],[127.051685,37.601381],[127.051398,37.601146],[127.051236,37.601091],[127.051323,37.601078],[127.051683,37.600775],[127.051794,37.600485],[127.052071,37.600149],[127.053622,37.600487],[127.053782,37.600422],[127.053914,37.600429],[127.053796,37.600624],[127.054231,37.600668],[127.055069,37.601346],[127.055397,37.60103],[127.056276,37.601355],[127.057323,37.601539],[127.057212,37.601276],[127.057327,37.601186],[127.057435,37.601166],[127.057426,37.601217],[127.05919,37.601068],[127.059218,37.601257],[127.059339,37.60136],[127.059522,37.601419],[127.059665,37.601529],[127.060123,37.601621],[127.060214,37.601731],[127.060068,37.602067],[127.059984,37.602113],[127.05991,37.602276],[127.059939,37.602439],[127.060056,37.602559],[127.060145,37.602833],[127.060102,37.603055],[127.060423,37.603419],[127.060707,37.603539],[127.060763,37.603495]]]}},{"type":"Feature","properties":{"dong":"11305_미아동","sgg_cd":"11305","emd_cd":"11305101","umd_nm":"미아동","gu_name":"강북구"},"geometry":{"type":"Polygon","coordinates":[[[127.007179,37.620856],[127.007304,37.620716],[127.007192,37.620508],[127.0076,37.62001],[127.00786,37.619855],[127.007742,37.619634],[127.007942,37.619408],[127.00803,37.619392],[127.008156,37.619164],[127.008344,37.619113],[127.008452,37.618966],[127.008497,37.618622],[127.009071,37.618285],[127.009369,37.618248],[127.009932,37.617766],[127.009995,37.617546],[127.009985,37.617245],[127.010138,37.616935],[127.010102,37.616853],[127.010146,37.616798],[127.01023,37.616792],[127.010952,37.616286],[127.011412,37.61644],[127.011832,37.616323],[127.01213,37.616006],[127.01284,37.615695],[127.013409,37.615568],[127.01421,37.614991],[127.01421,37.614911],[127.014509,37.61472],[127.015002,37.614714],[127.016029,37.614844],[127.01618,37.614948],[127.016524,37.61494],[127.016903,37.61484],[127.017039,37.614737],[127.017115,37.614774],[127.017537,37.614616],[127.018164,37.614008],[127.018514,37.613834],[127.018805,37.613778],[127.018995,37.61385],[127.019227,37.613794],[127.019515,37.61333],[127.019864,37.613235],[127.020014,37.613011],[127.020336,37.612857],[127.020398,37.612596],[127.02067,37.612511],[127.021554,37.612436],[127.021911,37.612326],[127.021985,37.611732],[127.022117,37.611336],[127.022419,37.611447],[127.022502,37.611367],[127.022734,37.611514],[127.023451,37.611736],[127.023918,37.611966],[127.024238,37.612056],[127.024416,37.612025],[127.02453,37.612056],[127.024564,37.612142],[127.024666,37.612156],[127.024994,37.612029],[127.025187,37.612015],[127.025745,37.612138],[127.026038,37.612239],[127.026161,37.612481],[127.026433,37.612694],[127.026711,37.6127],[127.027475,37.612538],[127.027709,37.612605],[127.028161,37.612572],[127.028682,37.612444],[127.029102,37.612399],[127.030177,37.612357],[127.030345,37.611297],[127.030248,37.608973],[127.031687,37.609767],[127.032751,37.610273],[127.032936,37.610459],[127.033375,37.610642],[127.033538,37.610779],[127.035819,37.612019],[127.035866,37.612049],[127.035584,37.612037],[127.035944,37.61216],[127.036047,37.612433],[127.036117,37.612429],[127.036095,37.61234],[127.036781,37.612425],[127.037512,37.612944],[127.037723,37.61325],[127.037882,37.613765],[127.038084,37.613952],[127.038228,37.613995],[127.038157,37.613997],[127.038267,37.614096],[127.038581,37.614207],[127.038609,37.614344],[127.038975,37.61454],[127.039378,37.615021],[127.039561,37.615109],[127.03986,37.615491],[127.039851,37.61559],[127.039709,37.615676],[127.039571,37.615662],[127.039323,37.61573],[127.03922,37.615843],[127.038832,37.616031],[127.038808,37.616365],[127.038638,37.616484],[127.038525,37.616695],[127.038653,37.617151],[127.038763,37.617355],[127.03856,37.61784],[127.038234,37.618198],[127.038212,37.618337],[127.038575,37.618679],[127.038747,37.618932],[127.038946,37.618927],[127.038921,37.619025],[127.038798,37.61907],[127.038459,37.619018],[127.038187,37.619124],[127.037905,37.619116],[127.037305,37.619401],[127.037002,37.619604],[127.036809,37.620107],[127.036542,37.620292],[127.036183,37.620384],[127.035452,37.620891],[127.034774,37.620893],[127.034334,37.621247],[127.034276,37.621633],[127.034453,37.622098],[127.033736,37.622722],[127.033665,37.622879],[127.033742,37.623039],[127.033474,37.62347],[127.033544,37.623604],[127.033142,37.624342],[127.033091,37.624819],[127.032981,37.62503],[127.032677,37.625172],[127.032569,37.625631],[127.032814,37.626067],[127.032486,37.62682],[127.032748,37.627429],[127.032586,37.62758],[127.032431,37.62755],[127.032095,37.627675],[127.032033,37.627999],[127.031705,37.628458],[127.031456,37.628576],[127.03134,37.628846],[127.031339,37.629073],[127.030984,37.629287],[127.030983,37.629418],[127.030638,37.629736],[127.030568,37.629894],[127.030118,37.630508],[127.029807,37.63108],[127.02983,37.631235],[127.030058,37.631462],[127.029828,37.63196],[127.029508,37.632108],[127.02958,37.63246],[127.029164,37.632759],[127.028949,37.633451],[127.028912,37.633774],[127.02759,37.633488],[127.027522,37.633554],[127.026931,37.63378],[127.026863,37.633889],[127.026739,37.63392],[127.027488,37.634863],[127.027829,37.634926],[127.027294,37.634888],[127.027389,37.634953],[127.026566,37.634995],[127.026542,37.634846],[127.023822,37.63467],[127.023446,37.634756],[127.023445,37.633164],[127.024334,37.630906],[127.022896,37.630542],[127.022688,37.630375],[127.022055,37.630227],[127.021269,37.630134],[127.01802,37.629319],[127.018001,37.629537],[127.01797,37.629459],[127.017798,37.629344],[127.017843,37.628699],[127.017492,37.628642],[127.017201,37.628452],[127.016677,37.628305],[127.01618,37.628054],[127.015979,37.627848],[127.015908,37.627681],[127.015804,37.627619],[127.01576,37.627344],[127.015794,37.627123],[127.015752,37.627065],[127.015265,37.626939],[127.015261,37.626877],[127.014194,37.626935],[127.013735,37.626881],[127.013415,37.626907],[127.012967,37.626694],[127.012414,37.626554],[127.012378,37.626411],[127.012156,37.626236],[127.011983,37.626261],[127.011849,37.626075],[127.011392,37.625906],[127.01134,37.625823],[127.011402,37.62558],[127.011114,37.625529],[127.010968,37.625609],[127.01053,37.625549],[127.010184,37.625461],[127.010188,37.625406],[127.009953,37.625215],[127.009579,37.62519],[127.008864,37.625028],[127.00849,37.624753],[127.008425,37.624582],[127.007888,37.624027],[127.0079,37.623759],[127.007745,37.623381],[127.00779,37.622943],[127.007539,37.622693],[127.007625,37.622286],[127.007439,37.621763],[127.007585,37.621497],[127.007379,37.621395],[127.007306,37.621047],[127.007179,37.620856]]]}},{"type":"Feature","properties":{"dong":"11305_번동","sgg_cd":"11305","emd_cd":"11305102","umd_nm":"번동","gu_name":"강북구"},"geometry":{"type":"Polygon","coordinates":[[[127.022991,37.635432],[127.023076,37.634684],[127.023267,37.634728],[127.023424,37.633354],[127.023446,37.634756],[127.023822,37.63467],[127.026542,37.634846],[127.026566,37.634995],[127.027389,37.634953],[127.027294,37.634888],[127.027829,37.634926],[127.027488,37.634863],[127.026783,37.633979],[127.026754,37.633889],[127.026863,37.633889],[127.026931,37.63378],[127.027522,37.633554],[127.02759,37.633488],[127.028912,37.633774],[127.028949,37.633451],[127.029164,37.632759],[127.02958,37.63246],[127.029508,37.632108],[127.029828,37.63196],[127.030058,37.631462],[127.02983,37.631235],[127.029807,37.63108],[127.030118,37.630508],[127.030568,37.629894],[127.030638,37.629736],[127.030983,37.629418],[127.030984,37.629287],[127.031339,37.629073],[127.03134,37.628846],[127.031456,37.628576],[127.031705,37.628458],[127.032033,37.627999],[127.032095,37.627675],[127.032431,37.62755],[127.032586,37.62758],[127.032748,37.627429],[127.032486,37.62682],[127.032814,37.626067],[127.032569,37.625631],[127.032677,37.625172],[127.032981,37.62503],[127.033091,37.624819],[127.033142,37.624342],[127.033544,37.623604],[127.033474,37.62347],[127.033742,37.623039],[127.033665,37.622879],[127.033736,37.622722],[127.034453,37.622098],[127.034276,37.621633],[127.034334,37.621247],[127.034774,37.620893],[127.035452,37.620891],[127.036183,37.620384],[127.036542,37.620292],[127.036809,37.620107],[127.037002,37.619604],[127.037305,37.619401],[127.037905,37.619116],[127.038187,37.619124],[127.038459,37.619018],[127.038798,37.61907],[127.038921,37.619025],[127.038946,37.618927],[127.038747,37.618932],[127.038575,37.618679],[127.038212,37.618337],[127.038234,37.618198],[127.03856,37.61784],[127.038763,37.617355],[127.038653,37.617151],[127.038525,37.616695],[127.038638,37.616484],[127.038808,37.616365],[127.038832,37.616031],[127.03922,37.615843],[127.039323,37.61573],[127.039571,37.615662],[127.039709,37.615676],[127.039851,37.61559],[127.039966,37.615686],[127.039986,37.616185],[127.040041,37.616247],[127.04046,37.616149],[127.040936,37.616576],[127.040824,37.616552],[127.040676,37.616408],[127.040795,37.616579],[127.041401,37.616727],[127.041403,37.61679],[127.041338,37.616817],[127.041428,37.616869],[127.041371,37.616865],[127.041525,37.616901],[127.041728,37.617039],[127.043948,37.618643],[127.044679,37.619442],[127.045703,37.621359],[127.04608,37.621874],[127.046529,37.622323],[127.046868,37.622601],[127.049733,37.624262],[127.049526,37.62448],[127.04894,37.625408],[127.047006,37.627507],[127.046328,37.627915],[127.0461,37.62797],[127.044339,37.628749],[127.043415,37.629673],[127.042776,37.630227],[127.042073,37.630678],[127.041713,37.630806],[127.040798,37.631548],[127.040438,37.631548],[127.040438,37.631789],[127.039767,37.632195],[127.038119,37.634283],[127.038002,37.635153],[127.037879,37.635406],[127.037818,37.636039],[127.037332,37.636484],[127.036849,37.636749],[127.03606,37.636955],[127.035147,37.637272],[127.034776,37.637568],[127.034567,37.63778],[127.033348,37.64056],[127.03283,37.641407],[127.032416,37.641835],[127.030858,37.64287],[127.02362,37.636115],[127.023282,37.635899],[127.022991,37.635432]]]}},{"type":"Feature","properties":{"dong":"11305_수유동","sgg_cd":"11305","emd_cd":"11305103","umd_nm":"수유동","gu_name":"강북구"},"geometry":{"type":"Polygon","coordinates":[[[126.984201,37.63634],[126.985907,37.635797],[126.986325,37.63548],[126.987409,37.634965],[126.988162,37.634494],[126.988399,37.634172],[126.988571,37.633777],[126.988745,37.633938],[126.989458,37.633998],[126.98984,37.633438],[126.989931,37.632797],[126.991367,37.632613],[126.99184,37.632275],[126.993694,37.631473],[126.994103,37.631121],[126.994258,37.630848],[126.994744,37.630517],[126.995393,37.630249],[126.996054,37.629346],[126.99651,37.629086],[126.996776,37.628659],[126.997568,37.628059],[126.99788,37.627568],[126.99845,37.627121],[126.999273,37.626202],[126.999841,37.626056],[127.000204,37.625823],[127.000678,37.625709],[127.001761,37.62565],[127.002134,37.625436],[127.002981,37.625283],[127.003493,37.624954],[127.003897,37.624225],[127.004433,37.624053],[127.00456,37.624076],[127.004897,37.623823],[127.00519,37.624009],[127.005587,37.623839],[127.005719,37.623981],[127.007335,37.624137],[127.007888,37.624027],[127.008425,37.624582],[127.00849,37.624753],[127.008864,37.625028],[127.009579,37.62519],[127.009953,37.625215],[127.010188,37.625406],[127.010184,37.625461],[127.01053,37.625549],[127.010968,37.625609],[127.011114,37.625529],[127.011402,37.62558],[127.01134,37.625823],[127.011392,37.625906],[127.011849,37.626075],[127.011983,37.626261],[127.012156,37.626236],[127.012378,37.626411],[127.012414,37.626554],[127.012967,37.626694],[127.013415,37.626907],[127.013735,37.626881],[127.014194,37.626935],[127.015261,37.626877],[127.015265,37.626939],[127.015752,37.627065],[127.015794,37.627123],[127.01576,37.627344],[127.015804,37.627619],[127.015908,37.627681],[127.015979,37.627848],[127.01618,37.628054],[127.016677,37.628305],[127.017201,37.628452],[127.017492,37.628642],[127.017843,37.628699],[127.017798,37.629344],[127.01797,37.629459],[127.018001,37.629537],[127.01802,37.629319],[127.021269,37.630134],[127.022055,37.630227],[127.022688,37.630375],[127.022896,37.630542],[127.024334,37.630906],[127.023445,37.633164],[127.023267,37.634728],[127.023076,37.634684],[127.022991,37.635432],[127.023022,37.635494],[127.023282,37.635899],[127.02362,37.636115],[127.030858,37.64287],[127.02741,37.645033],[127.02719,37.645243],[127.026653,37.645617],[127.026346,37.645713],[127.02599,37.645756],[127.025885,37.645721],[127.025085,37.646709],[127.024687,37.647342],[127.022635,37.647861],[127.022112,37.64818],[127.021738,37.648657],[127.021413,37.648897],[127.021131,37.649002],[127.020598,37.649084],[127.020169,37.649088],[127.018547,37.648686],[127.018152,37.648642],[127.017307,37.648643],[127.01603,37.648976],[127.015093,37.649282],[127.014963,37.64912],[127.013999,37.649169],[127.013692,37.649255],[127.013028,37.649272],[127.012439,37.649225],[127.012121,37.64931],[127.011886,37.649261],[127.011681,37.649336],[127.011374,37.649335],[127.010153,37.650035],[127.009839,37.649949],[127.009586,37.650056],[127.009509,37.65017],[127.009272,37.649975],[127.009053,37.649971],[127.008854,37.650088],[127.008773,37.650045],[127.008358,37.650135],[127.008003,37.650431],[127.007594,37.650207],[127.006453,37.649366],[127.006125,37.649531],[127.004926,37.649538],[127.004748,37.649394],[127.004657,37.649441],[127.004379,37.649257],[127.003784,37.649327],[127.003508,37.649239],[127.003048,37.649185],[127.00242,37.648978],[126.999169,37.649467],[126.998762,37.649294],[126.998167,37.649688],[126.997487,37.650419],[126.996423,37.649886],[126.995856,37.648982],[126.995436,37.648469],[126.994901,37.64835],[126.994368,37.647856],[126.99295,37.646037],[126.992409,37.645904],[126.991977,37.645495],[126.991618,37.644863],[126.989797,37.643153],[126.989146,37.642365],[126.988552,37.641788],[126.987974,37.6416],[126.986077,37.642106],[126.985224,37.641636],[126.985329,37.641547],[126.985268,37.64135],[126.985657,37.64074],[126.986133,37.640427],[126.985954,37.640224],[126.985676,37.640044],[126.985533,37.639701],[126.985428,37.639281],[126.985445,37.638875],[126.985394,37.63859],[126.985192,37.638303],[126.985234,37.638066],[126.98496,37.637807],[126.985084,37.637314],[126.984937,37.637165],[126.984856,37.636814],[126.984744,37.636648],[126.984461,37.636547],[126.984201,37.63634]]]}},{"type":"Feature","properties":{"dong":"11305_우이동","sgg_cd":"11305","emd_cd":"11305104","umd_nm":"우이동","gu_name":"강북구"},"geometry":{"type":"Polygon","coordinates":[[[126.979658,37.656038],[126.979944,37.654815],[126.980431,37.653787],[126.981048,37.652712],[126.981676,37.652316],[126.981873,37.651688],[126.982298,37.651254],[126.982495,37.65054],[126.983937,37.64961],[126.984019,37.649317],[126.983884,37.6486],[126.983981,37.648182],[126.984603,37.647612],[126.984713,37.647251],[126.984678,37.646963],[126.984812,37.646837],[126.984763,37.64676],[126.984929,37.646067],[126.9851,37.645929],[126.985483,37.646005],[126.985579,37.646102],[126.985718,37.646093],[126.98568,37.645994],[126.985413,37.645946],[126.984858,37.645595],[126.984795,37.645446],[126.98482,37.645369],[126.984643,37.645337],[126.984193,37.644603],[126.98419,37.644428],[126.983902,37.644265],[126.983726,37.64405],[126.983472,37.64394],[126.983247,37.643683],[126.983691,37.643039],[126.983874,37.64256],[126.983831,37.642148],[126.984257,37.641645],[126.984956,37.641464],[126.985134,37.64152],[126.985224,37.641636],[126.986077,37.642106],[126.987974,37.6416],[126.988552,37.641788],[126.989146,37.642365],[126.989797,37.643153],[126.991618,37.644863],[126.991977,37.645495],[126.992409,37.645904],[126.99295,37.646037],[126.994368,37.647856],[126.994901,37.64835],[126.995436,37.648469],[126.995856,37.648982],[126.996423,37.649886],[126.997487,37.650419],[126.998167,37.649688],[126.998762,37.649294],[126.999169,37.649467],[127.00242,37.648978],[127.003048,37.649185],[127.003508,37.649239],[127.003784,37.649327],[127.004379,37.649257],[127.004657,37.649441],[127.004748,37.649394],[127.004926,37.649538],[127.006125,37.649531],[127.006453,37.649366],[127.007594,37.650207],[127.008003,37.650431],[127.008358,37.650135],[127.008773,37.650045],[127.008854,37.650088],[127.009053,37.649971],[127.009272,37.649975],[127.009509,37.65017],[127.009586,37.650056],[127.009839,37.649949],[127.010153,37.650035],[127.011374,37.649335],[127.011681,37.649336],[127.011886,37.649261],[127.012121,37.64931],[127.012439,37.649225],[127.013028,37.649272],[127.013692,37.649255],[127.013999,37.649169],[127.014963,37.64912],[127.015093,37.649282],[127.014767,37.649573],[127.014676,37.649596],[127.014299,37.650298],[127.014013,37.650261],[127.013981,37.650363],[127.013805,37.650415],[127.01369,37.650508],[127.013339,37.650449],[127.013142,37.6505],[127.0129,37.650763],[127.012716,37.651478],[127.012499,37.651876],[127.012433,37.652184],[127.012567,37.652906],[127.012661,37.653127],[127.012623,37.653233],[127.012653,37.65347],[127.012882,37.654078],[127.012895,37.654544],[127.013007,37.654774],[127.013463,37.656781],[127.013687,37.657675],[127.013799,37.657948],[127.014021,37.659217],[127.014275,37.659801],[127.014372,37.660384],[127.014414,37.66046],[127.014569,37.660453],[127.014607,37.661429],[127.01474,37.661435],[127.014521,37.662032],[127.014831,37.661703],[127.015334,37.661345],[127.015881,37.661321],[127.01625,37.661454],[127.016508,37.661661],[127.016789,37.662051],[127.016989,37.662234],[127.016916,37.662316],[127.016688,37.662228],[127.016185,37.662551],[127.016016,37.662775],[127.016005,37.663298],[127.01558,37.663455],[127.015542,37.663673],[127.015354,37.66375],[127.015318,37.664078],[127.015667,37.664508],[127.015814,37.665072],[127.015375,37.665601],[127.015489,37.666146],[127.015766,37.666546],[127.015774,37.667039],[127.0164,37.667374],[127.01623,37.667495],[127.016626,37.667923],[127.017178,37.66811],[127.017516,37.668153],[127.017566,37.668299],[127.018415,37.668888],[127.018369,37.669186],[127.018549,37.669539],[127.018502,37.67017],[127.01876,37.670516],[127.018718,37.670868],[127.018251,37.670725],[127.017848,37.670871],[127.017825,37.671146],[127.017665,37.671265],[127.017588,37.671492],[127.017376,37.671643],[127.017304,37.671972],[127.01741,37.672167],[127.017338,37.67246],[127.017186,37.672493],[127.017129,37.67265],[127.016977,37.672667],[127.016673,37.67295],[127.016226,37.673942],[127.016146,37.673913],[127.015582,37.674125],[127.015129,37.674171],[127.014842,37.674384],[127.014582,37.674815],[127.0144,37.674807],[127.01394,37.675234],[127.01388,37.67559],[127.014018,37.675882],[127.013859,37.676251],[127.013787,37.676587],[127.013508,37.677186],[127.013307,37.677883],[127.012819,37.678404],[127.012418,37.678703],[127.012143,37.679106],[127.009417,37.679572],[127.008926,37.680591],[127.009071,37.681654],[127.008674,37.682219],[127.008415,37.683216],[127.008625,37.683852],[127.008662,37.684449],[127.007662,37.684468],[127.007067,37.684764],[127.006511,37.684871],[127.006051,37.685053],[127.005525,37.684863],[127.004526,37.685089],[127.004277,37.684941],[127.003777,37.684824],[127.003583,37.684238],[127.003238,37.683948],[127.002743,37.683953],[127.00224,37.683593],[127.001901,37.683722],[127.001884,37.68408],[127.001687,37.684344],[127.001038,37.684272],[127.000511,37.683974],[126.999432,37.683907],[126.997754,37.683586],[126.997621,37.683452],[126.997311,37.683466],[126.997026,37.683114],[126.996971,37.682645],[126.996737,37.682389],[126.996351,37.682204],[126.995853,37.681869],[126.995503,37.681506],[126.995197,37.681335],[126.994732,37.681244],[126.994156,37.680569],[126.994175,37.680462],[126.994076,37.680324],[126.993514,37.680057],[126.992433,37.679759],[126.992197,37.679627],[126.992433,37.679148],[126.992924,37.678821],[126.993247,37.67766],[126.99312,37.677225],[126.993267,37.677001],[126.993072,37.676582],[126.993157,37.676141],[126.993125,37.675832],[126.993199,37.67572],[126.99381,37.675252],[126.993981,37.674907],[126.993796,37.674226],[126.993543,37.674103],[126.994074,37.672761],[126.993802,37.670197],[126.99435,37.669811],[126.994357,37.669566],[126.99383,37.668623],[126.99356,37.667804],[126.993961,37.667339],[126.994129,37.66703],[126.994017,37.666783],[126.993123,37.666056],[126.992749,37.665532],[126.992224,37.665231],[126.991238,37.664993],[126.989997,37.664499],[126.989453,37.66453],[126.988268,37.664391],[126.987802,37.663593],[126.987751,37.662732],[126.987365,37.661618],[126.987225,37.660847],[126.987277,37.6606],[126.986544,37.659485],[126.98602,37.658943],[126.984617,37.658228],[126.984335,37.657733],[126.983742,37.657329],[126.983406,37.657233],[126.98301,37.657003],[126.982857,37.656449],[126.981193,37.656487],[126.979658,37.656038]]]}},{"type":"Feature","properties":{"dong":"11320_쌍문동","sgg_cd":"11320","emd_cd":"11320105","umd_nm":"쌍문동","gu_name":"도봉구"},"geometry":{"type":"Polygon","coordinates":[[[127.012451,37.652159],[127.012513,37.651849],[127.01271,37.651479],[127.012898,37.650747],[127.013139,37.650474],[127.013331,37.650422],[127.013699,37.650485],[127.013813,37.650389],[127.013989,37.65034],[127.014018,37.650233],[127.014315,37.650274],[127.014695,37.649573],[127.015096,37.649282],[127.016465,37.648854],[127.017312,37.648653],[127.018175,37.648632],[127.019039,37.648791],[127.020204,37.649084],[127.020627,37.649077],[127.021157,37.648993],[127.021447,37.648876],[127.021772,37.648635],[127.022142,37.648161],[127.022663,37.647843],[127.024685,37.647342],[127.025132,37.646645],[127.025892,37.64572],[127.027555,37.644964],[127.030855,37.642868],[127.031591,37.643591],[127.032224,37.644474],[127.04178,37.66053],[127.04209,37.661174],[127.042266,37.661811],[127.041259,37.661718],[127.03766,37.661755],[127.03769,37.661687],[127.03756,37.66167],[127.037427,37.661558],[127.037272,37.661248],[127.036097,37.660967],[127.034786,37.660393],[127.033766,37.660188],[127.033236,37.659992],[127.031519,37.659545],[127.030739,37.659592],[127.030129,37.659733],[127.029837,37.659715],[127.029653,37.659675],[127.02893,37.659201],[127.028163,37.65906],[127.027245,37.658435],[127.027156,37.658438],[127.02715,37.658402],[127.027347,37.658393],[127.027576,37.657807],[127.027385,37.657399],[127.027438,37.657197],[127.027263,37.657014],[127.027141,37.657018],[127.026796,37.656828],[127.026715,37.656645],[127.026421,37.656672],[127.026233,37.656779],[127.025987,37.656661],[127.025881,37.656139],[127.025849,37.655488],[127.025396,37.655221],[127.025368,37.654613],[127.025248,37.654266],[127.024845,37.654233],[127.024416,37.65429],[127.023796,37.654132],[127.023584,37.654267],[127.022431,37.654382],[127.022054,37.654163],[127.021835,37.654182],[127.021358,37.654568],[127.020835,37.65459],[127.020798,37.654798],[127.020457,37.65494],[127.020414,37.655188],[127.020339,37.655274],[127.019723,37.655762],[127.019599,37.656325],[127.019275,37.656416],[127.01863,37.657157],[127.018689,37.657534],[127.018623,37.657671],[127.018373,37.657811],[127.018351,37.65805],[127.018263,37.658214],[127.01786,37.658374],[127.017645,37.658566],[127.017682,37.658824],[127.017865,37.659208],[127.017566,37.659235],[127.017632,37.659683],[127.017077,37.659913],[127.017016,37.6611],[127.017502,37.661607],[127.01741,37.662078],[127.017097,37.662069],[127.016943,37.662228],[127.016502,37.661673],[127.016207,37.661424],[127.015881,37.661324],[127.015234,37.66138],[127.014889,37.661602],[127.014527,37.661994],[127.014611,37.661361],[127.014571,37.660457],[127.014427,37.66046],[127.014383,37.660385],[127.014306,37.65992],[127.014025,37.659227],[127.013795,37.657948],[127.013683,37.65769],[127.012931,37.65457],[127.012928,37.654164],[127.012678,37.653428],[127.012451,37.652159]]]}},{"type":"Feature","properties":{"dong":"11320_방학동","sgg_cd":"11320","emd_cd":"11320106","umd_nm":"방학동","gu_name":"도봉구"},"geometry":{"type":"Polygon","coordinates":[[[127.030572,37.674005],[127.03036,37.673815],[127.029516,37.674038],[127.029157,37.67361],[127.028634,37.673371],[127.027084,37.673372],[127.026628,37.673682],[127.02637,37.67351],[127.025825,37.673281],[127.025767,37.673067],[127.02514,37.672821],[127.025116,37.672498],[127.024914,37.672424],[127.023886,37.672324],[127.023094,37.672191],[127.022799,37.671591],[127.022358,37.671843],[127.021631,37.671742],[127.021472,37.671896],[127.020978,37.672048],[127.020768,37.672029],[127.020505,37.671543],[127.020262,37.671588],[127.020164,37.671685],[127.019888,37.671387],[127.019571,37.671264],[127.019376,37.67131],[127.018886,37.671119],[127.018696,37.670859],[127.018733,37.670458],[127.018487,37.670156],[127.018528,37.669473],[127.018358,37.669201],[127.018397,37.668884],[127.017594,37.668293],[127.017467,37.668088],[127.017121,37.668055],[127.016607,37.66788],[127.016162,37.667442],[127.016344,37.66736],[127.015759,37.666994],[127.015729,37.666472],[127.015467,37.666077],[127.015346,37.665553],[127.015806,37.664942],[127.015611,37.664443],[127.015319,37.664035],[127.015321,37.663633],[127.015517,37.663595],[127.015537,37.663418],[127.015977,37.66322],[127.015941,37.662764],[127.016178,37.662509],[127.016629,37.662177],[127.016887,37.662172],[127.016943,37.662228],[127.017097,37.662069],[127.01741,37.662078],[127.017502,37.661607],[127.017016,37.6611],[127.017077,37.659913],[127.017632,37.659683],[127.017566,37.659235],[127.017865,37.659208],[127.017682,37.658824],[127.017645,37.658566],[127.01786,37.658374],[127.018263,37.658214],[127.018351,37.65805],[127.018373,37.657811],[127.018623,37.657671],[127.018689,37.657534],[127.01863,37.657157],[127.019275,37.656416],[127.019599,37.656325],[127.019723,37.655762],[127.020339,37.655274],[127.020414,37.655188],[127.020457,37.65494],[127.020798,37.654798],[127.020835,37.65459],[127.021358,37.654568],[127.021835,37.654182],[127.022054,37.654163],[127.022431,37.654382],[127.023584,37.654267],[127.023796,37.654132],[127.024416,37.65429],[127.024845,37.654233],[127.025248,37.654266],[127.025368,37.654613],[127.025396,37.655221],[127.025849,37.655488],[127.025881,37.656139],[127.025987,37.656661],[127.026233,37.656779],[127.026421,37.656672],[127.026715,37.656645],[127.026796,37.656828],[127.027141,37.657018],[127.027263,37.657014],[127.027438,37.657197],[127.027385,37.657399],[127.027576,37.657807],[127.027347,37.658393],[127.02715,37.658402],[127.027156,37.658438],[127.027245,37.658435],[127.028163,37.65906],[127.02893,37.659201],[127.029653,37.659675],[127.029837,37.659715],[127.030129,37.659733],[127.030739,37.659592],[127.031519,37.659545],[127.033236,37.659992],[127.033766,37.660188],[127.034786,37.660393],[127.036097,37.660967],[127.037272,37.661248],[127.037427,37.661558],[127.03756,37.66167],[127.03769,37.661687],[127.03766,37.661755],[127.041578,37.661727],[127.044609,37.66214],[127.045882,37.662193],[127.046434,37.662098],[127.051425,37.660704],[127.051478,37.662457],[127.051452,37.66302],[127.051171,37.663979],[127.050867,37.664823],[127.050277,37.665843],[127.049647,37.666557],[127.04893,37.667584],[127.048529,37.669175],[127.044996,37.669445],[127.043603,37.669597],[127.043636,37.669788],[127.042232,37.66994],[127.039581,37.669951],[127.039744,37.670872],[127.03982,37.671792],[127.039189,37.672119],[127.039239,37.671962],[127.038947,37.671935],[127.038411,37.672028],[127.038082,37.671896],[127.037955,37.671724],[127.037602,37.671457],[127.037152,37.671478],[127.036805,37.671583],[127.036407,37.671993],[127.035988,37.672831],[127.036111,37.67305],[127.036175,37.673081],[127.035919,37.673731],[127.035866,37.67413],[127.035207,37.674256],[127.034613,37.67411],[127.034517,37.673987],[127.034318,37.674086],[127.033517,37.674156],[127.033105,37.673628],[127.03261,37.673802],[127.032342,37.674507],[127.032052,37.674466],[127.03156,37.675154],[127.030832,37.674742],[127.030572,37.674005]]]}},{"type":"Feature","properties":{"dong":"11320_창동","sgg_cd":"11320","emd_cd":"11320107","umd_nm":"창동","gu_name":"도봉구"},"geometry":{"type":"Polygon","coordinates":[[[127.042266,37.661811],[127.04209,37.661174],[127.04178,37.66053],[127.032224,37.644474],[127.031591,37.643591],[127.030855,37.642868],[127.032419,37.641833],[127.032831,37.641408],[127.033416,37.640398],[127.034566,37.637783],[127.034776,37.637565],[127.035148,37.637274],[127.036066,37.636955],[127.036847,37.63675],[127.03733,37.636484],[127.037819,37.636038],[127.037871,37.635402],[127.038142,37.634258],[127.039762,37.632197],[127.040801,37.631548],[127.041717,37.630812],[127.042087,37.630678],[127.042526,37.63042],[127.042668,37.630908],[127.041658,37.631467],[127.042437,37.632276],[127.04257,37.632329],[127.042696,37.632614],[127.04352,37.633088],[127.043492,37.633251],[127.043738,37.63333],[127.044029,37.63364],[127.044205,37.634115],[127.04429,37.63418],[127.044241,37.634279],[127.044276,37.63444],[127.044419,37.634488],[127.044491,37.634819],[127.044461,37.634969],[127.04455,37.635158],[127.044599,37.635444],[127.044713,37.635539],[127.044834,37.635754],[127.044944,37.635801],[127.045037,37.636368],[127.044971,37.636558],[127.045104,37.636821],[127.045173,37.637118],[127.045296,37.637385],[127.045354,37.637398],[127.045305,37.637499],[127.045533,37.637727],[127.045996,37.637925],[127.046135,37.638648],[127.046263,37.638788],[127.046224,37.638859],[127.046458,37.639148],[127.046497,37.639282],[127.046656,37.639385],[127.046622,37.639499],[127.046747,37.63972],[127.046606,37.63981],[127.046575,37.639907],[127.046607,37.639996],[127.046459,37.640344],[127.046547,37.640926],[127.046483,37.641056],[127.046545,37.641145],[127.046715,37.641252],[127.047827,37.641189],[127.047797,37.641395],[127.048023,37.641586],[127.048484,37.641885],[127.0487,37.641936],[127.049045,37.642179],[127.049262,37.642686],[127.049373,37.642758],[127.049377,37.642868],[127.049694,37.643526],[127.050098,37.643622],[127.050243,37.643607],[127.050684,37.643809],[127.050505,37.644101],[127.050464,37.644326],[127.05033,37.644609],[127.050455,37.644838],[127.050898,37.644691],[127.051353,37.644816],[127.051544,37.644499],[127.051619,37.644129],[127.051738,37.643956],[127.051935,37.643439],[127.052415,37.642464],[127.052857,37.641796],[127.05369,37.640978],[127.054729,37.640137],[127.055776,37.640627],[127.055119,37.641334],[127.054995,37.642354],[127.055154,37.643475],[127.055657,37.644598],[127.05593,37.645957],[127.055822,37.647066],[127.055437,37.648239],[127.054663,37.649562],[127.053955,37.650577],[127.053837,37.651156],[127.053753,37.652099],[127.053932,37.653059],[127.054053,37.654489],[127.054007,37.655301],[127.053573,37.656151],[127.053601,37.65677],[127.053417,37.657505],[127.052541,37.658911],[127.051786,37.65992],[127.051192,37.659835],[127.05115,37.659935],[127.051106,37.660792],[127.046434,37.662098],[127.045994,37.662182],[127.044609,37.66214],[127.042266,37.661811]]]}},{"type":"Feature","properties":{"dong":"11320_도봉동","sgg_cd":"11320","emd_cd":"11320108","umd_nm":"도봉동","gu_name":"도봉구"},"geometry":{"type":"Polygon","coordinates":[[[127.030572,37.674005],[127.030832,37.674742],[127.03156,37.675154],[127.032052,37.674466],[127.032342,37.674507],[127.03261,37.673802],[127.033105,37.673628],[127.033517,37.674156],[127.034318,37.674086],[127.034517,37.673987],[127.034613,37.67411],[127.035207,37.674256],[127.035866,37.67413],[127.035919,37.673731],[127.036175,37.673081],[127.036111,37.67305],[127.035988,37.672831],[127.036407,37.671993],[127.036805,37.671583],[127.037152,37.671478],[127.037602,37.671457],[127.037955,37.671724],[127.038082,37.671896],[127.038411,37.672028],[127.038947,37.671935],[127.039239,37.671962],[127.039189,37.672119],[127.03982,37.671792],[127.039744,37.670872],[127.039581,37.669951],[127.042232,37.66994],[127.043636,37.669788],[127.043603,37.669597],[127.044996,37.669445],[127.048529,37.669175],[127.048184,37.670478],[127.048164,37.671188],[127.048337,37.672371],[127.048775,37.673826],[127.048738,37.674795],[127.048865,37.675182],[127.049739,37.676731],[127.049974,37.677411],[127.050134,37.678395],[127.050403,37.67917],[127.050917,37.680088],[127.051061,37.680773],[127.051232,37.681998],[127.051801,37.682601],[127.051802,37.684419],[127.051858,37.684512],[127.051803,37.684732],[127.051803,37.685813],[127.051368,37.685921],[127.050921,37.686158],[127.050643,37.686507],[127.049985,37.68761],[127.04982,37.687977],[127.049751,37.689207],[127.050013,37.690419],[127.049966,37.69087],[127.049366,37.691689],[127.04892,37.692811],[127.048632,37.694063],[127.048211,37.693945],[127.048141,37.693716],[127.047815,37.693289],[127.047526,37.693313],[127.047274,37.693008],[127.047078,37.693002],[127.046755,37.692717],[127.046523,37.692683],[127.045969,37.692466],[127.045973,37.692429],[127.04565,37.69237],[127.044904,37.692405],[127.044817,37.692936],[127.044531,37.693072],[127.044065,37.693126],[127.04389,37.693422],[127.04375,37.693506],[127.043037,37.693622],[127.043355,37.694072],[127.043398,37.694401],[127.043286,37.694769],[127.043072,37.695231],[127.04233,37.695054],[127.042021,37.695071],[127.041813,37.695382],[127.041108,37.695299],[127.040836,37.695079],[127.039997,37.694684],[127.039913,37.694081],[127.03895,37.693982],[127.038807,37.693629],[127.038498,37.693286],[127.037528,37.69322],[127.037002,37.692945],[127.036763,37.69264],[127.035776,37.692374],[127.035625,37.692491],[127.034928,37.692308],[127.034259,37.692225],[127.033962,37.691998],[127.033596,37.692021],[127.032414,37.691839],[127.03217,37.692815],[127.032026,37.69295],[127.03154,37.692828],[127.031026,37.693074],[127.030972,37.693556],[127.030827,37.693689],[127.030454,37.694775],[127.030166,37.695198],[127.029729,37.696272],[127.029601,37.698175],[127.029285,37.699291],[127.028991,37.699658],[127.028313,37.70016],[127.027687,37.700937],[127.027022,37.701115],[127.026898,37.700251],[127.025315,37.69958],[127.023388,37.70007],[127.022148,37.69972],[127.019827,37.701017],[127.015415,37.701455],[127.014961,37.700428],[127.013878,37.6988],[127.012124,37.697377],[127.009666,37.696699],[127.009711,37.693363],[127.007621,37.691618],[127.008293,37.690115],[127.008327,37.688506],[127.008588,37.68744],[127.00844,37.685431],[127.008666,37.684485],[127.008648,37.683947],[127.008418,37.683235],[127.008712,37.682259],[127.008993,37.681636],[127.008867,37.6806],[127.009365,37.679581],[127.011416,37.679177],[127.012121,37.679092],[127.01236,37.678703],[127.012723,37.678409],[127.013293,37.67783],[127.013454,37.677181],[127.013785,37.67647],[127.013824,37.67618],[127.013962,37.675835],[127.013846,37.675573],[127.013883,37.675238],[127.014352,37.674803],[127.01456,37.674762],[127.014811,37.674312],[127.015098,37.674141],[127.015582,37.674057],[127.016101,37.673864],[127.016219,37.673923],[127.016665,37.672894],[127.017001,37.672597],[127.017107,37.672604],[127.017173,37.67246],[127.0173,37.672393],[127.017397,37.67212],[127.017292,37.671913],[127.017359,37.671612],[127.017579,37.671431],[127.017632,37.671185],[127.01784,37.671027],[127.017926,37.670752],[127.018233,37.670653],[127.018696,37.670859],[127.018886,37.671119],[127.019376,37.67131],[127.019571,37.671264],[127.019888,37.671387],[127.020164,37.671685],[127.020262,37.671588],[127.020505,37.671543],[127.020768,37.672029],[127.020978,37.672048],[127.021472,37.671896],[127.021631,37.671742],[127.022358,37.671843],[127.022799,37.671591],[127.023094,37.672191],[127.023886,37.672324],[127.024914,37.672424],[127.025116,37.672498],[127.02514,37.672821],[127.025767,37.673067],[127.025825,37.673281],[127.02637,37.67351],[127.026628,37.673682],[127.027084,37.673372],[127.028634,37.673371],[127.029157,37.67361],[127.029516,37.674038],[127.03036,37.673815],[127.030572,37.674005]]]}},{"type":"Feature","properties":{"dong":"11350_월계동","sgg_cd":"11350","emd_cd":"11350102","umd_nm":"월계동","gu_name":"노원구"},"geometry":{"type":"Polygon","coordinates":[[[127.055778,37.640625],[127.054731,37.640134],[127.053698,37.640974],[127.052853,37.641807],[127.052326,37.642613],[127.051626,37.644127],[127.051543,37.644497],[127.051356,37.644815],[127.05117,37.644762],[127.051113,37.64491],[127.051056,37.64489],[127.051165,37.644683],[127.051093,37.644672],[127.050747,37.644793],[127.050482,37.644825],[127.050372,37.64459],[127.050548,37.644254],[127.050542,37.644101],[127.050703,37.643804],[127.050253,37.643601],[127.050096,37.64362],[127.049933,37.643527],[127.049758,37.643513],[127.049427,37.642725],[127.049311,37.642668],[127.049064,37.642145],[127.048789,37.641926],[127.048547,37.641845],[127.047773,37.641412],[127.0478,37.641208],[127.046749,37.641192],[127.046594,37.641117],[127.046545,37.641001],[127.046503,37.640299],[127.046651,37.640043],[127.046612,37.639884],[127.046648,37.639803],[127.046784,37.639702],[127.046667,37.639477],[127.046694,37.639368],[127.046517,37.639242],[127.046467,37.63911],[127.046248,37.638849],[127.046282,37.638772],[127.046198,37.638647],[127.046025,37.637899],[127.045555,37.637676],[127.045453,37.637524],[127.045356,37.63747],[127.045369,37.637368],[127.045289,37.63731],[127.045152,37.636835],[127.04504,37.63669],[127.045051,37.636043],[127.044988,37.635933],[127.045026,37.635864],[127.044956,37.635818],[127.044969,37.635661],[127.044861,37.635603],[127.044788,37.635474],[127.044643,37.635362],[127.044518,37.63484],[127.044562,37.634776],[127.044446,37.634418],[127.044339,37.634369],[127.044323,37.634092],[127.044189,37.633937],[127.044163,37.633971],[127.044164,37.633816],[127.044124,37.633742],[127.044028,37.633701],[127.043924,37.633474],[127.043749,37.633321],[127.043484,37.633254],[127.043513,37.633092],[127.043088,37.632813],[127.042691,37.632621],[127.042566,37.632323],[127.042426,37.632266],[127.041658,37.631467],[127.042645,37.630905],[127.042515,37.630614],[127.043295,37.630015],[127.043844,37.629388],[127.044406,37.628938],[127.045114,37.628531],[127.047121,37.627536],[127.047604,37.627123],[127.048103,37.62647],[127.048693,37.625867],[127.049005,37.625382],[127.049257,37.624849],[127.049663,37.624337],[127.050236,37.623871],[127.050524,37.623553],[127.051267,37.623064],[127.051761,37.622569],[127.05224,37.622239],[127.052074,37.622158],[127.052706,37.621606],[127.054034,37.620133],[127.054389,37.619809],[127.055929,37.618915],[127.057421,37.617481],[127.059008,37.616553],[127.060209,37.615965],[127.060666,37.615662],[127.061089,37.614938],[127.061467,37.614634],[127.061749,37.614499],[127.062026,37.61443],[127.063247,37.614269],[127.064579,37.6147],[127.065871,37.61501],[127.069712,37.615724],[127.070208,37.61531],[127.0701,37.616138],[127.070215,37.616077],[127.070287,37.616098],[127.070263,37.617119],[127.070341,37.618882],[127.070315,37.619134],[127.070816,37.620175],[127.070724,37.620722],[127.070729,37.621132],[127.070404,37.62199],[127.070122,37.622577],[127.069507,37.624327],[127.069259,37.624742],[127.068754,37.625289],[127.066962,37.626663],[127.065071,37.627933],[127.06446,37.62855],[127.064393,37.62917],[127.064386,37.631059],[127.064251,37.631538],[127.063765,37.632633],[127.062503,37.633594],[127.060307,37.635144],[127.059493,37.636205],[127.059455,37.636424],[127.059252,37.636687],[127.058355,37.637544],[127.057851,37.638205],[127.057668,37.638746],[127.055778,37.640625]]]}},{"type":"Feature","properties":{"dong":"11350_공릉동","sgg_cd":"11350","emd_cd":"11350103","umd_nm":"공릉동","gu_name":"노원구"},"geometry":{"type":"Polygon","coordinates":[[[127.064387,37.630677],[127.064393,37.62917],[127.06446,37.62855],[127.065071,37.627933],[127.066962,37.626663],[127.068754,37.625289],[127.069259,37.624742],[127.069507,37.624327],[127.070122,37.622577],[127.070404,37.62199],[127.070729,37.621132],[127.070724,37.620722],[127.070816,37.620175],[127.070315,37.619134],[127.070341,37.618882],[127.070263,37.617119],[127.070287,37.616098],[127.070215,37.616077],[127.0701,37.616138],[127.070192,37.615462],[127.071143,37.615938],[127.071062,37.616145],[127.071092,37.616102],[127.071086,37.616205],[127.071171,37.616306],[127.071381,37.616401],[127.071955,37.616538],[127.071976,37.616475],[127.074161,37.616834],[127.074214,37.616918],[127.07441,37.617029],[127.074563,37.617002],[127.075003,37.617125],[127.075534,37.61716],[127.076529,37.617458],[127.076515,37.617496],[127.077498,37.617825],[127.077573,37.617739],[127.077732,37.617865],[127.077694,37.617902],[127.079114,37.61839],[127.079429,37.618369],[127.080075,37.618561],[127.080075,37.618241],[127.080616,37.618418],[127.081401,37.61914],[127.081924,37.619186],[127.082427,37.619336],[127.082776,37.619337],[127.083453,37.619569],[127.083839,37.61965],[127.083787,37.619778],[127.084948,37.620096],[127.086073,37.620292],[127.086961,37.620234],[127.088231,37.619875],[127.08835,37.619919],[127.088707,37.62024],[127.089452,37.619647],[127.089721,37.619519],[127.089751,37.619549],[127.090567,37.619289],[127.09087,37.619121],[127.091384,37.618959],[127.092331,37.618348],[127.093216,37.618002],[127.09325,37.618081],[127.093666,37.618066],[127.094449,37.618988],[127.094928,37.61901],[127.095547,37.619174],[127.096195,37.61902],[127.096615,37.619432],[127.096651,37.619561],[127.098486,37.620203],[127.098817,37.620394],[127.099644,37.619892],[127.099584,37.620003],[127.099661,37.619912],[127.100802,37.619487],[127.100871,37.619404],[127.101167,37.619469],[127.101675,37.619471],[127.10179,37.619683],[127.101692,37.620024],[127.1032,37.620114],[127.103406,37.620256],[127.103659,37.620233],[127.10405,37.620064],[127.10484,37.620082],[127.105678,37.620388],[127.105383,37.620901],[127.104938,37.621416],[127.104909,37.621567],[127.104066,37.621653],[127.104328,37.62327],[127.104914,37.623982],[127.105015,37.625265],[127.105402,37.625727],[127.105963,37.62733],[127.105906,37.627595],[127.107025,37.628048],[127.108885,37.629301],[127.110153,37.630355],[127.110825,37.630782],[127.111371,37.631227],[127.111632,37.631503],[127.112203,37.632642],[127.111602,37.633848],[127.112407,37.634251],[127.112347,37.634756],[127.112549,37.635251],[127.112252,37.635564],[127.112213,37.636284],[127.112483,37.636489],[127.112299,37.63687],[127.111951,37.637355],[127.111454,37.638222],[127.111184,37.638308],[127.110886,37.638257],[127.110763,37.638764],[127.11062,37.638736],[127.110549,37.639126],[127.110634,37.639312],[127.111051,37.639726],[127.111151,37.639763],[127.111709,37.639743],[127.112024,37.639827],[127.112285,37.640181],[127.112094,37.640295],[127.111787,37.640579],[127.111615,37.641247],[127.111576,37.64122],[127.111444,37.641335],[127.111505,37.641656],[127.111498,37.641958],[127.11124,37.642395],[127.11081,37.642524],[127.110087,37.642282],[127.109758,37.642501],[127.109323,37.642694],[127.108931,37.643332],[127.108006,37.64446],[127.107857,37.644699],[127.106767,37.645172],[127.105359,37.645195],[127.105216,37.645314],[127.105081,37.645345],[127.104682,37.645252],[127.104223,37.645288],[127.102809,37.645225],[127.101593,37.644772],[127.099772,37.644464],[127.098908,37.644034],[127.097559,37.643964],[127.09457,37.64457],[127.094562,37.644165],[127.094719,37.64371],[127.094463,37.643474],[127.094338,37.643253],[127.094118,37.64254],[127.093384,37.642503],[127.09235,37.642343],[127.091492,37.642087],[127.091412,37.641514],[127.091158,37.641276],[127.090604,37.640983],[127.090178,37.641058],[127.089363,37.640847],[127.088821,37.64083],[127.088432,37.640907],[127.08793,37.641079],[127.087144,37.641021],[127.086637,37.640809],[127.086134,37.641044],[127.085707,37.640964],[127.085635,37.640847],[127.084972,37.640672],[127.084291,37.640356],[127.083733,37.640271],[127.082863,37.639432],[127.082353,37.639092],[127.082313,37.638589],[127.082016,37.638411],[127.081885,37.638285],[127.081779,37.638076],[127.081611,37.637039],[127.080868,37.636168],[127.079807,37.635385],[127.078574,37.634761],[127.078176,37.634703],[127.077955,37.634522],[127.077905,37.634297],[127.077757,37.634259],[127.077572,37.633496],[127.077453,37.633241],[127.076988,37.632945],[127.076845,37.632566],[127.076931,37.632197],[127.076639,37.631332],[127.076544,37.631179],[127.076589,37.630994],[127.076547,37.630914],[127.076434,37.630854],[127.075883,37.630714],[127.07567,37.630739],[127.075286,37.63091],[127.075089,37.63081],[127.075438,37.630761],[127.075428,37.630694],[127.073733,37.630937],[127.073408,37.631077],[127.073149,37.631286],[127.073004,37.631492],[127.072844,37.631857],[127.071221,37.631417],[127.071501,37.631313],[127.071328,37.63108],[127.071222,37.631063],[127.070434,37.631368],[127.069787,37.631473],[127.068626,37.63146],[127.064387,37.630677]]]}},{"type":"Feature","properties":{"dong":"11350_하계동","sgg_cd":"11350","emd_cd":"11350104","umd_nm":"하계동","gu_name":"노원구"},"geometry":{"type":"Polygon","coordinates":[[[127.077987,37.645743],[127.077122,37.646109],[127.076829,37.646192],[127.076696,37.646184],[127.076619,37.644443],[127.075082,37.644499],[127.074227,37.646301],[127.070753,37.645279],[127.071831,37.643094],[127.070326,37.642416],[127.069843,37.642247],[127.070323,37.641241],[127.070215,37.641053],[127.070235,37.640965],[127.068823,37.640565],[127.069346,37.639399],[127.061347,37.637132],[127.061055,37.637641],[127.060899,37.638208],[127.060871,37.638498],[127.060721,37.638763],[127.060585,37.63938],[127.060306,37.639413],[127.059941,37.638726],[127.059851,37.638675],[127.059874,37.638613],[127.059652,37.638236],[127.05951,37.63784],[127.059526,37.637738],[127.059674,37.637503],[127.059551,37.637044],[127.059252,37.636687],[127.059455,37.636424],[127.059493,37.636205],[127.060307,37.635144],[127.062503,37.633594],[127.063765,37.632633],[127.064251,37.631538],[127.064386,37.631059],[127.064387,37.630677],[127.067056,37.631197],[127.06777,37.63129],[127.068344,37.63142],[127.069005,37.631488],[127.069551,37.631494],[127.070434,37.631368],[127.071222,37.631063],[127.071328,37.63108],[127.071501,37.631313],[127.071221,37.631417],[127.072844,37.631857],[127.073004,37.631492],[127.073194,37.63124],[127.073468,37.631043],[127.073803,37.630919],[127.075428,37.630694],[127.075438,37.630761],[127.075089,37.63081],[127.075286,37.63091],[127.07567,37.630739],[127.075883,37.630714],[127.076547,37.630914],[127.076589,37.630994],[127.076544,37.631179],[127.076639,37.631332],[127.076931,37.632197],[127.076845,37.632566],[127.076988,37.632945],[127.077453,37.633241],[127.077572,37.633496],[127.077757,37.634259],[127.077905,37.634297],[127.077955,37.634522],[127.078176,37.634703],[127.078574,37.634761],[127.079807,37.635385],[127.080868,37.636168],[127.081611,37.637039],[127.081779,37.638076],[127.081885,37.638285],[127.082016,37.638411],[127.082313,37.638589],[127.082353,37.639092],[127.082863,37.639432],[127.083733,37.640271],[127.083515,37.640495],[127.083466,37.640723],[127.083165,37.640892],[127.082968,37.641122],[127.08274,37.641205],[127.082228,37.641604],[127.081911,37.642139],[127.081679,37.642338],[127.081452,37.642722],[127.081128,37.642811],[127.081043,37.642913],[127.081044,37.643255],[127.080899,37.643407],[127.080918,37.643727],[127.07997,37.644186],[127.079701,37.644252],[127.07922,37.643966],[127.078648,37.64424],[127.077987,37.645743]]]}},{"type":"Feature","properties":{"dong":"11350_상계동","sgg_cd":"11350","emd_cd":"11350105","umd_nm":"상계동","gu_name":"노원구"},"geometry":{"type":"Polygon","coordinates":[[[127.095411,37.663889],[127.09468,37.664921],[127.094581,37.666172],[127.094979,37.6676],[127.096237,37.668829],[127.096447,37.669689],[127.096013,37.670079],[127.095749,37.670619],[127.095806,37.67116],[127.09572,37.671347],[127.096019,37.67185],[127.095751,37.672673],[127.095147,37.672891],[127.094919,37.673083],[127.094615,37.673536],[127.093963,37.675617],[127.094014,37.675797],[127.093886,37.676143],[127.093854,37.676659],[127.09353,37.676738],[127.09334,37.676883],[127.092968,37.677345],[127.092614,37.677474],[127.09248,37.677643],[127.09219,37.67803],[127.091941,37.678692],[127.091947,37.67919],[127.092174,37.679209],[127.092531,37.679517],[127.092795,37.680045],[127.092967,37.681197],[127.092919,37.681551],[127.093392,37.682189],[127.094149,37.68308],[127.094288,37.683418],[127.09581,37.68464],[127.096045,37.685196],[127.096423,37.685637],[127.096425,37.686264],[127.096295,37.687169],[127.096081,37.687907],[127.095585,37.688395],[127.095996,37.689071],[127.095097,37.689384],[127.094289,37.689131],[127.093037,37.689966],[127.092384,37.689933],[127.090552,37.68957],[127.088454,37.689902],[127.086531,37.689912],[127.085177,37.69039],[127.083905,37.691782],[127.083843,37.694269],[127.081105,37.696137],[127.078196,37.695986],[127.074907,37.695219],[127.074486,37.695009],[127.07393,37.694644],[127.073398,37.694101],[127.072658,37.693799],[127.070879,37.6937],[127.070644,37.693811],[127.069823,37.693981],[127.069557,37.693789],[127.069151,37.693689],[127.069028,37.693868],[127.068548,37.694],[127.068298,37.694357],[127.068028,37.694481],[127.067827,37.694773],[127.067577,37.69468],[127.066308,37.694441],[127.065325,37.694763],[127.064585,37.694554],[127.063386,37.694922],[127.062732,37.694676],[127.062394,37.693546],[127.062367,37.693024],[127.062209,37.692805],[127.061742,37.692572],[127.061667,37.692414],[127.061209,37.692169],[127.060616,37.691273],[127.05966,37.690332],[127.05839,37.689685],[127.05719,37.689632],[127.056177,37.689204],[127.055179,37.689204],[127.05469,37.688718],[127.052808,37.687681],[127.052227,37.68742],[127.051804,37.687066],[127.051803,37.685805],[127.052202,37.684971],[127.052356,37.684332],[127.052134,37.682947],[127.051223,37.681997],[127.051063,37.680778],[127.050921,37.680094],[127.050398,37.679181],[127.050118,37.678395],[127.049943,37.677414],[127.049707,37.676718],[127.048844,37.675152],[127.048735,37.674792],[127.048751,37.673809],[127.04832,37.672342],[127.048158,37.671188],[127.048191,37.670496],[127.048907,37.667584],[127.04967,37.66655],[127.050314,37.665812],[127.050884,37.664797],[127.051165,37.663979],[127.051635,37.663979],[127.051704,37.661464],[127.051786,37.660979],[127.051786,37.659948],[127.052529,37.658943],[127.053407,37.657517],[127.053594,37.65677],[127.053578,37.656132],[127.054006,37.6553],[127.054055,37.654482],[127.053993,37.653722],[127.05394,37.653165],[127.053734,37.652058],[127.053822,37.651127],[127.053951,37.650546],[127.054191,37.650151],[127.054646,37.649561],[127.05544,37.64824],[127.055826,37.647049],[127.055872,37.646634],[127.055644,37.644597],[127.055151,37.64346],[127.054994,37.642355],[127.055128,37.641322],[127.056153,37.640221],[127.056802,37.639635],[127.057668,37.638746],[127.057851,37.638205],[127.058355,37.637544],[127.059252,37.636687],[127.059551,37.637044],[127.059674,37.637503],[127.059526,37.637738],[127.05951,37.63784],[127.059591,37.638105],[127.059776,37.638448],[127.059574,37.638682],[127.059657,37.638907],[127.060243,37.639576],[127.060586,37.64067],[127.061045,37.641789],[127.060969,37.642351],[127.061082,37.643964],[127.061136,37.644431],[127.061426,37.645101],[127.061646,37.64544],[127.06231,37.645954],[127.062907,37.646224],[127.063746,37.646868],[127.064318,37.647416],[127.064963,37.64822],[127.065572,37.649114],[127.066123,37.649556],[127.067179,37.649789],[127.067884,37.650107],[127.068483,37.650441],[127.069425,37.651261],[127.069965,37.651619],[127.070805,37.652501],[127.071666,37.653736],[127.071841,37.654162],[127.07197,37.654698],[127.072032,37.655669],[127.071913,37.657915],[127.071928,37.658345],[127.072035,37.658741],[127.071982,37.658734],[127.072054,37.659018],[127.072705,37.659674],[127.072839,37.65975],[127.073325,37.660366],[127.074453,37.661443],[127.074454,37.661885],[127.07436,37.66182],[127.074281,37.661905],[127.075239,37.662737],[127.075777,37.662754],[127.076513,37.662437],[127.077719,37.662315],[127.07877,37.662285],[127.080896,37.662566],[127.081206,37.662768],[127.081624,37.662649],[127.082901,37.662679],[127.083972,37.663472],[127.084723,37.664262],[127.088916,37.664612],[127.091732,37.664117],[127.095411,37.663889]]]}},{"type":"Feature","properties":{"dong":"11350_중계동","sgg_cd":"11350","emd_cd":"11350106","umd_nm":"중계동","gu_name":"노원구"},"geometry":{"type":"Polygon","coordinates":[[[127.075717,37.662752],[127.075239,37.662737],[127.074281,37.661905],[127.07436,37.66182],[127.074454,37.661885],[127.074453,37.661443],[127.073325,37.660366],[127.072839,37.65975],[127.072705,37.659674],[127.072054,37.659018],[127.071982,37.658734],[127.072035,37.658741],[127.071928,37.658345],[127.071913,37.657915],[127.072032,37.655669],[127.07197,37.654698],[127.071841,37.654162],[127.071666,37.653736],[127.070805,37.652501],[127.069965,37.651619],[127.069425,37.651261],[127.068483,37.650441],[127.067884,37.650107],[127.067179,37.649789],[127.066123,37.649556],[127.065572,37.649114],[127.064963,37.64822],[127.064318,37.647416],[127.063746,37.646868],[127.062907,37.646224],[127.06231,37.645954],[127.061646,37.64544],[127.061426,37.645101],[127.061136,37.644431],[127.061082,37.643964],[127.060969,37.642351],[127.061045,37.641789],[127.060586,37.64067],[127.060243,37.639576],[127.059657,37.638907],[127.059574,37.638682],[127.059776,37.638448],[127.059874,37.638613],[127.059851,37.638675],[127.059941,37.638726],[127.060306,37.639413],[127.060585,37.63938],[127.060721,37.638763],[127.060871,37.638498],[127.060899,37.638208],[127.061055,37.637641],[127.061347,37.637132],[127.069346,37.639399],[127.068823,37.640565],[127.070235,37.640965],[127.070215,37.641053],[127.070323,37.641241],[127.069843,37.642247],[127.070326,37.642416],[127.071831,37.643094],[127.070753,37.645279],[127.074227,37.646301],[127.075082,37.644499],[127.076619,37.644443],[127.076696,37.646184],[127.076829,37.646192],[127.077122,37.646109],[127.077987,37.645743],[127.078648,37.64424],[127.07922,37.643966],[127.079701,37.644252],[127.07997,37.644186],[127.080918,37.643727],[127.080899,37.643407],[127.081044,37.643255],[127.081043,37.642913],[127.081128,37.642811],[127.081452,37.642722],[127.081679,37.642338],[127.081911,37.642139],[127.082228,37.641604],[127.08274,37.641205],[127.082968,37.641122],[127.083165,37.640892],[127.083466,37.640723],[127.083515,37.640495],[127.083733,37.640271],[127.084291,37.640356],[127.084972,37.640672],[127.085635,37.640847],[127.085707,37.640964],[127.086134,37.641044],[127.086637,37.640809],[127.087144,37.641021],[127.08793,37.641079],[127.088432,37.640907],[127.088821,37.64083],[127.089363,37.640847],[127.090178,37.641058],[127.090604,37.640983],[127.091158,37.641276],[127.091412,37.641514],[127.091492,37.642087],[127.09235,37.642343],[127.093384,37.642503],[127.094118,37.64254],[127.094338,37.643253],[127.094463,37.643474],[127.094719,37.64371],[127.094562,37.644165],[127.09457,37.64457],[127.094381,37.644956],[127.094538,37.645505],[127.094475,37.64585],[127.094049,37.646111],[127.093632,37.646625],[127.093834,37.647322],[127.093673,37.647506],[127.093069,37.647837],[127.092917,37.648361],[127.092694,37.64858],[127.092637,37.648972],[127.092716,37.649346],[127.092466,37.649709],[127.093266,37.650617],[127.093346,37.65086],[127.093367,37.651227],[127.093725,37.6519],[127.094,37.652295],[127.094041,37.65254],[127.094008,37.652728],[127.093916,37.652961],[127.093066,37.653782],[127.092867,37.654453],[127.092352,37.655491],[127.091891,37.657435],[127.091132,37.658243],[127.091207,37.659334],[127.092174,37.660792],[127.093257,37.661974],[127.094142,37.663298],[127.095411,37.663889],[127.091732,37.664117],[127.088916,37.664612],[127.084723,37.664262],[127.083972,37.663472],[127.082901,37.662679],[127.081624,37.662649],[127.081206,37.662768],[127.080896,37.662566],[127.07877,37.662285],[127.077719,37.662315],[127.076513,37.662437],[127.075717,37.662752]]]}},{"type":"Feature","properties":{"dong":"11380_수색동","sgg_cd":"11380","emd_cd":"11380101","umd_nm":"수색동","gu_name":"은평구"},"geometry":{"type":"Polygon","coordinates":[[[126.882031,37.590817],[126.885736,37.587175],[126.886722,37.586343],[126.888887,37.584649],[126.897149,37.579349],[126.902084,37.576005],[126.902635,37.57639],[126.90183,37.576546],[126.902057,37.576757],[126.898976,37.578995],[126.899046,37.57928],[126.899247,37.579167],[126.899293,37.579377],[126.900046,37.579576],[126.900144,37.579533],[126.900235,37.579627],[126.900196,37.579666],[126.900359,37.579753],[126.900266,37.579879],[126.90029,37.579903],[126.901063,37.580243],[126.901027,37.580285],[126.901089,37.580339],[126.902359,37.580695],[126.902376,37.580805],[126.902246,37.581076],[126.901841,37.581145],[126.901988,37.581232],[126.90187,37.581762],[126.901945,37.582218],[126.90217,37.582556],[126.90213,37.583019],[126.901935,37.583381],[126.901992,37.583774],[126.90155,37.584615],[126.901603,37.584857],[126.90155,37.585155],[126.901779,37.585735],[126.902022,37.585969],[126.902165,37.586254],[126.902246,37.586624],[126.902514,37.587014],[126.903007,37.587623],[126.903465,37.587868],[126.903625,37.588117],[126.902712,37.588538],[126.902444,37.588732],[126.901296,37.589025],[126.900904,37.58922],[126.90054,37.589138],[126.900293,37.589231],[126.899644,37.589817],[126.898082,37.589539],[126.897962,37.58909],[126.897572,37.588962],[126.896859,37.588566],[126.896414,37.588738],[126.895954,37.588734],[126.895231,37.588864],[126.894267,37.58882],[126.89384,37.589071],[126.893328,37.589067],[126.892235,37.588522],[126.891766,37.58853],[126.891444,37.588465],[126.890936,37.588566],[126.890224,37.588924],[126.889579,37.589132],[126.889253,37.588827],[126.888343,37.588795],[126.887608,37.588667],[126.887323,37.588524],[126.887159,37.588532],[126.886557,37.589162],[126.885754,37.589565],[126.885871,37.589806],[126.88588,37.589937],[126.885814,37.590019],[126.885776,37.590518],[126.885714,37.590807],[126.88563,37.590905],[126.885489,37.59097],[126.885466,37.591103],[126.885611,37.591523],[126.885769,37.591748],[126.886144,37.5921],[126.886215,37.592328],[126.88627,37.592308],[126.886563,37.592706],[126.886715,37.593173],[126.887181,37.593678],[126.887337,37.593919],[126.886733,37.593807],[126.886365,37.593954],[126.885796,37.593953],[126.88541,37.593882],[126.885188,37.593731],[126.885139,37.59375],[126.885004,37.593639],[126.884334,37.592719],[126.883575,37.591852],[126.883348,37.591787],[126.882681,37.591376],[126.882323,37.591126],[126.882031,37.590817]]]}},{"type":"Feature","properties":{"dong":"11380_녹번동","sgg_cd":"11380","emd_cd":"11380102","umd_nm":"녹번동","gu_name":"은평구"},"geometry":{"type":"Polygon","coordinates":[[[126.948164,37.608634],[126.947438,37.609446],[126.94752,37.609521],[126.946988,37.610141],[126.946114,37.610575],[126.944139,37.610356],[126.943431,37.610063],[126.942582,37.610264],[126.941604,37.610669],[126.940937,37.610709],[126.939094,37.610607],[126.937712,37.610035],[126.936963,37.609814],[126.935679,37.609758],[126.933016,37.609363],[126.932835,37.609389],[126.931395,37.608732],[126.930006,37.608398],[126.929222,37.608352],[126.928515,37.608425],[126.927689,37.608917],[126.927173,37.609075],[126.92656,37.608839],[126.926181,37.608599],[126.925834,37.608281],[126.925328,37.607989],[126.924849,37.607819],[126.924246,37.607516],[126.923517,37.607262],[126.922742,37.606454],[126.922658,37.605478],[126.920765,37.601706],[126.922413,37.601578],[126.926413,37.60242],[126.926642,37.602405],[126.92705,37.602083],[126.927422,37.601886],[126.928145,37.601679],[126.929925,37.601513],[126.930365,37.601409],[126.930756,37.601427],[126.934795,37.601045],[126.93531,37.600822],[126.935803,37.600789],[126.936344,37.599808],[126.938388,37.597951],[126.938724,37.597504],[126.939675,37.597951],[126.940883,37.598697],[126.941403,37.600656],[126.941093,37.60112],[126.940099,37.601792],[126.939846,37.601867],[126.939814,37.60278],[126.939972,37.603095],[126.941237,37.603149],[126.942138,37.604957],[126.943672,37.60506],[126.943708,37.60624],[126.943813,37.606313],[126.944163,37.606313],[126.944163,37.606485],[126.945355,37.606961],[126.94618,37.607404],[126.946998,37.608138],[126.948164,37.608634]]]}},{"type":"Feature","properties":{"dong":"11380_불광동","sgg_cd":"11380","emd_cd":"11380103","umd_nm":"불광동","gu_name":"은평구"},"geometry":{"type":"Polygon","coordinates":[[[126.91946,37.628195],[126.919608,37.627922],[126.919655,37.627922],[126.919805,37.627758],[126.920247,37.626195],[126.920267,37.62557],[126.920146,37.624354],[126.920139,37.624318],[126.91996,37.624318],[126.919741,37.622133],[126.920099,37.62048],[126.92046,37.61974],[126.920607,37.619626],[126.921134,37.618913],[126.921406,37.61876],[126.9219,37.618092],[126.922726,37.617141],[126.922852,37.617125],[126.923528,37.6165],[126.924142,37.616063],[126.924554,37.615942],[126.924726,37.615842],[126.925084,37.6154],[126.925531,37.615152],[126.925859,37.614903],[126.928321,37.61204],[126.928987,37.611524],[126.929133,37.611292],[126.930012,37.610375],[126.930674,37.609559],[126.931445,37.608763],[126.932835,37.609389],[126.933016,37.609363],[126.935679,37.609758],[126.936963,37.609814],[126.937712,37.610035],[126.939094,37.610607],[126.940937,37.610709],[126.941604,37.610669],[126.942582,37.610264],[126.943431,37.610063],[126.944139,37.610356],[126.946114,37.610575],[126.946988,37.610141],[126.94752,37.609521],[126.947438,37.609446],[126.948164,37.608634],[126.94868,37.609042],[126.948842,37.609471],[126.949058,37.609815],[126.949644,37.610266],[126.950323,37.610616],[126.949786,37.611655],[126.950426,37.61289],[126.950694,37.613518],[126.950744,37.613864],[126.950539,37.615119],[126.950679,37.615527],[126.950423,37.616078],[126.9501,37.617672],[126.949813,37.618769],[126.949775,37.619297],[126.949902,37.619893],[126.949916,37.620932],[126.949243,37.622299],[126.948897,37.623251],[126.949004,37.624335],[126.949656,37.625287],[126.948865,37.625837],[126.947504,37.626031],[126.946888,37.62577],[126.945979,37.625971],[126.944533,37.626075],[126.944148,37.625767],[126.942225,37.626071],[126.941489,37.626139],[126.940679,37.626057],[126.938281,37.626007],[126.937789,37.626137],[126.936191,37.626153],[126.9357,37.626389],[126.934011,37.626673],[126.93259,37.626405],[126.932031,37.626396],[126.93179,37.626661],[126.931745,37.626887],[126.931229,37.627831],[126.930994,37.62801],[126.930718,37.628127],[126.930023,37.628244],[126.929978,37.628296],[126.929899,37.628258],[126.928577,37.628833],[126.928304,37.628813],[126.927323,37.629054],[126.927182,37.629253],[126.926915,37.629482],[126.926737,37.629455],[126.926628,37.629536],[126.925974,37.629508],[126.925425,37.629573],[126.924997,37.629757],[126.924382,37.629454],[126.923613,37.62932],[126.923181,37.628999],[126.92252,37.628334],[126.922027,37.628464],[126.920142,37.62836],[126.919692,37.628279],[126.919696,37.628191],[126.91946,37.628195]]]}},{"type":"Feature","properties":{"dong":"11380_갈현동","sgg_cd":"11380","emd_cd":"11380104","umd_nm":"갈현동","gu_name":"은평구"},"geometry":{"type":"Polygon","coordinates":[[[126.905214,37.619868],[126.905928,37.619206],[126.905858,37.619178],[126.906807,37.617318],[126.907208,37.616781],[126.909219,37.615179],[126.909314,37.615096],[126.909414,37.61486],[126.909908,37.61444],[126.910287,37.614234],[126.915191,37.612475],[126.917168,37.611282],[126.917293,37.611301],[126.917913,37.61501],[126.920155,37.618362],[126.920585,37.618646],[126.921273,37.618836],[126.921134,37.618913],[126.920607,37.619626],[126.92046,37.61974],[126.920166,37.620283],[126.919741,37.622133],[126.91996,37.624318],[126.920139,37.624318],[126.92027,37.625676],[126.9202,37.626456],[126.919805,37.627758],[126.919655,37.627922],[126.919608,37.627922],[126.919434,37.628204],[126.919124,37.62822],[126.918535,37.628492],[126.917037,37.62867],[126.916923,37.628908],[126.916491,37.629506],[126.916205,37.629706],[126.91588,37.62939],[126.91515,37.630905],[126.914432,37.630903],[126.913751,37.630634],[126.912611,37.630668],[126.912004,37.630508],[126.911131,37.629748],[126.909963,37.629221],[126.908802,37.629088],[126.908903,37.627458],[126.90861,37.626265],[126.908395,37.625992],[126.90779,37.625502],[126.90744,37.625094],[126.906627,37.624495],[126.906749,37.624241],[126.906999,37.623936],[126.907142,37.623312],[126.9071,37.623007],[126.90714,37.622546],[126.907117,37.621941],[126.906278,37.621352],[126.905612,37.620704],[126.905214,37.619868]]]}},{"type":"Feature","properties":{"dong":"11380_구산동","sgg_cd":"11380","emd_cd":"11380105","umd_nm":"구산동","gu_name":"은평구"},"geometry":{"type":"Polygon","coordinates":[[[126.917293,37.611301],[126.917168,37.611282],[126.915191,37.612475],[126.910287,37.614234],[126.909908,37.61444],[126.909414,37.61486],[126.909314,37.615096],[126.909219,37.615179],[126.907208,37.616781],[126.906807,37.617318],[126.905858,37.619178],[126.905928,37.619206],[126.905214,37.619868],[126.905231,37.619074],[126.904274,37.618831],[126.903729,37.618798],[126.903361,37.618839],[126.90334,37.618306],[126.903051,37.618093],[126.903007,37.617786],[126.903125,37.617304],[126.902478,37.616899],[126.902473,37.616665],[126.902149,37.616369],[126.901822,37.615753],[126.901917,37.615092],[126.901729,37.614776],[126.901799,37.61447],[126.901734,37.614069],[126.900913,37.612724],[126.900962,37.61235],[126.900304,37.611191],[126.900705,37.610319],[126.900601,37.609319],[126.900775,37.608439],[126.901413,37.60619],[126.901725,37.605752],[126.902129,37.605536],[126.902282,37.605608],[126.902856,37.605631],[126.902976,37.605588],[126.902982,37.605534],[126.903097,37.605456],[126.903135,37.605483],[126.903272,37.605387],[126.903356,37.605415],[126.903532,37.605281],[126.903438,37.605224],[126.90359,37.605134],[126.903976,37.605021],[126.904772,37.604527],[126.904964,37.604526],[126.905316,37.604709],[126.906667,37.605175],[126.907792,37.605017],[126.908317,37.605163],[126.908792,37.605375],[126.909429,37.605443],[126.909514,37.605631],[126.909702,37.607627],[126.91076,37.607538],[126.915286,37.607432],[126.915421,37.608073],[126.915669,37.608631],[126.916671,37.609963],[126.916895,37.610327],[126.917293,37.611301]]]}},{"type":"Feature","properties":{"dong":"11380_대조동","sgg_cd":"11380","emd_cd":"11380106","umd_nm":"대조동","gu_name":"은평구"},"geometry":{"type":"Polygon","coordinates":[[[126.931445,37.608763],[126.930674,37.609559],[126.930012,37.610375],[126.929133,37.611292],[126.928987,37.611524],[126.928321,37.61204],[126.925859,37.614903],[126.925531,37.615152],[126.925084,37.6154],[126.924726,37.615842],[126.924554,37.615942],[126.924142,37.616063],[126.923528,37.6165],[126.922852,37.617125],[126.922726,37.617141],[126.9219,37.618092],[126.921406,37.61876],[126.921273,37.618836],[126.920585,37.618646],[126.920155,37.618362],[126.917913,37.61501],[126.917293,37.611301],[126.917505,37.611101],[126.917619,37.611079],[126.917615,37.611027],[126.91979,37.609725],[126.920053,37.609521],[126.922742,37.606454],[126.923517,37.607262],[126.924246,37.607516],[126.924849,37.607819],[126.925328,37.607989],[126.925834,37.608281],[126.926181,37.608599],[126.92656,37.608839],[126.927173,37.609075],[126.927689,37.608917],[126.928515,37.608425],[126.929222,37.608352],[126.930006,37.608398],[126.930966,37.608608],[126.931445,37.608763]]]}},{"type":"Feature","properties":{"dong":"11380_응암동","sgg_cd":"11380","emd_cd":"11380107","umd_nm":"응암동","gu_name":"은평구"},"geometry":{"type":"Polygon","coordinates":[[[126.912844,37.587222],[126.915698,37.585979],[126.91531,37.585415],[126.916015,37.585615],[126.916365,37.58589],[126.916392,37.585846],[126.916065,37.58536],[126.915682,37.585001],[126.915718,37.584903],[126.91568,37.584354],[126.915575,37.584193],[126.91576,37.583969],[126.915706,37.583888],[126.915743,37.583824],[126.91573,37.58345],[126.915892,37.58343],[126.915937,37.583094],[126.917021,37.583266],[126.917734,37.583238],[126.918863,37.583392],[126.919546,37.583208],[126.919859,37.583301],[126.920254,37.582957],[126.920859,37.582939],[126.921165,37.583318],[126.92176,37.583458],[126.921732,37.583726],[126.922002,37.584079],[126.92185,37.584696],[126.922211,37.585045],[126.922405,37.585356],[126.92272,37.585476],[126.922737,37.585582],[126.922764,37.585558],[126.923641,37.586159],[126.923821,37.587095],[126.924474,37.587216],[126.925066,37.587239],[126.92572,37.587148],[126.926314,37.587266],[126.927738,37.588064],[126.928009,37.588385],[126.927757,37.588876],[126.927621,37.589389],[126.927946,37.589923],[126.927658,37.59051],[126.927977,37.59103],[126.927762,37.591571],[126.928539,37.592237],[126.928825,37.592846],[126.929323,37.593324],[126.929964,37.594164],[126.930378,37.59432],[126.930231,37.594535],[126.931315,37.595015],[126.931585,37.595391],[126.932207,37.595787],[126.932795,37.596298],[126.933839,37.596627],[126.934538,37.596614],[126.93671,37.597624],[126.937541,37.597868],[126.938724,37.597504],[126.938388,37.597951],[126.936344,37.599808],[126.935803,37.600789],[126.93531,37.600822],[126.934795,37.601045],[126.930756,37.601427],[126.930365,37.601409],[126.929925,37.601513],[126.928145,37.601679],[126.927422,37.601886],[126.92705,37.602083],[126.926642,37.602405],[126.926413,37.60242],[126.922413,37.601578],[126.920765,37.601706],[126.920558,37.601298],[126.920283,37.600916],[126.919673,37.600439],[126.919089,37.600186],[126.917173,37.599661],[126.916762,37.599409],[126.916007,37.599249],[126.915859,37.598988],[126.913501,37.590139],[126.913041,37.587793],[126.912844,37.587222]]]}},{"type":"Feature","properties":{"dong":"11380_역촌동","sgg_cd":"11380","emd_cd":"11380108","umd_nm":"역촌동","gu_name":"은평구"},"geometry":{"type":"Polygon","coordinates":[[[126.922742,37.606454],[126.920053,37.609521],[126.91979,37.609725],[126.917615,37.611027],[126.917619,37.611079],[126.917505,37.611101],[126.917293,37.611301],[126.916895,37.610327],[126.916671,37.609963],[126.915669,37.608631],[126.915421,37.608073],[126.915286,37.607432],[126.91076,37.607538],[126.909702,37.607627],[126.909514,37.605631],[126.909429,37.605443],[126.908792,37.605375],[126.908317,37.605163],[126.907792,37.605017],[126.906667,37.605175],[126.905316,37.604709],[126.904964,37.604526],[126.904772,37.604527],[126.903976,37.605021],[126.90359,37.605134],[126.903438,37.605224],[126.903532,37.605281],[126.903356,37.605415],[126.903272,37.605387],[126.903135,37.605483],[126.903097,37.605456],[126.902982,37.605534],[126.902976,37.605588],[126.902856,37.605631],[126.902282,37.605608],[126.902129,37.605536],[126.901725,37.605752],[126.901749,37.605715],[126.901505,37.605356],[126.90203,37.604269],[126.902108,37.603741],[126.902574,37.603721],[126.90321,37.603528],[126.903697,37.603463],[126.904272,37.603173],[126.904586,37.60315],[126.90492,37.603254],[126.905631,37.60267],[126.906115,37.602156],[126.906476,37.601988],[126.906744,37.601769],[126.907856,37.601528],[126.90856,37.60205],[126.910336,37.601994],[126.913639,37.601016],[126.914434,37.600112],[126.914966,37.600028],[126.914667,37.59885],[126.915928,37.59911],[126.916007,37.599249],[126.916762,37.599409],[126.917173,37.599661],[126.919195,37.600222],[126.919673,37.600439],[126.920148,37.600788],[126.920558,37.601298],[126.922658,37.605478],[126.922742,37.606454]]]}},{"type":"Feature","properties":{"dong":"11380_신사동","sgg_cd":"11380","emd_cd":"11380109","umd_nm":"신사동","gu_name":"은평구"},"geometry":{"type":"Polygon","coordinates":[[[126.902108,37.603741],[126.901306,37.603399],[126.900771,37.603369],[126.900152,37.603116],[126.900204,37.602567],[126.899982,37.60204],[126.900293,37.601232],[126.901012,37.600175],[126.901016,37.599873],[126.901322,37.599366],[126.901261,37.598488],[126.901171,37.598207],[126.901253,37.597909],[126.901011,37.597337],[126.901076,37.596937],[126.901201,37.596746],[126.90121,37.596301],[126.901628,37.596],[126.901784,37.595556],[126.901829,37.595141],[126.900355,37.594211],[126.90002,37.593832],[126.899778,37.593386],[126.899414,37.593142],[126.899299,37.592868],[126.898961,37.592678],[126.899566,37.591689],[126.899696,37.591362],[126.89971,37.590989],[126.899575,37.590673],[126.89975,37.589938],[126.899644,37.589817],[126.900293,37.589231],[126.90054,37.589138],[126.900904,37.58922],[126.901296,37.589025],[126.902444,37.588732],[126.902712,37.588538],[126.903625,37.588117],[126.904424,37.588094],[126.904652,37.588192],[126.904972,37.588518],[126.905391,37.588702],[126.905922,37.588826],[126.906883,37.588451],[126.90702,37.588479],[126.907532,37.588747],[126.907538,37.588836],[126.907699,37.589089],[126.908103,37.589371],[126.908856,37.589329],[126.908913,37.589253],[126.910402,37.589263],[126.910251,37.589394],[126.910442,37.589595],[126.91074,37.589264],[126.911137,37.589071],[126.913197,37.588645],[126.913501,37.590139],[126.915859,37.598988],[126.915928,37.59911],[126.914667,37.59885],[126.914966,37.600028],[126.914434,37.600112],[126.913639,37.601016],[126.913288,37.601143],[126.910336,37.601994],[126.90856,37.60205],[126.907856,37.601528],[126.907329,37.601629],[126.906744,37.601769],[126.906476,37.601988],[126.906115,37.602156],[126.905631,37.60267],[126.90492,37.603254],[126.904586,37.60315],[126.904272,37.603173],[126.903697,37.603463],[126.90321,37.603528],[126.902574,37.603721],[126.902108,37.603741]]]}},{"type":"Feature","properties":{"dong":"11380_증산동","sgg_cd":"11380","emd_cd":"11380110","umd_nm":"증산동","gu_name":"은평구"},"geometry":{"type":"Polygon","coordinates":[[[126.898976,37.578995],[126.902057,37.576757],[126.90417,37.578744],[126.904117,37.578485],[126.912053,37.58597],[126.91248,37.58653],[126.912903,37.587357],[126.913041,37.587793],[126.913197,37.588645],[126.911137,37.589071],[126.91074,37.589264],[126.910442,37.589595],[126.910251,37.589394],[126.910402,37.589263],[126.908913,37.589253],[126.908856,37.589329],[126.908103,37.589371],[126.907699,37.589089],[126.907538,37.588836],[126.907532,37.588747],[126.90702,37.588479],[126.906883,37.588451],[126.905922,37.588826],[126.905391,37.588702],[126.904972,37.588518],[126.904652,37.588192],[126.904424,37.588094],[126.903625,37.588117],[126.903465,37.587868],[126.903007,37.587623],[126.902514,37.587014],[126.902246,37.586624],[126.902165,37.586254],[126.902022,37.585969],[126.901779,37.585735],[126.90155,37.585155],[126.901603,37.584857],[126.90155,37.584615],[126.901992,37.583774],[126.901935,37.583381],[126.90213,37.583019],[126.90217,37.582556],[126.901945,37.582218],[126.90187,37.581762],[126.901988,37.581232],[126.901841,37.581145],[126.902246,37.581076],[126.902376,37.580805],[126.902359,37.580695],[126.901089,37.580339],[126.901027,37.580285],[126.901063,37.580243],[126.90029,37.579903],[126.900266,37.579879],[126.900359,37.579753],[126.900196,37.579666],[126.900235,37.579627],[126.900144,37.579533],[126.900046,37.579576],[126.899293,37.579377],[126.899247,37.579167],[126.899046,37.57928],[126.898976,37.578995]]]}},{"type":"Feature","properties":{"dong":"11380_진관동","sgg_cd":"11380","emd_cd":"11380114","umd_nm":"진관동","gu_name":"은평구"},"geometry":{"type":"Polygon","coordinates":[[[126.904802,37.649201],[126.90481,37.649128],[126.905625,37.648481],[126.907291,37.646944],[126.907705,37.646289],[126.908777,37.64581],[126.909441,37.645425],[126.909915,37.645255],[126.91035,37.645019],[126.911185,37.644764],[126.912504,37.644222],[126.91247,37.644173],[126.91226,37.644258],[126.912175,37.644141],[126.911151,37.640979],[126.910794,37.640026],[126.910092,37.638509],[126.91121,37.635905],[126.910854,37.635316],[126.909806,37.634942],[126.909122,37.634333],[126.908112,37.633829],[126.907096,37.633398],[126.906202,37.63322],[126.906757,37.632736],[126.906929,37.631804],[126.907294,37.630867],[126.908118,37.63006],[126.908382,37.629994],[126.90877,37.629327],[126.908802,37.629088],[126.909963,37.629221],[126.911131,37.629748],[126.912004,37.630508],[126.912611,37.630668],[126.913751,37.630634],[126.914432,37.630903],[126.91515,37.630905],[126.91588,37.62939],[126.916205,37.629706],[126.916491,37.629506],[126.916923,37.628908],[126.917037,37.62867],[126.918535,37.628492],[126.919124,37.62822],[126.91933,37.628185],[126.919696,37.628191],[126.919692,37.628279],[126.920142,37.62836],[126.922027,37.628464],[126.92252,37.628334],[126.923181,37.628999],[126.923613,37.62932],[126.924382,37.629454],[126.924997,37.629757],[126.925425,37.629573],[126.925974,37.629508],[126.926628,37.629536],[126.926737,37.629455],[126.926915,37.629482],[126.927182,37.629253],[126.927323,37.629054],[126.928304,37.628813],[126.928577,37.628833],[126.929899,37.628258],[126.929978,37.628296],[126.930023,37.628244],[126.930718,37.628127],[126.930994,37.62801],[126.931229,37.627831],[126.931745,37.626887],[126.93179,37.626661],[126.932031,37.626396],[126.93259,37.626405],[126.934011,37.626673],[126.9357,37.626389],[126.936191,37.626153],[126.937789,37.626137],[126.938281,37.626007],[126.940679,37.626057],[126.941489,37.626139],[126.942225,37.626071],[126.944148,37.625767],[126.944533,37.626075],[126.945979,37.625971],[126.946888,37.62577],[126.947504,37.626031],[126.948865,37.625837],[126.949656,37.625287],[126.950005,37.625716],[126.950379,37.626426],[126.951562,37.626568],[126.951947,37.626866],[126.952789,37.627084],[126.953486,37.627362],[126.954009,37.627358],[126.955179,37.628162],[126.955565,37.628283],[126.956346,37.628207],[126.956713,37.62862],[126.957479,37.6291],[126.958748,37.629599],[126.959796,37.629786],[126.961619,37.631888],[126.963328,37.633245],[126.96254,37.635818],[126.961604,37.637117],[126.961603,37.637989],[126.960861,37.638755],[126.96051,37.63983],[126.960131,37.640538],[126.959971,37.641461],[126.959267,37.642132],[126.959365,37.643199],[126.959019,37.643879],[126.959122,37.644346],[126.958906,37.64476],[126.959146,37.645749],[126.958919,37.646136],[126.959027,37.646783],[126.958377,37.64765],[126.957839,37.648047],[126.957854,37.648445],[126.957562,37.649042],[126.957789,37.649808],[126.957685,37.65071],[126.95746,37.651871],[126.957108,37.652837],[126.956412,37.65317],[126.956532,37.65317],[126.956163,37.653361],[126.955851,37.653662],[126.955535,37.653778],[126.955424,37.653898],[126.955321,37.654224],[126.955236,37.654314],[126.954897,37.65446],[126.954351,37.654595],[126.954037,37.654982],[126.954032,37.655076],[126.954194,37.655211],[126.953945,37.655296],[126.953359,37.654968],[126.95321,37.654933],[126.95186,37.654865],[126.951376,37.654949],[126.950772,37.655486],[126.950404,37.655692],[126.949791,37.655911],[126.94949,37.656247],[126.949203,37.65677],[126.948833,37.656974],[126.947882,37.657125],[126.947757,37.65728],[126.947992,37.657711],[126.948038,37.657892],[126.948039,37.658005],[126.947915,37.658259],[126.948002,37.658572],[126.947967,37.658708],[126.947755,37.658922],[126.947565,37.659215],[126.946426,37.658756],[126.945022,37.658325],[126.944123,37.658115],[126.943338,37.658058],[126.942697,37.657919],[126.9421,37.657722],[126.940332,37.656766],[126.939666,37.656241],[126.93881,37.655275],[126.938459,37.654771],[126.938151,37.654122],[126.93774,37.653447],[126.937425,37.652691],[126.937163,37.652315],[126.936136,37.651485],[126.935705,37.651202],[126.935267,37.65106],[126.932221,37.650386],[126.932157,37.650305],[126.9319,37.65023],[126.931431,37.650331],[126.930863,37.650301],[126.930284,37.650225],[126.929699,37.650048],[126.929281,37.649834],[126.929118,37.649665],[126.927972,37.648873],[126.927134,37.648103],[126.924123,37.646106],[126.922862,37.645877],[126.921471,37.645781],[126.917341,37.645257],[126.915189,37.645116],[126.914606,37.644908],[126.91372,37.644755],[126.913398,37.644996],[126.912327,37.645177],[126.911945,37.645365],[126.911313,37.645822],[126.910863,37.646011],[126.910436,37.646278],[126.909727,37.646878],[126.908635,37.647416],[126.908413,37.647256],[126.906094,37.64863],[126.90554,37.648889],[126.905164,37.648969],[126.904802,37.649201]]]}},{"type":"Feature","properties":{"dong":"11410_충정로2가","sgg_cd":"11410","emd_cd":"11410101","umd_nm":"충정로2가","gu_name":"서대문구"},"geometry":{"type":"Polygon","coordinates":[[[126.965711,37.566775],[126.965174,37.566498],[126.965312,37.566333],[126.96466,37.566074],[126.964551,37.566086],[126.964499,37.566406],[126.964001,37.56626],[126.96345,37.566312],[126.962799,37.566168],[126.962665,37.566062],[126.962817,37.565994],[126.962832,37.565879],[126.962982,37.565894],[126.96307,37.565495],[126.962775,37.565484],[126.962651,37.565431],[126.96234,37.565495],[126.962096,37.565404],[126.962035,37.565466],[126.96191,37.565445],[126.961894,37.565491],[126.961661,37.565466],[126.961498,37.56551],[126.961531,37.565536],[126.961451,37.565617],[126.961301,37.565569],[126.961057,37.565646],[126.960969,37.565602],[126.961225,37.565517],[126.96085,37.565299],[126.96102,37.564956],[126.961251,37.564796],[126.961877,37.564715],[126.962004,37.564346],[126.961926,37.564168],[126.962024,37.563708],[126.962335,37.563327],[126.962629,37.563354],[126.962918,37.563484],[126.963713,37.563382],[126.964411,37.56336],[126.964744,37.563304],[126.96496,37.563153],[126.965038,37.56326],[126.965511,37.563187],[126.965617,37.563205],[126.965667,37.563308],[126.965811,37.563252],[126.965875,37.563487],[126.966384,37.563433],[126.966595,37.563477],[126.966569,37.5636],[126.966368,37.563563],[126.965814,37.563623],[126.96592,37.564147],[126.96626,37.564134],[126.966245,37.564333],[126.966072,37.564336],[126.966059,37.564405],[126.966206,37.564444],[126.966206,37.564622],[126.96625,37.56458],[126.966234,37.564728],[126.966138,37.564728],[126.966144,37.564854],[126.966057,37.564934],[126.966144,37.565036],[126.966331,37.564993],[126.966333,37.565178],[126.966758,37.565247],[126.966832,37.565185],[126.967088,37.565286],[126.966921,37.565489],[126.966978,37.565511],[126.966804,37.565705],[126.965711,37.566775]]]}},{"type":"Feature","properties":{"dong":"11410_충정로3가","sgg_cd":"11410","emd_cd":"11410102","umd_nm":"충정로3가","gu_name":"서대문구"},"geometry":{"type":"Polygon","coordinates":[[[126.961681,37.559026],[126.963307,37.559216],[126.964005,37.559471],[126.96545,37.56029],[126.965491,37.560402],[126.965413,37.560513],[126.965406,37.560685],[126.965055,37.560596],[126.964892,37.560651],[126.964733,37.560822],[126.964646,37.561295],[126.96442,37.561302],[126.964382,37.561485],[126.964555,37.561738],[126.964806,37.561948],[126.964945,37.562209],[126.965056,37.562228],[126.965163,37.562176],[126.965252,37.562264],[126.965317,37.562556],[126.965598,37.562919],[126.965495,37.562964],[126.965511,37.563187],[126.965038,37.56326],[126.96496,37.563153],[126.964744,37.563304],[126.964411,37.56336],[126.963713,37.563382],[126.962918,37.563484],[126.962629,37.563354],[126.962335,37.563327],[126.962024,37.563708],[126.961926,37.564168],[126.962004,37.564346],[126.961877,37.564715],[126.961251,37.564796],[126.96102,37.564956],[126.96085,37.565299],[126.960617,37.565348],[126.960444,37.565484],[126.959963,37.565544],[126.958972,37.565414],[126.959172,37.564802],[126.959141,37.564377],[126.959107,37.564255],[126.958967,37.564264],[126.958726,37.564037],[126.958711,37.563905],[126.959028,37.563396],[126.959087,37.563061],[126.959204,37.563039],[126.959128,37.562628],[126.959206,37.562298],[126.959281,37.562082],[126.959412,37.561888],[126.959467,37.561895],[126.959502,37.561778],[126.959664,37.561583],[126.959746,37.561203],[126.960021,37.56101],[126.960537,37.560981],[126.960635,37.560886],[126.960703,37.560689],[126.96075,37.559729],[126.960983,37.559614],[126.961263,37.559367],[126.961241,37.55934],[126.961342,37.55916],[126.961423,37.559165],[126.961499,37.559093],[126.961583,37.559147],[126.961681,37.559026]]]}},{"type":"Feature","properties":{"dong":"11410_합동","sgg_cd":"11410","emd_cd":"11410103","umd_nm":"합동","gu_name":"서대문구"},"geometry":{"type":"Polygon","coordinates":[[[126.965296,37.562419],[126.965252,37.562264],[126.965163,37.562176],[126.965056,37.562228],[126.964945,37.562209],[126.964806,37.561948],[126.964555,37.561738],[126.964382,37.561485],[126.96442,37.561302],[126.964646,37.561295],[126.964733,37.560822],[126.964892,37.560651],[126.965055,37.560596],[126.965406,37.560685],[126.965413,37.560513],[126.965491,37.560402],[126.96545,37.56029],[126.966834,37.561272],[126.967439,37.561508],[126.968081,37.561653],[126.967971,37.562253],[126.966744,37.562401],[126.966534,37.562249],[126.965915,37.562337],[126.965637,37.562321],[126.96547,37.562425],[126.965296,37.562419]]]}},{"type":"Feature","properties":{"dong":"11410_미근동","sgg_cd":"11410","emd_cd":"11410104","umd_nm":"미근동","gu_name":"서대문구"},"geometry":{"type":"Polygon","coordinates":[[[126.968081,37.561653],[126.968134,37.561666],[126.968166,37.561583],[126.968561,37.561703],[126.968533,37.561758],[126.968589,37.56171],[126.969465,37.561975],[126.968875,37.563075],[126.967564,37.564877],[126.966978,37.565511],[126.966921,37.565489],[126.967088,37.565286],[126.966832,37.565185],[126.966758,37.565247],[126.966333,37.565178],[126.966331,37.564993],[126.966144,37.565036],[126.966057,37.564934],[126.966144,37.564854],[126.966138,37.564728],[126.966234,37.564728],[126.96625,37.56458],[126.966206,37.564622],[126.966206,37.564444],[126.966059,37.564405],[126.966072,37.564336],[126.966245,37.564333],[126.96626,37.564134],[126.96592,37.564147],[126.965866,37.563954],[126.965814,37.563623],[126.966368,37.563563],[126.966569,37.5636],[126.966609,37.563488],[126.966384,37.563433],[126.965875,37.563487],[126.965811,37.563252],[126.965667,37.563308],[126.965617,37.563205],[126.965515,37.563215],[126.965495,37.562964],[126.965598,37.562919],[126.965361,37.562636],[126.965296,37.562419],[126.96547,37.562425],[126.965637,37.562321],[126.965915,37.562337],[126.966534,37.562249],[126.966744,37.562401],[126.967971,37.562253],[126.968081,37.561653]]]}},{"type":"Feature","properties":{"dong":"11410_냉천동","sgg_cd":"11410","emd_cd":"11410105","umd_nm":"냉천동","gu_name":"서대문구"},"geometry":{"type":"Polygon","coordinates":[[[126.958721,37.565887],[126.958842,37.565735],[126.958972,37.565414],[126.959963,37.565544],[126.960444,37.565484],[126.960617,37.565348],[126.960864,37.5653],[126.961225,37.565517],[126.960969,37.565602],[126.961057,37.565646],[126.961301,37.565569],[126.961451,37.565617],[126.961531,37.565536],[126.961498,37.56551],[126.961661,37.565466],[126.961894,37.565491],[126.96191,37.565445],[126.962035,37.565466],[126.962096,37.565404],[126.962377,37.565498],[126.962651,37.565431],[126.962775,37.565484],[126.96307,37.565495],[126.962982,37.565894],[126.962832,37.565879],[126.962817,37.565994],[126.962665,37.566062],[126.962886,37.566209],[126.96345,37.566312],[126.96394,37.566252],[126.964499,37.566406],[126.964551,37.566086],[126.96466,37.566074],[126.965312,37.566333],[126.965174,37.566498],[126.965711,37.566775],[126.963789,37.56885],[126.962947,37.569641],[126.96283,37.569558],[126.962955,37.569486],[126.962894,37.569431],[126.963059,37.569163],[126.963714,37.568691],[126.963926,37.568419],[126.963608,37.56827],[126.96312,37.56788],[126.962843,37.568026],[126.962707,37.56805],[126.962612,37.567967],[126.962447,37.568013],[126.962356,37.568048],[126.962286,37.568146],[126.962146,37.568035],[126.961839,37.568127],[126.961785,37.568065],[126.961732,37.567797],[126.96156,37.567723],[126.961375,37.567558],[126.96086,37.5673],[126.960444,37.566934],[126.960127,37.566979],[126.959387,37.566304],[126.95941,37.56625],[126.959275,37.56625],[126.959079,37.566014],[126.959124,37.565901],[126.958995,37.565824],[126.959157,37.565568],[126.959057,37.565525],[126.958989,37.565559],[126.958721,37.565887]]]}},{"type":"Feature","properties":{"dong":"11410_천연동","sgg_cd":"11410","emd_cd":"11410106","umd_nm":"천연동","gu_name":"서대문구"},"geometry":{"type":"Polygon","coordinates":[[[126.962894,37.569431],[126.962475,37.56924],[126.962333,37.569408],[126.96199,37.569276],[126.96174,37.569374],[126.961443,37.56932],[126.961356,37.569358],[126.961084,37.569269],[126.961008,37.569386],[126.959816,37.569104],[126.959148,37.569327],[126.958891,37.569198],[126.958129,37.569073],[126.957676,37.5687],[126.957413,37.568578],[126.957054,37.568301],[126.956853,37.568224],[126.955995,37.568143],[126.955578,37.567563],[126.955557,37.567324],[126.956152,37.56692],[126.956285,37.566917],[126.956578,37.566695],[126.957202,37.566522],[126.957364,37.56629],[126.957794,37.566388],[126.958174,37.56631],[126.95847,37.566163],[126.958951,37.565595],[126.959057,37.565525],[126.959157,37.565568],[126.958995,37.565824],[126.959124,37.565901],[126.959079,37.566014],[126.959275,37.56625],[126.95941,37.56625],[126.959387,37.566304],[126.960127,37.566979],[126.960444,37.566934],[126.96086,37.5673],[126.961375,37.567558],[126.96156,37.567723],[126.961732,37.567797],[126.961785,37.568065],[126.961839,37.568127],[126.962146,37.568035],[126.962286,37.568146],[126.962356,37.568048],[126.962447,37.568013],[126.962612,37.567967],[126.962707,37.56805],[126.962843,37.568026],[126.96312,37.56788],[126.963608,37.56827],[126.963926,37.568419],[126.963714,37.568691],[126.963059,37.569163],[126.962894,37.569431]]]}},{"type":"Feature","properties":{"dong":"11410_옥천동","sgg_cd":"11410","emd_cd":"11410107","umd_nm":"옥천동","gu_name":"서대문구"},"geometry":{"type":"Polygon","coordinates":[[[126.962475,37.56924],[126.962955,37.569486],[126.961697,37.570253],[126.961532,37.570121],[126.960967,37.570109],[126.960743,37.57006],[126.959698,37.570223],[126.959244,37.569975],[126.958959,37.569955],[126.958632,37.569871],[126.958381,37.569741],[126.957986,37.569695],[126.957636,37.569512],[126.95756,37.569598],[126.957231,37.56954],[126.957126,37.569434],[126.957023,37.569429],[126.956691,37.569218],[126.956713,37.569055],[126.956371,37.568726],[126.956168,37.568781],[126.955268,37.568323],[126.955995,37.568143],[126.956853,37.568224],[126.957054,37.568301],[126.957413,37.568578],[126.957676,37.5687],[126.958126,37.569072],[126.958891,37.569198],[126.959148,37.569327],[126.959816,37.569104],[126.961008,37.569386],[126.961084,37.569269],[126.961356,37.569358],[126.961443,37.56932],[126.96174,37.569374],[126.96199,37.569276],[126.962333,37.569408],[126.962475,37.56924]]]}},{"type":"Feature","properties":{"dong":"11410_영천동","sgg_cd":"11410","emd_cd":"11410108","umd_nm":"영천동","gu_name":"서대문구"},"geometry":{"type":"Polygon","coordinates":[[[126.960478,37.571989],[126.958296,37.571246],[126.957069,37.571134],[126.955515,37.571246],[126.955155,37.571182],[126.954942,37.570723],[126.954933,37.570564],[126.954474,37.570149],[126.954194,37.570048],[126.953702,37.56948],[126.954178,37.569127],[126.954634,37.568916],[126.955005,37.568518],[126.955062,37.568366],[126.955268,37.568323],[126.956168,37.568781],[126.956371,37.568726],[126.956713,37.569055],[126.956691,37.569218],[126.957023,37.569429],[126.957126,37.569434],[126.957231,37.56954],[126.95756,37.569598],[126.957636,37.569512],[126.957986,37.569695],[126.958381,37.569741],[126.958632,37.569871],[126.958959,37.569955],[126.959244,37.569975],[126.959698,37.570223],[126.960743,37.57006],[126.960967,37.570109],[126.961532,37.570121],[126.961697,37.570253],[126.962745,37.569591],[126.96291,37.569685],[126.960478,37.571989]]]}},{"type":"Feature","properties":{"dong":"11410_현저동","sgg_cd":"11410","emd_cd":"11410109","umd_nm":"현저동","gu_name":"서대문구"},"geometry":{"type":"Polygon","coordinates":[[[126.953558,37.578748],[126.952849,37.578098],[126.952402,37.577872],[126.952366,37.577636],[126.952206,37.577408],[126.95173,37.577175],[126.951102,37.576583],[126.950658,37.576288],[126.950372,37.57625],[126.950142,37.576012],[126.949654,37.575747],[126.94895,37.575726],[126.949016,37.575551],[126.948975,37.57523],[126.949028,37.574651],[126.949679,37.574179],[126.949848,37.573666],[126.950167,37.573214],[126.950178,37.572762],[126.950349,37.572417],[126.950627,37.572161],[126.950928,37.571111],[126.951031,37.570938],[126.95145,37.570778],[126.951742,37.570397],[126.952198,37.570249],[126.952539,37.570069],[126.953095,37.569704],[126.953205,37.569567],[126.953607,37.569539],[126.953702,37.56948],[126.954194,37.570048],[126.954474,37.570149],[126.954933,37.570564],[126.954942,37.570723],[126.955155,37.571182],[126.955515,37.571246],[126.957069,37.571134],[126.958296,37.571246],[126.960478,37.571989],[126.958338,37.574098],[126.956373,37.575681],[126.955634,37.576594],[126.955449,37.576544],[126.954706,37.577399],[126.954671,37.577508],[126.953558,37.578748]]]}},{"type":"Feature","properties":{"dong":"11410_북아현동","sgg_cd":"11410","emd_cd":"11410110","umd_nm":"북아현동","gu_name":"서대문구"},"geometry":{"type":"Polygon","coordinates":[[[126.94955,37.565623],[126.949131,37.56513],[126.949519,37.564481],[126.949542,37.564229],[126.949759,37.56378],[126.949634,37.562892],[126.949739,37.56248],[126.949795,37.562064],[126.949751,37.562056],[126.949941,37.561561],[126.950185,37.561167],[126.950102,37.560967],[126.949999,37.560835],[126.949925,37.560815],[126.949869,37.56069],[126.949638,37.560651],[126.949561,37.560586],[126.949617,37.560431],[126.949544,37.560414],[126.949575,37.560352],[126.949872,37.560256],[126.949837,37.56001],[126.949871,37.559852],[126.949439,37.559692],[126.949117,37.558947],[126.948487,37.558817],[126.94803,37.558791],[126.947987,37.558746],[126.948071,37.55855],[126.948147,37.558486],[126.948079,37.558484],[126.948515,37.558099],[126.948937,37.55699],[126.956192,37.557407],[126.959133,37.557243],[126.959645,37.557665],[126.959785,37.557487],[126.959906,37.55751],[126.960597,37.558074],[126.961176,37.558707],[126.961176,37.558823],[126.961646,37.559089],[126.961583,37.559147],[126.961499,37.559093],[126.961423,37.559165],[126.961342,37.55916],[126.961241,37.55934],[126.961263,37.559367],[126.960983,37.559614],[126.96075,37.559729],[126.960703,37.560689],[126.960635,37.560886],[126.960537,37.560981],[126.960021,37.56101],[126.959746,37.561203],[126.959664,37.561583],[126.959502,37.561778],[126.959467,37.561895],[126.959412,37.561888],[126.959281,37.562082],[126.959128,37.562628],[126.959204,37.563039],[126.959087,37.563061],[126.959028,37.563396],[126.958711,37.563905],[126.958726,37.564037],[126.958967,37.564264],[126.959107,37.564255],[126.959174,37.564788],[126.95902,37.565334],[126.958842,37.565735],[126.958518,37.566138],[126.958174,37.56631],[126.957794,37.566388],[126.957364,37.56629],[126.957202,37.566522],[126.956578,37.566695],[126.956285,37.566917],[126.956152,37.56692],[126.955557,37.567324],[126.955578,37.567563],[126.955995,37.568143],[126.955062,37.568366],[126.955005,37.568518],[126.954634,37.568916],[126.954178,37.569127],[126.953607,37.569539],[126.953205,37.569567],[126.953095,37.569704],[126.952539,37.570069],[126.952198,37.570249],[126.951742,37.570397],[126.951873,37.570231],[126.951678,37.569374],[126.95124,37.568933],[126.951235,37.56849],[126.950752,37.567932],[126.950208,37.567034],[126.950265,37.566793],[126.950247,37.566536],[126.949692,37.565981],[126.94955,37.565623]]]}},{"type":"Feature","properties":{"dong":"11410_홍제동","sgg_cd":"11410","emd_cd":"11410111","umd_nm":"홍제동","gu_name":"서대문구"},"geometry":{"type":"Polygon","coordinates":[[[126.956341,37.598921],[126.956269,37.598741],[126.956277,37.597568],[126.956241,37.59717],[126.95613,37.596727],[126.956128,37.596309],[126.956099,37.596212],[126.956007,37.596134],[126.955496,37.595837],[126.95471,37.596113],[126.953746,37.596584],[126.953234,37.59667],[126.953012,37.596646],[126.952348,37.596268],[126.95205,37.596035],[126.951541,37.59595],[126.951306,37.595962],[126.951149,37.596114],[126.950547,37.596979],[126.950332,37.597387],[126.949831,37.597997],[126.949659,37.598102],[126.948866,37.598381],[126.948057,37.598492],[126.947649,37.598501],[126.947332,37.598425],[126.947086,37.598272],[126.946551,37.59769],[126.946406,37.596979],[126.946605,37.596273],[126.946919,37.595502],[126.946927,37.594474],[126.945097,37.592254],[126.94417,37.592134],[126.943748,37.592128],[126.94212,37.59165],[126.940745,37.590673],[126.939983,37.59032],[126.93909,37.589705],[126.938365,37.589512],[126.937844,37.58927],[126.93733,37.588957],[126.937235,37.589134],[126.936743,37.588782],[126.936315,37.588292],[126.93585,37.587423],[126.935543,37.586522],[126.935468,37.585821],[126.935786,37.584685],[126.935993,37.584219],[126.936318,37.583798],[126.936901,37.582851],[126.937275,37.582596],[126.937506,37.582776],[126.937777,37.582869],[126.937957,37.583218],[126.93874,37.583565],[126.939134,37.584054],[126.939404,37.584165],[126.940079,37.584142],[126.940064,37.584029],[126.941194,37.583846],[126.941494,37.583852],[126.942,37.583959],[126.941973,37.584137],[126.942061,37.58416],[126.942061,37.583929],[126.941834,37.58368],[126.941792,37.583386],[126.941933,37.583038],[126.941847,37.582835],[126.941467,37.582306],[126.941845,37.581054],[126.942965,37.580701],[126.943037,37.580528],[126.943278,37.580324],[126.943873,37.580286],[126.943841,37.579653],[126.944296,37.578022],[126.944711,37.577541],[126.94572,37.577361],[126.947209,37.576849],[126.947933,37.575892],[126.948446,37.575755],[126.949654,37.575747],[126.950142,37.576012],[126.950372,37.57625],[126.950658,37.576288],[126.951102,37.576583],[126.95173,37.577175],[126.952206,37.577408],[126.952366,37.577636],[126.952402,37.577872],[126.952849,37.578098],[126.95363,37.578818],[126.954385,37.579095],[126.955107,37.579296],[126.955231,37.579426],[126.955678,37.579684],[126.957202,37.579819],[126.957224,37.580351],[126.957303,37.580444],[126.957791,37.580587],[126.958031,37.580735],[126.958173,37.580984],[126.95816,37.58117],[126.957642,37.582045],[126.957573,37.582302],[126.957696,37.582622],[126.957604,37.582881],[126.957662,37.583173],[126.957999,37.584124],[126.957997,37.584442],[126.957767,37.584971],[126.957854,37.585005],[126.957472,37.586047],[126.957374,37.587076],[126.957486,37.587956],[126.95733,37.588723],[126.957466,37.589489],[126.95749,37.590078],[126.957827,37.591459],[126.957797,37.592573],[126.957498,37.593077],[126.957508,37.593547],[126.958086,37.593956],[126.958526,37.594185],[126.958649,37.594478],[126.95883,37.594576],[126.959024,37.594797],[126.959033,37.595059],[126.958637,37.595869],[126.9587,37.59639],[126.95853,37.596722],[126.958398,37.597143],[126.958268,37.597788],[126.958042,37.598155],[126.957714,37.598367],[126.957308,37.598531],[126.956747,37.598575],[126.956737,37.598689],[126.956781,37.598747],[126.956708,37.598796],[126.956683,37.598753],[126.956341,37.598921]]]}},{"type":"Feature","properties":{"dong":"11410_대현동","sgg_cd":"11410","emd_cd":"11410112","umd_nm":"대현동","gu_name":"서대문구"},"geometry":{"type":"Polygon","coordinates":[[[126.94955,37.565623],[126.94873,37.565881],[126.947974,37.566052],[126.947377,37.566312],[126.947352,37.565931],[126.947067,37.565324],[126.947196,37.56525],[126.946959,37.564974],[126.946995,37.564947],[126.94656,37.564113],[126.946507,37.564104],[126.946469,37.564207],[126.946333,37.564048],[126.946318,37.563923],[126.94623,37.563856],[126.946247,37.56381],[126.946172,37.56378],[126.946168,37.56351],[126.945865,37.563025],[126.945598,37.56272],[126.945174,37.56248],[126.944774,37.562505],[126.944237,37.562066],[126.94442,37.56193],[126.944836,37.561943],[126.944679,37.561681],[126.944994,37.561483],[126.944675,37.560839],[126.944617,37.560562],[126.943408,37.560513],[126.943428,37.560289],[126.943367,37.560005],[126.943103,37.559521],[126.943112,37.559445],[126.941029,37.559408],[126.941032,37.559363],[126.940403,37.55933],[126.940429,37.559076],[126.941577,37.559111],[126.941672,37.55741],[126.940747,37.557307],[126.941068,37.556483],[126.941372,37.556548],[126.948937,37.55699],[126.948515,37.558099],[126.948079,37.558484],[126.948147,37.558486],[126.948071,37.55855],[126.947987,37.558746],[126.94803,37.558791],[126.948487,37.558817],[126.949117,37.558947],[126.949439,37.559692],[126.949871,37.559852],[126.949837,37.56001],[126.949872,37.560256],[126.949575,37.560352],[126.949544,37.560414],[126.949617,37.560431],[126.949561,37.560586],[126.949638,37.560651],[126.949869,37.56069],[126.949925,37.560815],[126.949999,37.560835],[126.950102,37.560967],[126.950185,37.561167],[126.949941,37.561561],[126.949751,37.562056],[126.949795,37.562064],[126.949739,37.56248],[126.949634,37.562892],[126.949759,37.56378],[126.949542,37.564229],[126.949519,37.564481],[126.949131,37.56513],[126.94955,37.565623]]]}},{"type":"Feature","properties":{"dong":"11410_대신동","sgg_cd":"11410","emd_cd":"11410113","umd_nm":"대신동","gu_name":"서대문구"},"geometry":{"type":"Polygon","coordinates":[[[126.947377,37.566312],[126.947291,37.566755],[126.946895,37.56793],[126.946791,37.567942],[126.946771,37.567903],[126.946423,37.56838],[126.946105,37.56924],[126.945464,37.569124],[126.94476,37.569115],[126.944709,37.568987],[126.944732,37.568874],[126.945032,37.568147],[126.945203,37.56756],[126.945771,37.566666],[126.945789,37.56591],[126.945208,37.565688],[126.944774,37.565817],[126.944424,37.566576],[126.943278,37.566975],[126.943111,37.566943],[126.94287,37.566777],[126.94275,37.566628],[126.942544,37.56651],[126.942391,37.566329],[126.942397,37.566206],[126.943233,37.564036],[126.942756,37.563758],[126.942729,37.563614],[126.942815,37.56344],[126.942805,37.563202],[126.942564,37.56274],[126.9419,37.562275],[126.941619,37.562141],[126.941277,37.562088],[126.940745,37.561598],[126.940449,37.561458],[126.940612,37.561006],[126.940423,37.560536],[126.940395,37.560437],[126.940445,37.560417],[126.940407,37.56031],[126.941043,37.560343],[126.941141,37.560264],[126.941152,37.560092],[126.941199,37.560044],[126.941323,37.560047],[126.941374,37.560137],[126.941373,37.560282],[126.941526,37.560374],[126.944383,37.560579],[126.944617,37.560562],[126.944675,37.560839],[126.944994,37.561483],[126.944679,37.561681],[126.944836,37.561943],[126.94442,37.56193],[126.944237,37.562066],[126.944774,37.562505],[126.945174,37.56248],[126.945598,37.56272],[126.945865,37.563025],[126.946168,37.56351],[126.946172,37.56378],[126.946247,37.56381],[126.94623,37.563856],[126.946318,37.563923],[126.946333,37.564048],[126.946469,37.564207],[126.946507,37.564104],[126.94656,37.564113],[126.946995,37.564947],[126.946959,37.564974],[126.947196,37.56525],[126.947067,37.565324],[126.947352,37.565931],[126.947377,37.566312]]]}},{"type":"Feature","properties":{"dong":"11410_신촌동","sgg_cd":"11410","emd_cd":"11410114","umd_nm":"신촌동","gu_name":"서대문구"},"geometry":{"type":"MultiPolygon","coordinates":[[[[126.946895,37.56793],[126.947291,37.566755],[126.947377,37.566312],[126.947974,37.566052],[126.94873,37.565881],[126.94955,37.565623],[126.949692,37.565981],[126.950247,37.566536],[126.950265,37.566793],[126.950208,37.567034],[126.950752,37.567932],[126.951235,37.56849],[126.95124,37.568933],[126.951678,37.569374],[126.951873,37.570231],[126.95145,37.570778],[126.950928,37.570949],[126.948991,37.569381],[126.948674,37.569223],[126.948592,37.569242],[126.948542,37.569063],[126.948322,37.568976],[126.948352,37.568837],[126.948084,37.568675],[126.947885,37.568463],[126.947721,37.568457],[126.947587,37.568268],[126.947288,37.568142],[126.947002,37.567941],[126.946895,37.56793]]],[[[126.945603,37.569149],[126.945373,37.569421],[126.945293,37.569862],[126.945336,37.570087],[126.944216,37.570372],[126.943393,37.570959],[126.943127,37.570765],[126.942809,37.570315],[126.942182,37.570387],[126.941658,37.570381],[126.941339,37.570064],[126.940793,37.570014],[126.940175,37.569687],[126.939025,37.569269],[126.938561,37.569172],[126.938305,37.568355],[126.937204,37.56816],[126.936481,37.567519],[126.936467,37.567203],[126.936109,37.56698],[126.935877,37.566457],[126.935962,37.565535],[126.935712,37.565097],[126.93538,37.564815],[126.935109,37.564726],[126.934785,37.564433],[126.934955,37.563083],[126.935451,37.562715],[126.935208,37.562154],[126.935208,37.56191],[126.935071,37.561687],[126.935021,37.561341],[126.935425,37.560911],[126.936136,37.56043],[126.936721,37.559946],[126.936812,37.559993],[126.937296,37.559683],[126.937948,37.5599],[126.938826,37.559858],[126.939151,37.559999],[126.939845,37.559579],[126.940648,37.559375],[126.940611,37.559347],[126.941032,37.559363],[126.941029,37.559408],[126.943112,37.559445],[126.943103,37.559521],[126.943367,37.560005],[126.943428,37.560289],[126.943408,37.560513],[126.941526,37.560374],[126.941373,37.560282],[126.941374,37.560137],[126.941323,37.560047],[126.941199,37.560044],[126.941152,37.560092],[126.941141,37.560264],[126.941043,37.560343],[126.940407,37.56031],[126.940445,37.560417],[126.940395,37.560437],[126.940423,37.560536],[126.940612,37.561006],[126.940449,37.561458],[126.940745,37.561598],[126.941277,37.562088],[126.941619,37.562141],[126.9419,37.562275],[126.942564,37.56274],[126.942805,37.563202],[126.942815,37.56344],[126.942729,37.563614],[126.942756,37.563758],[126.943233,37.564036],[126.942397,37.566206],[126.942391,37.566329],[126.942544,37.56651],[126.94275,37.566628],[126.94287,37.566777],[126.943111,37.566943],[126.943278,37.566975],[126.944424,37.566576],[126.944774,37.565817],[126.945208,37.565688],[126.945789,37.56591],[126.945771,37.566666],[126.945203,37.56756],[126.945032,37.568147],[126.944709,37.568987],[126.94476,37.569115],[126.945603,37.569149]]]]}},{"type":"Feature","properties":{"dong":"11410_봉원동","sgg_cd":"11410","emd_cd":"11410115","umd_nm":"봉원동","gu_name":"서대문구"},"geometry":{"type":"Polygon","coordinates":[[[126.943393,37.570959],[126.944216,37.570372],[126.945336,37.570087],[126.945293,37.569862],[126.945373,37.569421],[126.945603,37.569149],[126.946105,37.56924],[126.946423,37.56838],[126.946771,37.567903],[126.946791,37.567942],[126.947002,37.567941],[126.947288,37.568142],[126.947587,37.568268],[126.947721,37.568457],[126.947885,37.568463],[126.948084,37.568675],[126.948352,37.568837],[126.948322,37.568976],[126.948542,37.569063],[126.948592,37.569242],[126.948674,37.569223],[126.948991,37.569381],[126.950928,37.570949],[126.951031,37.570938],[126.950928,37.571111],[126.950627,37.572161],[126.950349,37.572417],[126.950178,37.572762],[126.950167,37.573214],[126.949848,37.573666],[126.949679,37.574179],[126.949028,37.574651],[126.948975,37.57523],[126.949016,37.575551],[126.94895,37.575726],[126.948446,37.575755],[126.947933,37.575892],[126.947209,37.576849],[126.94572,37.577361],[126.945466,37.577008],[126.945202,37.576514],[126.94443,37.575618],[126.944019,37.575426],[126.943617,37.574735],[126.943453,37.574572],[126.943464,37.57361],[126.943978,37.573062],[126.94403,37.572608],[126.943888,37.572318],[126.943998,37.572162],[126.943768,37.571996],[126.943661,37.571833],[126.943448,37.571004],[126.943393,37.570959]]]}},{"type":"Feature","properties":{"dong":"11410_창천동","sgg_cd":"11410","emd_cd":"11410116","umd_nm":"창천동","gu_name":"서대문구"},"geometry":{"type":"Polygon","coordinates":[[[126.935425,37.560911],[126.934935,37.561476],[126.934064,37.561891],[126.933143,37.56197],[126.932375,37.56218],[126.931944,37.562518],[126.931603,37.561974],[126.931386,37.561725],[126.931417,37.561225],[126.931141,37.561033],[126.930527,37.560917],[126.929575,37.560888],[126.928802,37.561081],[126.928482,37.560996],[126.928142,37.561207],[126.927865,37.561645],[126.927582,37.561694],[126.927312,37.561802],[126.927188,37.56179],[126.926848,37.561281],[126.926721,37.560967],[126.926659,37.560628],[126.926672,37.560656],[126.926594,37.558848],[126.936857,37.555098],[126.941068,37.556483],[126.940747,37.557307],[126.941672,37.55741],[126.941577,37.559111],[126.940429,37.559076],[126.940403,37.55933],[126.940648,37.559375],[126.939845,37.559579],[126.939161,37.559998],[126.938826,37.559858],[126.937948,37.5599],[126.937296,37.559683],[126.936812,37.559993],[126.936721,37.559946],[126.936136,37.56043],[126.935425,37.560911]]]}},{"type":"Feature","properties":{"dong":"11410_연희동","sgg_cd":"11410","emd_cd":"11410117","umd_nm":"연희동","gu_name":"서대문구"},"geometry":{"type":"Polygon","coordinates":[[[126.916773,37.567811],[126.918437,37.567115],[126.920176,37.566637],[126.920275,37.566629],[126.920363,37.5668],[126.920733,37.56674],[126.921054,37.566796],[126.921548,37.566596],[126.922522,37.566559],[126.922475,37.566516],[126.921817,37.566507],[126.922095,37.566461],[126.922088,37.566419],[126.921819,37.566379],[126.923581,37.565999],[126.924734,37.565674],[126.926014,37.565104],[126.928282,37.563332],[126.928135,37.563126],[126.928304,37.563057],[126.928227,37.563057],[126.928253,37.563042],[126.927937,37.562575],[126.927357,37.56178],[126.927865,37.561645],[126.928142,37.561207],[126.928482,37.560996],[126.928802,37.561081],[126.929575,37.560888],[126.929737,37.56092],[126.930206,37.56089],[126.931141,37.561033],[126.931417,37.561225],[126.931386,37.561725],[126.931603,37.561974],[126.931944,37.562518],[126.932375,37.56218],[126.933143,37.56197],[126.934064,37.561891],[126.934935,37.561476],[126.935021,37.561341],[126.935071,37.561687],[126.935208,37.56191],[126.935208,37.562154],[126.935451,37.562715],[126.934955,37.563083],[126.934785,37.564433],[126.935109,37.564726],[126.93538,37.564815],[126.935712,37.565097],[126.935962,37.565535],[126.935877,37.566457],[126.936109,37.56698],[126.936467,37.567203],[126.936481,37.567519],[126.937204,37.56816],[126.938305,37.568355],[126.938561,37.569172],[126.939025,37.569269],[126.940175,37.569687],[126.940793,37.570014],[126.941339,37.570064],[126.941658,37.570381],[126.942182,37.570387],[126.942809,37.570315],[126.943127,37.570765],[126.943448,37.571004],[126.943661,37.571833],[126.943768,37.571996],[126.943998,37.572162],[126.943888,37.572318],[126.94403,37.572608],[126.943978,37.573062],[126.943464,37.57361],[126.943453,37.574572],[126.943617,37.574735],[126.944019,37.575426],[126.94443,37.575618],[126.945202,37.576514],[126.945466,37.577008],[126.94572,37.577361],[126.944711,37.577541],[126.944296,37.578022],[126.943841,37.579653],[126.943873,37.580286],[126.943278,37.580324],[126.943037,37.580528],[126.942965,37.580701],[126.941845,37.581054],[126.941467,37.582306],[126.941847,37.582835],[126.941933,37.583038],[126.941792,37.583386],[126.941834,37.58368],[126.942061,37.583929],[126.942061,37.58416],[126.941973,37.584137],[126.942,37.583959],[126.941494,37.583852],[126.941194,37.583846],[126.940064,37.584029],[126.940079,37.584142],[126.939404,37.584165],[126.939256,37.584121],[126.938963,37.583871],[126.938822,37.583626],[126.938361,37.583389],[126.938069,37.583299],[126.937957,37.583218],[126.937777,37.582869],[126.937506,37.582776],[126.937275,37.582596],[126.937436,37.582164],[126.937498,37.581651],[126.937241,37.581104],[126.936961,37.580728],[126.93675,37.580269],[126.932742,37.578773],[126.931179,37.578142],[126.927927,37.576543],[126.927133,37.57601],[126.927259,37.57571],[126.926526,37.575354],[126.924716,37.574205],[126.923843,37.573287],[126.922472,37.572856],[126.921549,37.572346],[126.921072,37.572002],[126.920148,37.571158],[126.919489,37.570069],[126.919057,37.569606],[126.918685,37.569264],[126.917629,37.568616],[126.916773,37.567811]]]}},{"type":"Feature","properties":{"dong":"11410_홍은동","sgg_cd":"11410","emd_cd":"11410118","umd_nm":"홍은동","gu_name":"서대문구"},"geometry":{"type":"Polygon","coordinates":[[[126.922764,37.58558],[126.923114,37.584692],[126.923148,37.584411],[126.923215,37.584183],[126.923248,37.584205],[126.923227,37.584038],[126.923384,37.583955],[126.923979,37.583851],[126.924437,37.58303],[126.924614,37.582617],[126.924778,37.582416],[126.92457,37.58229],[126.924503,37.582425],[126.924339,37.582549],[126.923887,37.582365],[126.923819,37.582284],[126.924493,37.581838],[126.92492,37.581238],[126.925183,37.579531],[126.927219,37.57606],[126.927927,37.576543],[126.931179,37.578142],[126.932742,37.578773],[126.93675,37.580269],[126.936961,37.580728],[126.937241,37.581104],[126.937498,37.581651],[126.937436,37.582164],[126.937275,37.582596],[126.936901,37.582851],[126.936318,37.583798],[126.935993,37.584219],[126.935786,37.584685],[126.935468,37.585821],[126.935543,37.586522],[126.93585,37.587423],[126.936315,37.588292],[126.936743,37.588782],[126.937235,37.589134],[126.93733,37.588957],[126.937844,37.58927],[126.938365,37.589512],[126.93909,37.589705],[126.939983,37.59032],[126.940745,37.590673],[126.94212,37.59165],[126.943748,37.592128],[126.94417,37.592134],[126.945097,37.592254],[126.946927,37.594474],[126.946919,37.595502],[126.946605,37.596273],[126.946406,37.596979],[126.946551,37.59769],[126.947086,37.598272],[126.947332,37.598425],[126.947649,37.598501],[126.948057,37.598492],[126.948866,37.598381],[126.949659,37.598102],[126.949831,37.597997],[126.950332,37.597387],[126.950547,37.596979],[126.951149,37.596114],[126.951306,37.595962],[126.951541,37.59595],[126.95205,37.596035],[126.952348,37.596268],[126.953012,37.596646],[126.953234,37.59667],[126.953746,37.596584],[126.95471,37.596113],[126.955494,37.595837],[126.956099,37.596212],[126.95613,37.596727],[126.956241,37.59717],[126.956277,37.597568],[126.956269,37.598741],[126.956341,37.598921],[126.956011,37.59911],[126.955493,37.599216],[126.955411,37.599274],[126.954881,37.599309],[126.9542,37.599083],[126.954141,37.599098],[126.953841,37.598673],[126.953643,37.598611],[126.953407,37.598565],[126.953237,37.598595],[126.953061,37.598758],[126.953011,37.598935],[126.953046,37.599074],[126.953299,37.599364],[126.95338,37.599531],[126.953321,37.599766],[126.953362,37.600168],[126.95323,37.600436],[126.952904,37.60071],[126.952888,37.60085],[126.952597,37.601229],[126.952469,37.601622],[126.95255,37.601886],[126.952375,37.602476],[126.95267,37.602713],[126.952706,37.602894],[126.953275,37.603662],[126.953415,37.604215],[126.953567,37.604479],[126.953969,37.60488],[126.954042,37.605073],[126.953076,37.605502],[126.952695,37.605909],[126.952665,37.606336],[126.952547,37.606652],[126.952204,37.606888],[126.951701,37.607391],[126.951411,37.608017],[126.950565,37.608359],[126.950504,37.608861],[126.950338,37.609092],[126.950372,37.610605],[126.949889,37.610377],[126.949363,37.610011],[126.948936,37.609399],[126.948766,37.609006],[126.948214,37.608608],[126.947078,37.608123],[126.946237,37.607378],[126.945389,37.606934],[126.944106,37.606409],[126.943769,37.606175],[126.943658,37.605025],[126.94212,37.604921],[126.941246,37.603123],[126.939945,37.603058],[126.939805,37.602707],[126.939827,37.601872],[126.94011,37.601775],[126.940394,37.601547],[126.941078,37.601158],[126.941377,37.600677],[126.941279,37.600447],[126.940866,37.598733],[126.939656,37.597988],[126.938618,37.597499],[126.937541,37.597868],[126.93671,37.597624],[126.934503,37.596652],[126.933831,37.596664],[126.932792,37.596324],[126.932198,37.595806],[126.931604,37.595428],[126.93133,37.595045],[126.930262,37.594565],[126.930404,37.594357],[126.929994,37.594202],[126.929361,37.593379],[126.928868,37.592875],[126.928534,37.592304],[126.927766,37.591583],[126.927962,37.591063],[126.927644,37.590531],[126.927937,37.589954],[126.927582,37.589396],[126.927752,37.588866],[126.927985,37.588387],[126.927741,37.588082],[126.92671,37.587563],[126.926389,37.587346],[126.925731,37.587122],[126.925134,37.587245],[126.924496,37.587213],[126.92389,37.587099],[126.923662,37.58614],[126.922764,37.58558]]]}},{"type":"Feature","properties":{"dong":"11410_북가좌동","sgg_cd":"11410","emd_cd":"11410119","umd_nm":"북가좌동","gu_name":"서대문구"},"geometry":{"type":"Polygon","coordinates":[[[126.920859,37.582939],[126.920295,37.582921],[126.919889,37.583274],[126.919558,37.583202],[126.918917,37.583375],[126.917761,37.583223],[126.917034,37.583257],[126.915935,37.583089],[126.915899,37.58343],[126.915736,37.58345],[126.915751,37.583823],[126.915714,37.58389],[126.91577,37.583968],[126.915611,37.5842],[126.915675,37.584359],[126.915713,37.584859],[126.915677,37.584978],[126.916031,37.58531],[126.916393,37.585829],[126.916377,37.585864],[126.916013,37.585616],[126.915311,37.585416],[126.915698,37.585981],[126.912846,37.587226],[126.912443,37.586472],[126.911904,37.585809],[126.90416,37.578524],[126.904118,37.578486],[126.90417,37.578744],[126.901828,37.576541],[126.902635,37.576391],[126.90208,37.576006],[126.906241,37.573232],[126.906319,37.573234],[126.906288,37.5732],[126.906667,37.572959],[126.907972,37.571957],[126.908767,37.571446],[126.909792,37.57099],[126.909998,37.571247],[126.909715,37.571399],[126.910034,37.571667],[126.910079,37.571777],[126.911911,37.570865],[126.912865,37.570443],[126.912971,37.570461],[126.913522,37.571019],[126.913672,37.571297],[126.913728,37.57151],[126.913665,37.571569],[126.913453,37.5714],[126.913401,37.571471],[126.91292,37.571283],[126.912958,37.571214],[126.912844,37.571164],[126.912921,37.571039],[126.912641,37.570912],[126.912588,37.571016],[126.912477,37.570976],[126.912405,37.571133],[126.912486,37.571165],[126.912401,37.57127],[126.91234,37.571223],[126.912185,37.571353],[126.912241,37.5714],[126.912163,37.571498],[126.911914,37.571462],[126.911344,37.572107],[126.911622,37.572327],[126.911783,37.572165],[126.911967,37.572269],[126.912029,37.572324],[126.91196,37.572403],[126.912011,37.572463],[126.91188,37.572519],[126.912197,37.572698],[126.912969,37.572919],[126.913404,37.572874],[126.913274,37.573252],[126.913151,37.573452],[126.913177,37.574057],[126.91339,37.574397],[126.914041,37.575127],[126.914234,37.57532],[126.91436,37.575307],[126.914905,37.576091],[126.915106,37.576519],[126.91517,37.57702],[126.915356,37.577382],[126.915617,37.578451],[126.9157,37.578545],[126.915678,37.578656],[126.91607,37.579156],[126.915993,37.579153],[126.916094,37.579305],[126.916446,37.579193],[126.916533,37.579305],[126.916611,37.579277],[126.91676,37.579436],[126.917064,37.579272],[126.91742,37.579765],[126.917788,37.579859],[126.91763,37.579993],[126.918075,37.580472],[126.918018,37.58049],[126.918132,37.580648],[126.917967,37.580714],[126.917865,37.580543],[126.917326,37.580715],[126.917435,37.580908],[126.917656,37.580938],[126.917854,37.58104],[126.919374,37.5804],[126.919632,37.580568],[126.91963,37.580691],[126.919535,37.580793],[126.919962,37.580895],[126.920064,37.580976],[126.920809,37.581012],[126.921512,37.580775],[126.921567,37.580983],[126.92116,37.581696],[126.921304,37.58221],[126.920859,37.582939]]]}},{"type":"Feature","properties":{"dong":"11410_남가좌동","sgg_cd":"11410","emd_cd":"11410120","umd_nm":"남가좌동","gu_name":"서대문구"},"geometry":{"type":"Polygon","coordinates":[[[126.909792,37.57099],[126.911629,37.570191],[126.914,37.569038],[126.916773,37.567811],[126.917629,37.568616],[126.918685,37.569264],[126.919057,37.569606],[126.919489,37.570069],[126.920148,37.571158],[126.921072,37.572002],[126.921549,37.572346],[126.922472,37.572856],[126.923843,37.573287],[126.924716,37.574205],[126.926526,37.575354],[126.927259,37.57571],[126.927133,37.57601],[126.927219,37.57606],[126.925183,37.579531],[126.92492,37.581238],[126.924493,37.581838],[126.923819,37.582284],[126.923887,37.582365],[126.924339,37.582549],[126.924503,37.582425],[126.92457,37.58229],[126.924778,37.582416],[126.924614,37.582617],[126.924437,37.58303],[126.923979,37.583851],[126.923384,37.583955],[126.923227,37.584038],[126.923248,37.584205],[126.923215,37.584183],[126.923148,37.584411],[126.923114,37.584692],[126.922784,37.585533],[126.922747,37.585454],[126.92243,37.585333],[126.922226,37.585054],[126.92184,37.584676],[126.921984,37.584079],[126.921706,37.583727],[126.921738,37.583453],[126.921254,37.583342],[126.920859,37.582939],[126.921304,37.58221],[126.92116,37.581696],[126.921567,37.580983],[126.921512,37.580775],[126.920809,37.581012],[126.920064,37.580976],[126.919962,37.580895],[126.919535,37.580793],[126.91963,37.580691],[126.919632,37.580568],[126.919374,37.5804],[126.917854,37.58104],[126.917656,37.580938],[126.917435,37.580908],[126.917326,37.580715],[126.917865,37.580543],[126.917967,37.580714],[126.918132,37.580648],[126.918018,37.58049],[126.918075,37.580472],[126.91763,37.579993],[126.917788,37.579859],[126.91742,37.579765],[126.917064,37.579272],[126.91676,37.579436],[126.916611,37.579277],[126.916533,37.579305],[126.916446,37.579193],[126.916094,37.579305],[126.915993,37.579153],[126.91607,37.579156],[126.915678,37.578656],[126.9157,37.578545],[126.915617,37.578451],[126.915356,37.577382],[126.91517,37.57702],[126.915106,37.576519],[126.914905,37.576091],[126.91436,37.575307],[126.914234,37.57532],[126.914041,37.575127],[126.91339,37.574397],[126.913177,37.574057],[126.913151,37.573452],[126.913274,37.573252],[126.913404,37.572874],[126.912969,37.572919],[126.912197,37.572698],[126.91188,37.572519],[126.912011,37.572463],[126.91196,37.572403],[126.912029,37.572324],[126.911967,37.572269],[126.911783,37.572165],[126.911622,37.572327],[126.911344,37.572107],[126.911914,37.571462],[126.912163,37.571498],[126.912241,37.5714],[126.912185,37.571353],[126.91234,37.571223],[126.912401,37.57127],[126.912486,37.571165],[126.912405,37.571133],[126.912477,37.570976],[126.912588,37.571016],[126.912641,37.570912],[126.912921,37.571039],[126.912844,37.571164],[126.912958,37.571214],[126.91292,37.571283],[126.913401,37.571471],[126.913453,37.5714],[126.913665,37.571569],[126.913734,37.571503],[126.913699,37.571371],[126.913454,37.570935],[126.913048,37.570507],[126.912865,37.570443],[126.911911,37.570865],[126.910079,37.571777],[126.910034,37.571667],[126.909715,37.571399],[126.909998,37.571247],[126.909792,37.57099]]]}},{"type":"Feature","properties":{"dong":"11440_아현동","sgg_cd":"11440","emd_cd":"11440101","umd_nm":"아현동","gu_name":"마포구"},"geometry":{"type":"Polygon","coordinates":[[[126.94894,37.556995],[126.948936,37.556793],[126.948457,37.556581],[126.948468,37.556447],[126.94853,37.556447],[126.948547,37.55579],[126.948677,37.555502],[126.948892,37.555297],[126.949329,37.555082],[126.949416,37.554955],[126.949486,37.554581],[126.949601,37.554452],[126.950034,37.554122],[126.950398,37.554214],[126.95045,37.554049],[126.950524,37.554052],[126.950553,37.553909],[126.950557,37.553858],[126.950495,37.553895],[126.950513,37.553425],[126.950055,37.553276],[126.949873,37.553123],[126.950176,37.552496],[126.949724,37.552376],[126.949686,37.552251],[126.94991,37.55222],[126.949912,37.552136],[126.9502,37.552042],[126.950182,37.551921],[126.950336,37.551869],[126.950384,37.551952],[126.95096,37.551786],[126.951115,37.551919],[126.951361,37.5519],[126.951585,37.551826],[126.951615,37.551578],[126.952009,37.551497],[126.952029,37.551529],[126.952111,37.551497],[126.952091,37.551464],[126.952161,37.551495],[126.952393,37.551398],[126.952463,37.551461],[126.952713,37.55137],[126.952478,37.551035],[126.952635,37.550969],[126.952596,37.550861],[126.952937,37.55085],[126.953165,37.550782],[126.953142,37.55075],[126.954844,37.550217],[126.954686,37.54989],[126.954996,37.549871],[126.955392,37.550537],[126.955586,37.551135],[126.955869,37.551084],[126.957197,37.550652],[126.95744,37.550988],[126.957727,37.551203],[126.95797,37.551513],[126.958136,37.551408],[126.958303,37.551461],[126.958836,37.551896],[126.9593,37.551995],[126.959476,37.551916],[126.959863,37.55192],[126.960644,37.55169],[126.960791,37.551598],[126.961169,37.55152],[126.961428,37.551297],[126.961412,37.551252],[126.961167,37.55117],[126.961215,37.551107],[126.961186,37.551058],[126.962436,37.551546],[126.962288,37.55189],[126.962327,37.55199],[126.962311,37.552776],[126.962008,37.554035],[126.962084,37.554025],[126.961974,37.554131],[126.961905,37.554422],[126.961726,37.554789],[126.961737,37.554999],[126.961941,37.555135],[126.962,37.555253],[126.962022,37.555141],[126.962121,37.555377],[126.962063,37.555409],[126.962134,37.555531],[126.96233,37.555695],[126.962463,37.5559],[126.962739,37.556001],[126.962616,37.556117],[126.962755,37.556026],[126.96317,37.556549],[126.963352,37.556688],[126.963433,37.556857],[126.963425,37.556948],[126.963221,37.557317],[126.96305,37.557414],[126.96305,37.558031],[126.963096,37.558216],[126.962851,37.558134],[126.962808,37.558056],[126.962074,37.558452],[126.961564,37.558421],[126.96154,37.558616],[126.96174,37.558833],[126.961627,37.559082],[126.961572,37.559016],[126.961159,37.558816],[126.961159,37.558702],[126.960965,37.55854],[126.960811,37.558314],[126.960257,37.557641],[126.960166,37.557609],[126.960371,37.557784],[126.960449,37.557951],[126.959906,37.557509],[126.959785,37.557486],[126.959642,37.557663],[126.959134,37.557241],[126.956191,37.557407],[126.94894,37.556995]]]}},{"type":"Feature","properties":{"dong":"11440_공덕동","sgg_cd":"11440","emd_cd":"11440102","umd_nm":"공덕동","gu_name":"마포구"},"geometry":{"type":"Polygon","coordinates":[[[126.946054,37.545442],[126.949582,37.543895],[126.949667,37.543816],[126.950491,37.543444],[126.950542,37.543512],[126.951917,37.542866],[126.952569,37.543691],[126.952959,37.543847],[126.953501,37.544252],[126.953369,37.544242],[126.954373,37.54505],[126.954473,37.54505],[126.954634,37.54518],[126.955167,37.545718],[126.955525,37.546102],[126.956049,37.546838],[126.956054,37.54708],[126.956104,37.547186],[126.956868,37.548035],[126.957153,37.547823],[126.957336,37.547569],[126.957789,37.547292],[126.958363,37.547082],[126.95896,37.546245],[126.959267,37.545996],[126.959338,37.546048],[126.959527,37.545972],[126.960052,37.546065],[126.960044,37.546159],[126.960131,37.546358],[126.960762,37.546994],[126.961078,37.547418],[126.961706,37.54759],[126.962225,37.548129],[126.962193,37.548559],[126.962241,37.548619],[126.962931,37.548684],[126.963338,37.548637],[126.963742,37.548759],[126.963695,37.549254],[126.963897,37.549754],[126.963507,37.549943],[126.963548,37.550044],[126.963235,37.55046],[126.963186,37.550658],[126.962568,37.551232],[126.962348,37.551512],[126.961186,37.551058],[126.961215,37.551107],[126.961167,37.55117],[126.961412,37.551252],[126.961428,37.551297],[126.961169,37.55152],[126.960791,37.551598],[126.960644,37.55169],[126.959863,37.55192],[126.959476,37.551916],[126.9593,37.551995],[126.958836,37.551896],[126.958303,37.551461],[126.958136,37.551408],[126.95797,37.551513],[126.957727,37.551203],[126.95744,37.550988],[126.957197,37.550652],[126.955869,37.551084],[126.955586,37.551135],[126.955392,37.550537],[126.954985,37.549856],[126.954686,37.54989],[126.954844,37.550217],[126.953142,37.55075],[126.953165,37.550782],[126.952937,37.55085],[126.952596,37.550861],[126.952635,37.550969],[126.952478,37.551035],[126.952713,37.55137],[126.952463,37.551461],[126.952393,37.551398],[126.952161,37.551495],[126.952091,37.551464],[126.952111,37.551497],[126.952029,37.551529],[126.952009,37.551497],[126.951615,37.551578],[126.951585,37.551826],[126.951361,37.5519],[126.951115,37.551919],[126.95096,37.551786],[126.950605,37.551904],[126.950536,37.551888],[126.950374,37.551381],[126.950071,37.551033],[126.949534,37.550557],[126.949374,37.549954],[126.949222,37.549631],[126.94948,37.549109],[126.949972,37.547606],[126.949277,37.54703],[126.948508,37.545941],[126.94837,37.545957],[126.948099,37.545542],[126.947975,37.545567],[126.947807,37.545294],[126.94753,37.545417],[126.947449,37.545307],[126.946326,37.545815],[126.946054,37.545442]]]}},{"type":"Feature","properties":{"dong":"11440_신공덕동","sgg_cd":"11440","emd_cd":"11440103","umd_nm":"신공덕동","gu_name":"마포구"},"geometry":{"type":"Polygon","coordinates":[[[126.951917,37.542866],[126.953838,37.541965],[126.95382,37.541935],[126.95446,37.541608],[126.954497,37.541664],[126.954607,37.541613],[126.954757,37.541518],[126.954711,37.541469],[126.9548,37.541419],[126.955967,37.540883],[126.956028,37.540954],[126.956248,37.540844],[126.956583,37.540761],[126.956709,37.540867],[126.95685,37.541136],[126.956993,37.541636],[126.957438,37.541928],[126.957874,37.542095],[126.958176,37.542312],[126.958206,37.542515],[126.95835,37.542759],[126.95809,37.542909],[126.957584,37.542971],[126.957415,37.543213],[126.957541,37.543705],[126.957457,37.543829],[126.957458,37.544005],[126.95758,37.544222],[126.958108,37.544422],[126.95782,37.545142],[126.957905,37.545453],[126.958415,37.545504],[126.958716,37.545679],[126.958966,37.545741],[126.959125,37.545886],[126.95909,37.545897],[126.959267,37.545996],[126.95896,37.546245],[126.958363,37.547082],[126.957789,37.547292],[126.957336,37.547569],[126.957153,37.547823],[126.956868,37.548035],[126.956104,37.547186],[126.956054,37.54708],[126.956049,37.546838],[126.955525,37.546102],[126.955167,37.545718],[126.954634,37.54518],[126.954473,37.54505],[126.954373,37.54505],[126.953369,37.544242],[126.953501,37.544252],[126.952959,37.543847],[126.952569,37.543691],[126.951917,37.542866]]]}},{"type":"Feature","properties":{"dong":"11440_도화동","sgg_cd":"11440","emd_cd":"11440104","umd_nm":"도화동","gu_name":"마포구"},"geometry":{"type":"Polygon","coordinates":[[[126.944579,37.539792],[126.945477,37.539245],[126.945532,37.539151],[126.945678,37.53906],[126.94614,37.538958],[126.94637,37.538789],[126.946203,37.53834],[126.946219,37.537858],[126.946316,37.53757],[126.94651,37.537277],[126.946531,37.537119],[126.946571,37.537114],[126.946564,37.536968],[126.946867,37.536282],[126.94682,37.536087],[126.946726,37.53596],[126.946412,37.535743],[126.946518,37.535579],[126.947184,37.535371],[126.947379,37.535216],[126.947476,37.535302],[126.947383,37.535377],[126.947482,37.535824],[126.947586,37.535833],[126.947718,37.535659],[126.947845,37.535616],[126.948281,37.535654],[126.948408,37.535595],[126.948786,37.535581],[126.948902,37.535626],[126.948993,37.535743],[126.949909,37.536049],[126.950603,37.5361],[126.951284,37.536285],[126.951464,37.536392],[126.951547,37.536537],[126.952114,37.536777],[126.953371,37.537509],[126.953651,37.538335],[126.954095,37.538932],[126.955185,37.539185],[126.955734,37.53947],[126.956066,37.539964],[126.956261,37.540126],[126.956642,37.540611],[126.95652,37.540705],[126.956583,37.540761],[126.956248,37.540844],[126.956028,37.540954],[126.955967,37.540883],[126.9548,37.541419],[126.954711,37.541469],[126.954757,37.541518],[126.954607,37.541613],[126.954497,37.541664],[126.95446,37.541608],[126.95382,37.541935],[126.953838,37.541965],[126.950923,37.543345],[126.950542,37.543512],[126.950491,37.543444],[126.949667,37.543816],[126.949582,37.543895],[126.949225,37.543392],[126.949098,37.543319],[126.948913,37.543351],[126.948285,37.543641],[126.948119,37.543621],[126.944922,37.540935],[126.944815,37.540694],[126.944793,37.540041],[126.944579,37.539792]]]}},{"type":"Feature","properties":{"dong":"11440_용강동","sgg_cd":"11440","emd_cd":"11440105","umd_nm":"용강동","gu_name":"마포구"},"geometry":{"type":"Polygon","coordinates":[[[126.935335,37.539347],[126.937197,37.538472],[126.938556,37.540323],[126.939423,37.540427],[126.939594,37.54083],[126.939648,37.540788],[126.939978,37.541064],[126.942133,37.539542],[126.942615,37.539975],[126.943874,37.539092],[126.944764,37.539992],[126.944817,37.540136],[126.944809,37.540652],[126.94487,37.540858],[126.945535,37.541454],[126.94365,37.542756],[126.943913,37.542995],[126.943695,37.543003],[126.943439,37.542944],[126.943221,37.543023],[126.94319,37.543167],[126.942894,37.54323],[126.942884,37.543361],[126.942622,37.543453],[126.942415,37.543624],[126.942126,37.543688],[126.941466,37.544156],[126.94116,37.544068],[126.940789,37.543801],[126.940478,37.543819],[126.940221,37.543893],[126.93994,37.543849],[126.939452,37.54404],[126.938578,37.544109],[126.938553,37.543999],[126.937314,37.542655],[126.93708,37.542117],[126.93717,37.542078],[126.937119,37.541947],[126.937048,37.541846],[126.93692,37.54182],[126.936724,37.541438],[126.935335,37.539347]]]}},{"type":"Feature","properties":{"dong":"11440_토정동","sgg_cd":"11440","emd_cd":"11440106","umd_nm":"토정동","gu_name":"마포구"},"geometry":{"type":"Polygon","coordinates":[[[126.937197,37.538472],[126.938558,37.537835],[126.940344,37.536699],[126.941626,37.537959],[126.941592,37.538042],[126.941704,37.538142],[126.941244,37.538741],[126.942133,37.539542],[126.939978,37.541064],[126.939648,37.540788],[126.939594,37.54083],[126.939423,37.540427],[126.938556,37.540323],[126.937197,37.538472]]]}},{"type":"Feature","properties":{"dong":"11440_마포동","sgg_cd":"11440","emd_cd":"11440107","umd_nm":"마포동","gu_name":"마포구"},"geometry":{"type":"Polygon","coordinates":[[[126.945436,37.535183],[126.946726,37.53596],[126.94682,37.536087],[126.946867,37.536282],[126.946564,37.536968],[126.946571,37.537114],[126.946531,37.537119],[126.94651,37.537277],[126.946316,37.53757],[126.946219,37.537858],[126.946203,37.53834],[126.94637,37.538789],[126.94614,37.538958],[126.945678,37.53906],[126.945532,37.539151],[126.945477,37.539245],[126.944579,37.539792],[126.943874,37.539092],[126.942615,37.539975],[126.941244,37.538741],[126.941704,37.538142],[126.941592,37.538042],[126.941626,37.537959],[126.940344,37.536699],[126.943665,37.534576],[126.943651,37.534514],[126.943706,37.534449],[126.943855,37.534459],[126.944218,37.534234],[126.94458,37.533772],[126.944932,37.534234],[126.944819,37.534521],[126.945099,37.534966],[126.945559,37.534985],[126.945436,37.535183]]]}},{"type":"Feature","properties":{"dong":"11440_대흥동","sgg_cd":"11440","emd_cd":"11440108","umd_nm":"대흥동","gu_name":"마포구"},"geometry":{"type":"Polygon","coordinates":[[[126.941861,37.553],[126.940686,37.552417],[126.940623,37.552135],[126.940122,37.550918],[126.940644,37.550166],[126.940667,37.549211],[126.94043,37.548338],[126.939869,37.548015],[126.939783,37.547632],[126.939782,37.547544],[126.940035,37.547152],[126.940175,37.54655],[126.939884,37.546279],[126.93954,37.546239],[126.939035,37.544908],[126.938999,37.544827],[126.93895,37.544833],[126.938788,37.54439],[126.938627,37.544099],[126.939452,37.54404],[126.93994,37.543849],[126.940221,37.543893],[126.940478,37.543819],[126.940789,37.543801],[126.94116,37.544068],[126.941466,37.544156],[126.942126,37.543688],[126.942415,37.543624],[126.942622,37.543453],[126.942884,37.543361],[126.942894,37.54323],[126.94319,37.543167],[126.943221,37.543023],[126.943439,37.542944],[126.943695,37.543003],[126.943913,37.542995],[126.945535,37.544473],[126.94451,37.545133],[126.944969,37.545579],[126.944451,37.545743],[126.944432,37.545832],[126.944555,37.545784],[126.944571,37.546046],[126.94442,37.546095],[126.944006,37.54651],[126.943809,37.546835],[126.943769,37.54718],[126.943787,37.54735],[126.944075,37.547754],[126.944783,37.549303],[126.944989,37.549528],[126.945919,37.549514],[126.94664,37.550782],[126.946708,37.551055],[126.946517,37.551045],[126.946581,37.552346],[126.946501,37.552967],[126.946025,37.553004],[126.946026,37.553086],[126.94607,37.553087],[126.946053,37.554328],[126.946543,37.554335],[126.946512,37.556843],[126.94288,37.556636],[126.942931,37.555685],[126.94238,37.555086],[126.942397,37.555037],[126.943045,37.555005],[126.943821,37.554796],[126.94387,37.554703],[126.943711,37.554594],[126.943584,37.554426],[126.943417,37.553691],[126.943261,37.553509],[126.943049,37.553391],[126.943346,37.554603],[126.943302,37.554663],[126.943011,37.554714],[126.942966,37.554686],[126.942941,37.554661],[126.943129,37.554512],[126.942945,37.554099],[126.94239,37.553862],[126.941851,37.553216],[126.941861,37.553]]]}},{"type":"Feature","properties":{"dong":"11440_염리동","sgg_cd":"11440","emd_cd":"11440109","umd_nm":"염리동","gu_name":"마포구"},"geometry":{"type":"Polygon","coordinates":[[[126.950536,37.551888],[126.950384,37.551952],[126.950336,37.551869],[126.950182,37.551921],[126.9502,37.552042],[126.949912,37.552136],[126.94991,37.55222],[126.949686,37.552251],[126.949681,37.552304],[126.949724,37.552376],[126.950176,37.552496],[126.949873,37.553123],[126.950055,37.553276],[126.950513,37.553425],[126.950495,37.553895],[126.950557,37.553858],[126.950524,37.554052],[126.95045,37.554049],[126.950398,37.554214],[126.950034,37.554122],[126.949601,37.554452],[126.949486,37.554581],[126.949376,37.555028],[126.949258,37.555145],[126.948892,37.555297],[126.948677,37.555502],[126.948566,37.555728],[126.94853,37.556447],[126.948468,37.556447],[126.948457,37.556581],[126.948936,37.556793],[126.94894,37.556995],[126.946512,37.556843],[126.946543,37.554335],[126.946053,37.554328],[126.94607,37.553087],[126.946026,37.553086],[126.946025,37.553004],[126.946501,37.552967],[126.946581,37.552346],[126.946517,37.551045],[126.946708,37.551055],[126.94664,37.550782],[126.945919,37.549514],[126.944989,37.549528],[126.944783,37.549303],[126.944075,37.547754],[126.943787,37.54735],[126.943769,37.54718],[126.943809,37.546835],[126.944006,37.54651],[126.94442,37.546095],[126.944571,37.546046],[126.944555,37.545784],[126.944432,37.545832],[126.944451,37.545743],[126.944969,37.545579],[126.94451,37.545133],[126.945535,37.544473],[126.94365,37.542756],[126.945535,37.541454],[126.948119,37.543621],[126.948285,37.543641],[126.948913,37.543351],[126.949098,37.543319],[126.949225,37.543392],[126.949582,37.543895],[126.946054,37.545442],[126.946326,37.545815],[126.947449,37.545307],[126.94753,37.545417],[126.947807,37.545294],[126.947975,37.545567],[126.948099,37.545542],[126.94837,37.545957],[126.948508,37.545941],[126.949277,37.54703],[126.949972,37.547606],[126.94948,37.549109],[126.949222,37.549631],[126.949374,37.549954],[126.949534,37.550557],[126.950071,37.551033],[126.950374,37.551381],[126.950536,37.551888]]]}},{"type":"Feature","properties":{"dong":"11440_노고산동","sgg_cd":"11440","emd_cd":"11440110","umd_nm":"노고산동","gu_name":"마포구"},"geometry":{"type":"Polygon","coordinates":[[[126.94288,37.556636],[126.941372,37.556544],[126.94099,37.55647],[126.936864,37.555101],[126.932791,37.556577],[126.932601,37.55554],[126.932577,37.555197],[126.932644,37.554754],[126.932979,37.554207],[126.932969,37.554262],[126.933386,37.553868],[126.933944,37.553451],[126.93337,37.553108],[126.93387,37.552883],[126.93405,37.55271],[126.934036,37.552598],[126.935053,37.551928],[126.935779,37.551582],[126.936309,37.551414],[126.936484,37.551591],[126.936602,37.552002],[126.936823,37.552309],[126.9374,37.552787],[126.937408,37.552737],[126.937571,37.552748],[126.937757,37.552777],[126.937766,37.552842],[126.937983,37.552839],[126.938505,37.553074],[126.940047,37.553604],[126.940357,37.553503],[126.941027,37.553156],[126.941335,37.553242],[126.941861,37.553],[126.941851,37.553216],[126.94239,37.553862],[126.942945,37.554099],[126.943129,37.554512],[126.942941,37.554661],[126.943011,37.554714],[126.943302,37.554663],[126.943346,37.554603],[126.943049,37.553391],[126.943261,37.553509],[126.943462,37.553789],[126.943594,37.554448],[126.943876,37.554732],[126.943821,37.554796],[126.943045,37.555005],[126.942397,37.555037],[126.94238,37.555086],[126.942931,37.555685],[126.94288,37.556636]]]}},{"type":"Feature","properties":{"dong":"11440_신수동","sgg_cd":"11440","emd_cd":"11440111","umd_nm":"신수동","gu_name":"마포구"},"geometry":{"type":"Polygon","coordinates":[[[126.941861,37.553],[126.941335,37.553242],[126.941027,37.553156],[126.940357,37.553503],[126.940047,37.553604],[126.938505,37.553074],[126.937983,37.552839],[126.937766,37.552842],[126.937757,37.552777],[126.937571,37.552748],[126.937408,37.552737],[126.9374,37.552787],[126.936823,37.552309],[126.936602,37.552002],[126.936484,37.551591],[126.936309,37.551414],[126.935779,37.551582],[126.935053,37.551928],[126.934036,37.552598],[126.93405,37.55271],[126.933648,37.553014],[126.93337,37.553108],[126.933127,37.552839],[126.933027,37.551619],[126.932949,37.551248],[126.932871,37.549753],[126.932626,37.548073],[126.932994,37.547913],[126.933034,37.547686],[126.932902,37.547684],[126.932902,37.547563],[126.933946,37.547536],[126.933788,37.547253],[126.933567,37.547263],[126.933499,37.547102],[126.933578,37.546948],[126.933525,37.546911],[126.933212,37.546916],[126.933243,37.54662],[126.933084,37.546497],[126.933055,37.54642],[126.933255,37.546242],[126.933333,37.546245],[126.933414,37.545972],[126.933459,37.545983],[126.933523,37.545861],[126.933538,37.545746],[126.93347,37.545675],[126.933571,37.54553],[126.933552,37.545358],[126.933632,37.545381],[126.933781,37.545319],[126.93371,37.545262],[126.933781,37.545175],[126.933905,37.545109],[126.934023,37.544915],[126.934319,37.544751],[126.934335,37.544658],[126.934522,37.54457],[126.934823,37.544525],[126.934881,37.544409],[126.935337,37.544153],[126.935422,37.543935],[126.935643,37.543935],[126.935765,37.543846],[126.935784,37.543723],[126.935896,37.54369],[126.935919,37.543748],[126.936122,37.543811],[126.936473,37.543857],[126.936808,37.543667],[126.936393,37.542858],[126.936597,37.542799],[126.936567,37.542621],[126.936766,37.542439],[126.937208,37.542406],[126.937417,37.542778],[126.938554,37.544],[126.938788,37.54439],[126.93895,37.544833],[126.938999,37.544827],[126.939035,37.544908],[126.93954,37.546239],[126.939884,37.546279],[126.940175,37.54655],[126.940035,37.547152],[126.939782,37.547544],[126.939783,37.547632],[126.939869,37.548015],[126.94043,37.548338],[126.940667,37.549211],[126.940644,37.550166],[126.940122,37.550918],[126.940623,37.552135],[126.940686,37.552417],[126.941861,37.553]]]}},{"type":"Feature","properties":{"dong":"11440_현석동","sgg_cd":"11440","emd_cd":"11440112","umd_nm":"현석동","gu_name":"마포구"},"geometry":{"type":"Polygon","coordinates":[[[126.937208,37.542406],[126.936766,37.542439],[126.936567,37.542621],[126.936597,37.542799],[126.936393,37.542858],[126.936808,37.543667],[126.936473,37.543857],[126.936122,37.543811],[126.935919,37.543748],[126.935896,37.54369],[126.935784,37.543723],[126.935765,37.543846],[126.935643,37.543935],[126.935462,37.543941],[126.935337,37.544153],[126.934935,37.544392],[126.93487,37.54455],[126.934522,37.54457],[126.934335,37.544658],[126.934319,37.544751],[126.934023,37.544915],[126.933892,37.545095],[126.933623,37.545159],[126.933399,37.545128],[126.933011,37.544886],[126.932896,37.544627],[126.932916,37.544542],[126.933101,37.544474],[126.933115,37.544332],[126.933029,37.544216],[126.933109,37.544131],[126.932816,37.543934],[126.932776,37.543862],[126.932896,37.543768],[126.932812,37.543793],[126.932648,37.543714],[126.932652,37.543776],[126.932286,37.543486],[126.932404,37.5435],[126.932453,37.543452],[126.932166,37.543071],[126.932081,37.542709],[126.931946,37.542428],[126.931843,37.542325],[126.93188,37.54228],[126.931852,37.540879],[126.932898,37.54053],[126.935335,37.539347],[126.936724,37.541438],[126.93692,37.54182],[126.937048,37.541846],[126.937119,37.541947],[126.93717,37.542078],[126.93708,37.542117],[126.937208,37.542406]]]}},{"type":"Feature","properties":{"dong":"11440_구수동","sgg_cd":"11440","emd_cd":"11440113","umd_nm":"구수동","gu_name":"마포구"},"geometry":{"type":"Polygon","coordinates":[[[126.933953,37.54504],[126.93371,37.545262],[126.933781,37.545319],[126.933632,37.545381],[126.933552,37.545358],[126.933571,37.54553],[126.93347,37.545675],[126.933538,37.545746],[126.933523,37.545861],[126.933459,37.545983],[126.933414,37.545972],[126.933333,37.546245],[126.933255,37.546242],[126.933055,37.54642],[126.933084,37.546497],[126.933243,37.54662],[126.933212,37.546916],[126.933525,37.546911],[126.933578,37.546948],[126.933499,37.547102],[126.933567,37.547263],[126.933788,37.547253],[126.933946,37.547536],[126.932902,37.547563],[126.932902,37.547684],[126.933034,37.547686],[126.932994,37.547913],[126.932626,37.548073],[126.932586,37.547613],[126.932635,37.547439],[126.932411,37.546547],[126.932412,37.546306],[126.932326,37.546168],[126.931804,37.54544],[126.931427,37.545235],[126.930965,37.545187],[126.930576,37.545038],[126.930721,37.545038],[126.930681,37.545027],[126.930884,37.544418],[126.931316,37.544417],[126.931617,37.544351],[126.931794,37.544419],[126.931937,37.544399],[126.93247,37.544168],[126.932816,37.543934],[126.933109,37.544131],[126.933029,37.544216],[126.933115,37.544332],[126.933101,37.544474],[126.932916,37.544542],[126.932896,37.544623],[126.933011,37.544886],[126.933399,37.545128],[126.933744,37.545148],[126.933953,37.54504]]]}},{"type":"Feature","properties":{"dong":"11440_창전동","sgg_cd":"11440","emd_cd":"11440114","umd_nm":"창전동","gu_name":"마포구"},"geometry":{"type":"Polygon","coordinates":[[[126.929344,37.545652],[126.930052,37.545579],[126.92988,37.545351],[126.930241,37.545205],[126.930451,37.545038],[126.930576,37.545038],[126.930965,37.545187],[126.931427,37.545235],[126.931804,37.54544],[126.932412,37.546306],[126.932411,37.546547],[126.932635,37.547439],[126.932586,37.547613],[126.932626,37.548073],[126.932871,37.549753],[126.932949,37.551248],[126.933027,37.551619],[126.933127,37.552839],[126.933384,37.553121],[126.933944,37.553451],[126.933039,37.554107],[126.932094,37.554699],[126.931188,37.55462],[126.93025,37.554693],[126.929681,37.554211],[126.928789,37.55365],[126.928321,37.553506],[126.926883,37.553199],[126.926285,37.553145],[126.925554,37.55322],[126.925365,37.553192],[126.92517,37.553109],[126.924796,37.552766],[126.924194,37.55262],[126.924156,37.552364],[126.924227,37.55234],[126.925556,37.552618],[126.928235,37.551125],[126.927878,37.550946],[126.927492,37.550552],[126.926852,37.549449],[126.927255,37.548479],[126.92767,37.547937],[126.927615,37.547726],[126.927708,37.54752],[126.92754,37.547492],[126.927552,37.547301],[126.927506,37.547282],[126.927442,37.54703],[126.9275,37.547004],[126.927428,37.546919],[126.928288,37.546731],[126.928265,37.546702],[126.928422,37.54661],[126.928542,37.546256],[126.92872,37.546006],[126.928643,37.545918],[126.928724,37.545864],[126.92897,37.545877],[126.928987,37.545918],[126.929265,37.545866],[126.929261,37.545709],[126.929352,37.545696],[126.929344,37.545652]]]}},{"type":"Feature","properties":{"dong":"11440_상수동","sgg_cd":"11440","emd_cd":"11440115","umd_nm":"상수동","gu_name":"마포구"},"geometry":{"type":"Polygon","coordinates":[[[126.928673,37.546018],[126.928422,37.54661],[126.928265,37.546702],[126.928288,37.546731],[126.927428,37.546919],[126.9275,37.547004],[126.927442,37.54703],[126.927506,37.547282],[126.927552,37.547301],[126.92754,37.547492],[126.927708,37.54752],[126.927615,37.547726],[126.92767,37.547937],[126.927255,37.548479],[126.926852,37.549449],[126.927492,37.550552],[126.927878,37.550946],[126.928235,37.551125],[126.925556,37.552618],[126.924227,37.55234],[126.924156,37.552364],[126.924002,37.55211],[126.924159,37.55154],[126.924231,37.551037],[126.924201,37.550934],[126.92395,37.550871],[126.923918,37.550704],[126.923745,37.550548],[126.92343,37.550481],[126.923177,37.550313],[126.923042,37.550175],[126.922998,37.550044],[126.922252,37.549524],[126.921907,37.549123],[126.92099,37.548585],[126.920594,37.548503],[126.920223,37.548337],[126.920078,37.548004],[126.920174,37.547924],[126.920199,37.547751],[126.920036,37.547382],[126.920166,37.547256],[126.920905,37.547139],[126.920831,37.546538],[126.920906,37.546168],[126.921031,37.546017],[126.920707,37.545841],[126.92084,37.545756],[126.921086,37.545813],[126.921264,37.545542],[126.921577,37.545383],[126.921655,37.545251],[126.921578,37.545161],[126.921665,37.545168],[126.92171,37.545041],[126.921983,37.544955],[126.922046,37.54475],[126.922194,37.544613],[126.922126,37.544449],[126.921579,37.544081],[126.921579,37.544049],[126.921789,37.544103],[126.921801,37.541429],[126.926501,37.541432],[126.926731,37.54415],[126.926673,37.544168],[126.926884,37.544423],[126.927122,37.544614],[126.927146,37.544769],[126.927473,37.545321],[126.927399,37.545527],[126.927562,37.545581],[126.927785,37.545742],[126.927796,37.545997],[126.928101,37.545957],[126.928466,37.545766],[126.928673,37.546018]]]}},{"type":"Feature","properties":{"dong":"11440_하중동","sgg_cd":"11440","emd_cd":"11440116","umd_nm":"하중동","gu_name":"마포구"},"geometry":{"type":"Polygon","coordinates":[[[126.928406,37.541433],[126.928862,37.543972],[126.929149,37.543999],[126.929315,37.544074],[126.929514,37.544293],[126.930025,37.545081],[126.929909,37.54511],[126.929819,37.545224],[126.929776,37.545127],[126.929478,37.545123],[126.929369,37.545514],[126.929065,37.545526],[126.929093,37.545574],[126.929344,37.545652],[126.929352,37.545696],[126.929261,37.545709],[126.929265,37.545866],[126.928987,37.545918],[126.92897,37.545877],[126.928724,37.545864],[126.928643,37.545918],[126.92872,37.546006],[126.928608,37.546173],[126.928673,37.546018],[126.928466,37.545766],[126.928101,37.545957],[126.927796,37.545997],[126.927785,37.545742],[126.927562,37.545581],[126.927399,37.545527],[126.927473,37.545321],[126.927146,37.544769],[126.927122,37.544614],[126.926884,37.544423],[126.926673,37.544168],[126.926731,37.54415],[126.926501,37.541432],[126.928406,37.541433]]]}},{"type":"Feature","properties":{"dong":"11440_신정동","sgg_cd":"11440","emd_cd":"11440117","umd_nm":"신정동","gu_name":"마포구"},"geometry":{"type":"Polygon","coordinates":[[[126.932816,37.543934],[126.93247,37.544168],[126.931937,37.544399],[126.931794,37.544419],[126.931617,37.544351],[126.931316,37.544417],[126.930884,37.544418],[126.930681,37.545027],[126.930721,37.545038],[126.930451,37.545038],[126.930241,37.545205],[126.92988,37.545351],[126.930052,37.545579],[126.929344,37.545652],[126.929093,37.545574],[126.929065,37.545526],[126.929369,37.545514],[126.929478,37.545123],[126.929776,37.545127],[126.929819,37.545224],[126.929909,37.54511],[126.930025,37.545081],[126.929514,37.544293],[126.929315,37.544074],[126.929149,37.543999],[126.928862,37.543972],[126.928406,37.541433],[126.930113,37.541434],[126.931852,37.540879],[126.93188,37.54228],[126.931843,37.542325],[126.931946,37.542428],[126.932081,37.542709],[126.932166,37.543071],[126.932453,37.543452],[126.932404,37.5435],[126.932286,37.543486],[126.932652,37.543776],[126.932648,37.543714],[126.932812,37.543793],[126.932896,37.543768],[126.932776,37.543862],[126.932816,37.543934]]]}},{"type":"Feature","properties":{"dong":"11440_당인동","sgg_cd":"11440","emd_cd":"11440118","umd_nm":"당인동","gu_name":"마포구"},"geometry":{"type":"MultiPolygon","coordinates":[[[[126.920078,37.548004],[126.919197,37.546101],[126.918763,37.545379],[126.918672,37.545381],[126.918714,37.54529],[126.918633,37.545166],[126.918666,37.545076],[126.918638,37.545002],[126.918453,37.544931],[126.918216,37.544631],[126.918073,37.544542],[126.917977,37.544532],[126.917939,37.544704],[126.917766,37.54486],[126.917686,37.544842],[126.917639,37.544795],[126.917648,37.544613],[126.917407,37.544412],[126.91737,37.544137],[126.917234,37.544027],[126.916977,37.543665],[126.916633,37.543459],[126.916691,37.54308],[126.916973,37.543024],[126.917014,37.542907],[126.917095,37.542926],[126.917139,37.541426],[126.921801,37.541429],[126.921789,37.544103],[126.921579,37.544049],[126.921579,37.544081],[126.922126,37.544449],[126.922194,37.544613],[126.922046,37.54475],[126.921983,37.544955],[126.92171,37.545041],[126.921665,37.545168],[126.921578,37.545161],[126.921655,37.545251],[126.921577,37.545383],[126.921264,37.545542],[126.921086,37.545813],[126.92084,37.545756],[126.920707,37.545841],[126.921031,37.546017],[126.920906,37.546168],[126.920831,37.546538],[126.920905,37.547139],[126.920166,37.547256],[126.920036,37.547382],[126.920199,37.547751],[126.920174,37.547924],[126.920078,37.548004]]],[[[126.922424,37.541429],[126.922832,37.540628],[126.923085,37.540453],[126.924825,37.539754],[126.92537,37.539627],[126.925865,37.539468],[126.926185,37.53929],[126.927113,37.539042],[126.927292,37.539134],[126.927664,37.539076],[126.930333,37.541356],[126.930096,37.541434],[126.922424,37.541429]]]]}},{"type":"Feature","properties":{"dong":"11440_서교동","sgg_cd":"11440","emd_cd":"11440120","umd_nm":"서교동","gu_name":"마포구"},"geometry":{"type":"MultiPolygon","coordinates":[[[[126.908821,37.557386],[126.911661,37.554247],[126.912381,37.551882],[126.912939,37.55199],[126.912973,37.55196],[126.912642,37.551896],[126.913239,37.549936],[126.913616,37.549615],[126.914331,37.550147],[126.914615,37.55058],[126.914645,37.550555],[126.914369,37.550167],[126.914596,37.549975],[126.914355,37.549792],[126.915077,37.549177],[126.918744,37.548417],[126.920218,37.548325],[126.920594,37.548503],[126.92099,37.548585],[126.921907,37.549123],[126.922252,37.549524],[126.922998,37.550044],[126.923042,37.550175],[126.923177,37.550313],[126.92343,37.550481],[126.923745,37.550548],[126.923918,37.550704],[126.92395,37.550871],[126.924201,37.550934],[126.924231,37.551037],[126.924159,37.55154],[126.924002,37.55211],[126.924198,37.552452],[126.924194,37.55262],[126.924796,37.552766],[126.92517,37.553109],[126.925554,37.55322],[126.926233,37.553145],[126.926883,37.553199],[126.928321,37.553506],[126.928789,37.55365],[126.929681,37.554211],[126.930177,37.554667],[126.930427,37.554706],[126.931299,37.554629],[126.931215,37.554989],[126.929422,37.556035],[126.92839,37.556422],[126.927681,37.556549],[126.927845,37.556631],[126.927079,37.55683],[126.924706,37.556194],[126.924333,37.556035],[126.923523,37.555459],[126.922453,37.554398],[126.918781,37.557528],[126.917478,37.55897],[126.917066,37.558619],[126.916297,37.558365],[126.915384,37.558293],[126.915393,37.557938],[126.915367,37.558291],[126.913157,37.558351],[126.912903,37.558338],[126.912951,37.558277],[126.91286,37.558262],[126.912852,37.558336],[126.912109,37.558291],[126.910204,37.557847],[126.909429,37.55774],[126.909067,37.557575],[126.908821,37.557386]]],[[[126.933386,37.553868],[126.932877,37.554318],[126.932644,37.554754],[126.932094,37.554699],[126.933386,37.553868]]]]}},{"type":"Feature","properties":{"dong":"11440_동교동","sgg_cd":"11440","emd_cd":"11440121","umd_nm":"동교동","gu_name":"마포구"},"geometry":{"type":"MultiPolygon","coordinates":[[[[126.918781,37.557528],[126.922453,37.554398],[126.923523,37.555459],[126.924333,37.556035],[126.924706,37.556194],[126.927079,37.55683],[126.927845,37.556631],[126.927681,37.556549],[126.92839,37.556422],[126.929422,37.556035],[126.931215,37.554989],[126.931299,37.554629],[126.932644,37.554754],[126.932577,37.555197],[126.932601,37.55554],[126.932791,37.556577],[126.93199,37.556872],[126.931944,37.55674],[126.931858,37.556771],[126.931892,37.556908],[126.926594,37.558853],[126.926688,37.560833],[126.92681,37.561211],[126.92719,37.561793],[126.926496,37.561422],[126.92602,37.561061],[126.925852,37.560903],[126.925588,37.560417],[126.925528,37.560378],[126.925038,37.560449],[126.924656,37.560662],[126.924594,37.560751],[126.924419,37.560796],[126.924402,37.560937],[126.924453,37.560984],[126.924395,37.561013],[126.924459,37.561008],[126.924456,37.561102],[126.924384,37.561112],[126.924383,37.561171],[126.92432,37.561151],[126.924305,37.56057],[126.924263,37.560471],[126.92424,37.56044],[126.924033,37.560706],[126.923904,37.560144],[126.923866,37.560148],[126.923768,37.559981],[126.923273,37.560589],[126.918781,37.557528]]],[[[126.924072,37.560785],[126.924123,37.560803],[126.924128,37.560864],[126.924072,37.560785]]]]}},{"type":"Feature","properties":{"dong":"11440_합정동","sgg_cd":"11440","emd_cd":"11440122","umd_nm":"합정동","gu_name":"마포구"},"geometry":{"type":"Polygon","coordinates":[[[126.920218,37.548325],[126.918744,37.548417],[126.915077,37.549177],[126.914355,37.549792],[126.914596,37.549975],[126.914369,37.550167],[126.914645,37.550555],[126.914615,37.55058],[126.914331,37.550147],[126.913616,37.549615],[126.913239,37.549936],[126.912642,37.551896],[126.912973,37.55196],[126.912939,37.55199],[126.912381,37.551882],[126.911679,37.554186],[126.907424,37.552813],[126.907424,37.552773],[126.906677,37.552533],[126.906658,37.552492],[126.906627,37.552554],[126.905223,37.552099],[126.905018,37.552071],[126.905087,37.552012],[126.895731,37.549043],[126.898943,37.548007],[126.90182,37.545019],[126.902195,37.544097],[126.904609,37.541574],[126.904838,37.541416],[126.917139,37.541426],[126.917095,37.542926],[126.917014,37.542907],[126.916973,37.543024],[126.916691,37.54308],[126.916633,37.543459],[126.916977,37.543665],[126.917234,37.544027],[126.91737,37.544137],[126.917407,37.544412],[126.917648,37.544613],[126.917639,37.544795],[126.917686,37.544842],[126.917766,37.54486],[126.917939,37.544704],[126.917977,37.544532],[126.918073,37.544542],[126.918216,37.544631],[126.918453,37.544931],[126.918638,37.545002],[126.918666,37.545076],[126.918633,37.545166],[126.918714,37.54529],[126.918672,37.545381],[126.918763,37.545379],[126.919197,37.546101],[126.920218,37.548325]]]}},{"type":"Feature","properties":{"dong":"11440_망원동","sgg_cd":"11440","emd_cd":"11440123","umd_nm":"망원동","gu_name":"마포구"},"geometry":{"type":"Polygon","coordinates":[[[126.911679,37.554186],[126.903895,37.56283],[126.90123,37.562062],[126.899302,37.561284],[126.89901,37.561216],[126.898902,37.561168],[126.898905,37.561129],[126.898077,37.560824],[126.89681,37.560232],[126.896273,37.559893],[126.896269,37.559833],[126.895935,37.559522],[126.895835,37.559503],[126.895938,37.55975],[126.895722,37.559812],[126.895423,37.559428],[126.894062,37.559427],[126.891776,37.555821],[126.88812,37.552292],[126.894684,37.549393],[126.895731,37.549043],[126.905087,37.552012],[126.905018,37.552071],[126.905223,37.552099],[126.906627,37.552554],[126.906658,37.552492],[126.906677,37.552533],[126.907424,37.552773],[126.907424,37.552813],[126.911679,37.554186]]]}},{"type":"Feature","properties":{"dong":"11440_연남동","sgg_cd":"11440","emd_cd":"11440124","umd_nm":"연남동","gu_name":"마포구"},"geometry":{"type":"Polygon","coordinates":[[[126.916426,37.566689],[126.916466,37.566651],[126.916694,37.566639],[126.916783,37.566266],[126.916881,37.565028],[126.917056,37.564101],[126.917311,37.563188],[126.917234,37.563182],[126.917258,37.563111],[126.917332,37.563116],[126.917475,37.562547],[126.91803,37.561477],[126.917933,37.561453],[126.917947,37.561392],[126.917621,37.5612],[126.917814,37.561091],[126.918088,37.561253],[126.918154,37.560912],[126.917991,37.5598],[126.91789,37.559454],[126.917478,37.55897],[126.918781,37.557528],[126.923273,37.560589],[126.923768,37.559981],[126.923866,37.560148],[126.923904,37.560144],[126.924033,37.560706],[126.92424,37.56044],[126.924263,37.560471],[126.924305,37.56057],[126.92432,37.561151],[126.924383,37.561171],[126.924384,37.561112],[126.924456,37.561102],[126.924459,37.561008],[126.924395,37.561013],[126.924453,37.560984],[126.924402,37.560937],[126.924419,37.560796],[126.924594,37.560751],[126.924656,37.560662],[126.925038,37.560449],[126.925528,37.560378],[126.925588,37.560417],[126.925852,37.560903],[126.92602,37.561061],[126.926496,37.561422],[126.92719,37.561793],[126.928283,37.563331],[126.926699,37.564615],[126.926017,37.565102],[126.925304,37.565451],[126.924386,37.565771],[126.92358,37.565996],[126.921552,37.566446],[126.920121,37.566655],[126.919306,37.56687],[126.918443,37.567105],[126.916785,37.567806],[126.916608,37.5676],[126.916777,37.566982],[126.916426,37.566689]],[[126.924128,37.560864],[126.924123,37.560803],[126.924072,37.560785],[126.924128,37.560864]]]}},{"type":"Feature","properties":{"dong":"11440_성산동","sgg_cd":"11440","emd_cd":"11440125","umd_nm":"성산동","gu_name":"마포구"},"geometry":{"type":"Polygon","coordinates":[[[126.889657,37.570538],[126.890575,37.569633],[126.891465,37.568856],[126.892434,37.568128],[126.893706,37.567263],[126.894351,37.566635],[126.89446,37.565493],[126.894712,37.564646],[126.894766,37.564013],[126.895203,37.563032],[126.895136,37.561706],[126.89499,37.561136],[126.894596,37.560159],[126.895938,37.55975],[126.895835,37.559503],[126.895935,37.559522],[126.89613,37.559688],[126.896269,37.559833],[126.896273,37.559893],[126.89681,37.560232],[126.898077,37.560824],[126.898905,37.561129],[126.898902,37.561168],[126.89901,37.561216],[126.899302,37.561284],[126.90123,37.562062],[126.903895,37.56283],[126.908821,37.557386],[126.909067,37.557575],[126.909429,37.55774],[126.910204,37.557847],[126.912109,37.558291],[126.912852,37.558336],[126.912844,37.558409],[126.912903,37.558338],[126.915367,37.558291],[126.915393,37.557938],[126.915384,37.558293],[126.916297,37.558365],[126.917066,37.558619],[126.917536,37.559016],[126.91789,37.559454],[126.917991,37.5598],[126.918154,37.560912],[126.918088,37.561253],[126.917814,37.561091],[126.917621,37.5612],[126.917947,37.561392],[126.917933,37.561453],[126.91803,37.561477],[126.917475,37.562547],[126.917332,37.563116],[126.917258,37.563111],[126.917234,37.563182],[126.917311,37.563188],[126.917056,37.564101],[126.916881,37.565028],[126.916783,37.566266],[126.916694,37.566639],[126.916466,37.566651],[126.916426,37.566689],[126.916777,37.566982],[126.916608,37.5676],[126.916025,37.567858],[126.915709,37.568181],[126.915292,37.568468],[126.912862,37.569597],[126.911975,37.568551],[126.911881,37.568369],[126.911912,37.568311],[126.911847,37.568122],[126.911301,37.567339],[126.911205,37.567467],[126.910847,37.567716],[126.910237,37.567961],[126.91048,37.567888],[126.909382,37.569163],[126.908979,37.569525],[126.908882,37.569788],[126.908082,37.570195],[126.907359,37.56939],[126.90671,37.569751],[126.906475,37.569478],[126.906226,37.569325],[126.906237,37.569456],[126.905807,37.569643],[126.905959,37.56987],[126.905529,37.570188],[126.905342,37.570209],[126.905133,37.570108],[126.904007,37.569813],[126.90386,37.569684],[126.9038,37.569801],[126.90384,37.569924],[126.903661,37.569959],[126.903348,37.569923],[126.903028,37.570172],[126.903806,37.570803],[126.902448,37.571842],[126.902443,37.571896],[126.902903,37.572271],[126.902972,37.572271],[126.90099,37.573781],[126.901084,37.574074],[126.900924,37.574036],[126.900812,37.573848],[126.900672,37.573533],[126.900611,37.573243],[126.900285,37.573244],[126.90008,37.573426],[126.899897,37.574097],[126.899774,37.574213],[126.899444,37.57436],[126.898875,37.573782],[126.898588,37.573699],[126.898327,37.573426],[126.898289,37.573447],[126.898385,37.573309],[126.898274,37.573055],[126.89811,37.572861],[126.897968,37.572804],[126.898025,37.572771],[126.897749,37.572468],[126.897586,37.572893],[126.897193,37.573042],[126.897093,37.572953],[126.896968,37.572944],[126.895547,37.572931],[126.894618,37.572641],[126.893864,37.573301],[126.893493,37.57324],[126.892999,37.573022],[126.892565,37.572933],[126.892222,37.572918],[126.891969,37.572346],[126.891806,37.571657],[126.891812,37.571488],[126.891532,37.571044],[126.890512,37.57081],[126.889657,37.570538]]]}},{"type":"Feature","properties":{"dong":"11440_중동","sgg_cd":"11440","emd_cd":"11440126","umd_nm":"중동","gu_name":"마포구"},"geometry":{"type":"MultiPolygon","coordinates":[[[[126.900588,37.573849],[126.900611,37.573243],[126.900672,37.573533],[126.900812,37.573848],[126.900924,37.574036],[126.901084,37.574074],[126.90099,37.573781],[126.902972,37.572271],[126.902903,37.572271],[126.902443,37.571896],[126.902448,37.571842],[126.903806,37.570803],[126.903028,37.570172],[126.903348,37.569923],[126.903661,37.569959],[126.90384,37.569924],[126.9038,37.569801],[126.90386,37.569684],[126.904007,37.569813],[126.905133,37.570108],[126.905342,37.570209],[126.905529,37.570188],[126.905959,37.56987],[126.905807,37.569643],[126.906237,37.569456],[126.906226,37.569325],[126.906475,37.569478],[126.90671,37.569751],[126.907359,37.56939],[126.908082,37.570195],[126.908882,37.569788],[126.908979,37.569525],[126.909382,37.569163],[126.91048,37.567888],[126.910236,37.567984],[126.910237,37.567961],[126.910847,37.567716],[126.911205,37.567467],[126.911301,37.567339],[126.911847,37.568122],[126.911912,37.568311],[126.911881,37.568369],[126.911975,37.568551],[126.912862,37.569597],[126.911551,37.570238],[126.910249,37.570774],[126.910311,37.570641],[126.909807,37.57083],[126.909375,37.571106],[126.909084,37.571227],[126.909089,37.571299],[126.908045,37.57192],[126.906707,37.572924],[126.902085,37.576001],[126.901655,37.575667],[126.901347,37.575186],[126.901245,37.574867],[126.900714,37.574142],[126.900588,37.573849]]],[[[126.915292,37.568468],[126.915709,37.568181],[126.916025,37.567858],[126.916608,37.5676],[126.916785,37.567806],[126.915292,37.568468]]]]}},{"type":"Feature","properties":{"dong":"11440_상암동","sgg_cd":"11440","emd_cd":"11440127","umd_nm":"상암동","gu_name":"마포구"},"geometry":{"type":"Polygon","coordinates":[[[126.853632,37.571787],[126.854878,37.570196],[126.860576,37.566599],[126.863969,37.564383],[126.866237,37.563002],[126.868998,37.561979],[126.873294,37.559898],[126.8805,37.556231],[126.886825,37.553089],[126.88812,37.552292],[126.891776,37.555821],[126.894062,37.559427],[126.895423,37.559428],[126.895722,37.559812],[126.894596,37.560159],[126.89499,37.561136],[126.895136,37.561706],[126.895203,37.563032],[126.894766,37.564013],[126.894712,37.564646],[126.89446,37.565493],[126.894351,37.566635],[126.893706,37.567263],[126.892434,37.568128],[126.891465,37.568856],[126.890575,37.569633],[126.889657,37.570538],[126.890512,37.57081],[126.891532,37.571044],[126.891812,37.571488],[126.891806,37.571657],[126.891969,37.572346],[126.892222,37.572918],[126.892565,37.572933],[126.892999,37.573022],[126.893493,37.57324],[126.893864,37.573301],[126.894618,37.572641],[126.895547,37.572931],[126.896968,37.572944],[126.897093,37.572953],[126.897193,37.573042],[126.897586,37.572893],[126.897749,37.572468],[126.898025,37.572771],[126.897968,37.572804],[126.89811,37.572861],[126.898274,37.573055],[126.898385,37.573309],[126.898289,37.573447],[126.898327,37.573426],[126.898588,37.573699],[126.898875,37.573782],[126.899444,37.57436],[126.899774,37.574213],[126.899897,37.574097],[126.900043,37.573509],[126.900148,37.573347],[126.900285,37.573244],[126.900611,37.573243],[126.900588,37.573849],[126.900651,37.574036],[126.901109,37.574636],[126.901245,37.574867],[126.901347,37.575186],[126.901655,37.575667],[126.902085,37.576001],[126.897527,37.579107],[126.894515,37.581051],[126.894093,37.581405],[126.893236,37.581866],[126.88869,37.584742],[126.885733,37.587178],[126.882058,37.590794],[126.881886,37.590639],[126.881986,37.59054],[126.881723,37.590349],[126.880755,37.589828],[126.880349,37.589506],[126.880044,37.589066],[126.879437,37.587874],[126.879323,37.587583],[126.879264,37.587188],[126.879133,37.586772],[126.878871,37.586562],[126.878465,37.586369],[126.877542,37.586248],[126.877265,37.585571],[126.877247,37.585119],[126.877193,37.584936],[126.877087,37.584827],[126.876745,37.584637],[126.876538,37.58444],[126.876561,37.584244],[126.876623,37.584164],[126.876778,37.584146],[126.876973,37.584239],[126.877165,37.584238],[126.877293,37.584173],[126.877331,37.584047],[126.87725,37.583774],[126.876987,37.583388],[126.877098,37.582893],[126.877049,37.582206],[126.876671,37.581632],[126.876625,37.581376],[126.876662,37.58126],[126.877028,37.581019],[126.877471,37.580622],[126.877512,37.580312],[126.877424,37.580106],[126.877683,37.579771],[126.87761,37.579553],[126.877075,37.578867],[126.876259,37.578963],[126.87626,37.578185],[126.875195,37.578274],[126.873915,37.57828],[126.8706,37.578008],[126.868379,37.577521],[126.864941,37.577472],[126.859294,37.575241],[126.859285,37.574915],[126.853628,37.573799],[126.853632,37.571787]]]}},{"type":"Feature","properties":{"dong":"11470_신정동","sgg_cd":"11470","emd_cd":"11470101","umd_nm":"신정동","gu_name":"양천구"},"geometry":{"type":"Polygon","coordinates":[[[126.825092,37.514698],[126.825506,37.513754],[126.82591,37.513161],[126.826503,37.512646],[126.827018,37.512433],[126.82801,37.512267],[126.827287,37.511733],[126.82704,37.511485],[126.827101,37.511144],[126.826949,37.510368],[126.826737,37.509751],[126.826461,37.509516],[126.826628,37.50951],[126.827086,37.509298],[126.827049,37.508536],[126.82774,37.508735],[126.828155,37.508774],[126.829346,37.508414],[126.829549,37.508292],[126.829898,37.508317],[126.830324,37.508248],[126.830648,37.508167],[126.831014,37.507977],[126.831017,37.507828],[126.83066,37.506871],[126.830615,37.506313],[126.83123,37.505865],[126.831262,37.505717],[126.831538,37.505448],[126.831649,37.505082],[126.832061,37.504618],[126.832976,37.504224],[126.833067,37.504034],[126.833635,37.503877],[126.833982,37.503355],[126.835304,37.502816],[126.836454,37.503029],[126.836898,37.503284],[126.837502,37.503241],[126.837861,37.503496],[126.838175,37.503796],[126.838402,37.504352],[126.838804,37.504499],[126.839293,37.504398],[126.83958,37.504457],[126.83998,37.504873],[126.840111,37.505382],[126.840508,37.505484],[126.840637,37.505827],[126.840762,37.506016],[126.841182,37.505819],[126.842133,37.50563],[126.84245,37.505449],[126.842723,37.505462],[126.843571,37.505788],[126.844422,37.505658],[126.844494,37.505792],[126.844505,37.505722],[126.84468,37.505755],[126.844358,37.506536],[126.844533,37.506757],[126.844835,37.507401],[126.845159,37.507783],[126.845339,37.507812],[126.845357,37.507774],[126.846079,37.508065],[126.846162,37.508146],[126.846409,37.508615],[126.846392,37.508737],[126.84639,37.508613],[126.84614,37.508159],[126.845954,37.508028],[126.846194,37.508461],[126.846258,37.508967],[126.846655,37.509083],[126.846983,37.509387],[126.84727,37.509524],[126.847591,37.509384],[126.847903,37.509165],[126.848731,37.50882],[126.849093,37.509006],[126.849517,37.509558],[126.850113,37.510091],[126.850751,37.509975],[126.851382,37.510056],[126.852197,37.510425],[126.852552,37.510443],[126.852907,37.510643],[126.853179,37.510491],[126.85518,37.509674],[126.855593,37.509104],[126.858344,37.509868],[126.860316,37.506609],[126.860433,37.506749],[126.862691,37.507403],[126.863154,37.507857],[126.86354,37.508024],[126.864097,37.508355],[126.863775,37.507992],[126.863715,37.507822],[126.863151,37.507381],[126.862637,37.506791],[126.86288,37.506628],[126.86298,37.506517],[126.862921,37.506567],[126.862654,37.506451],[126.862731,37.50605],[126.862842,37.505804],[126.863313,37.50518],[126.863525,37.505051],[126.864648,37.504867],[126.8647,37.504886],[126.864803,37.505073],[126.864829,37.505504],[126.865246,37.505586],[126.865814,37.505571],[126.866517,37.505383],[126.866448,37.505258],[126.866567,37.505206],[126.86679,37.505294],[126.867137,37.505299],[126.867965,37.504888],[126.869153,37.504868],[126.870275,37.505834],[126.870649,37.505755],[126.871021,37.505274],[126.871205,37.505133],[126.871457,37.505069],[126.871434,37.504852],[126.871481,37.504697],[126.871867,37.504128],[126.872307,37.504082],[126.872675,37.503881],[126.873179,37.503781],[126.87359,37.503544],[126.873787,37.504274],[126.873731,37.504506],[126.873741,37.504719],[126.873876,37.504947],[126.87411,37.505148],[126.874422,37.50609],[126.874706,37.506629],[126.874456,37.506654],[126.874289,37.506775],[126.874181,37.506953],[126.874212,37.507178],[126.874474,37.507378],[126.874852,37.507499],[126.875001,37.507599],[126.875041,37.507713],[126.874892,37.50812],[126.874766,37.508303],[126.873906,37.508676],[126.873793,37.508819],[126.873788,37.509022],[126.87385,37.509162],[126.874021,37.50939],[126.874323,37.509495],[126.874517,37.509471],[126.874793,37.509332],[126.87502,37.509312],[126.875436,37.50946],[126.875606,37.509664],[126.875611,37.50974],[126.875447,37.50998],[126.875347,37.510022],[126.875179,37.510525],[126.875205,37.510692],[126.875356,37.510918],[126.875603,37.511123],[126.875911,37.511127],[126.876115,37.511053],[126.876219,37.510985],[126.876437,37.510652],[126.876518,37.510627],[126.876644,37.510625],[126.876725,37.510678],[126.876845,37.510848],[126.876731,37.511025],[126.876566,37.511152],[126.875837,37.511295],[126.875575,37.511453],[126.875345,37.511737],[126.875199,37.511789],[126.875067,37.5118],[126.874865,37.511638],[126.874863,37.511409],[126.874964,37.511153],[126.874904,37.510898],[126.874672,37.510687],[126.874311,37.510615],[126.874035,37.510771],[126.874002,37.510807],[126.873997,37.511297],[126.8751,37.512417],[126.875124,37.512382],[126.875181,37.512447],[126.875324,37.512244],[126.875598,37.512166],[126.875734,37.512191],[126.876104,37.512409],[126.876333,37.512681],[126.876451,37.512919],[126.876387,37.513291],[126.876501,37.513548],[126.876651,37.51367],[126.876959,37.513745],[126.877261,37.513717],[126.877483,37.513584],[126.877734,37.513281],[126.877872,37.51329],[126.877942,37.513377],[126.877817,37.513626],[126.877661,37.513805],[126.877515,37.514673],[126.877581,37.515025],[126.877664,37.515108],[126.877724,37.515356],[126.877797,37.515436],[126.877775,37.515555],[126.877379,37.515815],[126.877306,37.515966],[126.877357,37.516089],[126.877492,37.516175],[126.87807,37.516223],[126.878489,37.516406],[126.878957,37.51693],[126.878905,37.51707],[126.878655,37.517182],[126.878469,37.517386],[126.878478,37.517531],[126.87858,37.517626],[126.878743,37.517654],[126.879291,37.517515],[126.879422,37.517527],[126.879546,37.517655],[126.879449,37.517764],[126.878797,37.517882],[126.878392,37.51818],[126.87814,37.518781],[126.878121,37.519046],[126.878277,37.519485],[126.8784,37.519651],[126.879032,37.520032],[126.879349,37.520388],[126.879383,37.520513],[126.879346,37.520857],[126.879142,37.522042],[126.878871,37.522528],[126.87873,37.522527],[126.878101,37.522294],[126.877683,37.52221],[126.877675,37.522277],[126.87,37.523279],[126.87005,37.52321],[126.869426,37.523532],[126.869429,37.523617],[126.868801,37.523949],[126.868694,37.523851],[126.868362,37.524013],[126.868393,37.523926],[126.865727,37.522595],[126.865568,37.522647],[126.86445,37.526128],[126.864281,37.526108],[126.863969,37.529792],[126.84887,37.527898],[126.852505,37.521078],[126.851012,37.522091],[126.850746,37.522226],[126.850377,37.522336],[126.847874,37.522526],[126.847241,37.522376],[126.846761,37.522074],[126.848652,37.520691],[126.848465,37.516269],[126.848605,37.515952],[126.847944,37.51596],[126.847529,37.515779],[126.846939,37.515782],[126.84674,37.515549],[126.846968,37.515017],[126.846183,37.514755],[126.846007,37.51483],[126.845798,37.514797],[126.845105,37.514388],[126.845006,37.514103],[126.844811,37.513928],[126.844348,37.513994],[126.844129,37.514163],[126.843515,37.514088],[126.842563,37.513132],[126.842406,37.513066],[126.841819,37.513197],[126.841482,37.512948],[126.841312,37.513358],[126.840913,37.513203],[126.840653,37.513905],[126.840041,37.513835],[126.839866,37.51419],[126.83894,37.513912],[126.838451,37.513675],[126.837725,37.513569],[126.836844,37.514121],[126.836441,37.514299],[126.836307,37.51431],[126.83598,37.514581],[126.835229,37.514935],[126.835129,37.515186],[126.835071,37.515577],[126.83375,37.515172],[126.833736,37.515319],[126.833243,37.516061],[126.833054,37.51595],[126.832755,37.515568],[126.832299,37.515455],[126.831888,37.515194],[126.831671,37.514938],[126.831629,37.514591],[126.83116,37.514544],[126.831141,37.514849],[126.831611,37.515254],[126.831878,37.515645],[126.832222,37.515931],[126.832229,37.516046],[126.832119,37.516338],[126.831928,37.516665],[126.831464,37.516964],[126.830167,37.517634],[126.829853,37.517671],[126.829329,37.517637],[126.828898,37.517492],[126.82839,37.517133],[126.827798,37.516498],[126.827323,37.516309],[126.827028,37.516105],[126.826822,37.515587],[126.826826,37.515306],[126.826772,37.515176],[126.826216,37.515041],[126.825289,37.51497],[126.825104,37.514801],[126.825092,37.514698]]]}},{"type":"Feature","properties":{"dong":"11470_목동","sgg_cd":"11470","emd_cd":"11470102","umd_nm":"목동","gu_name":"양천구"},"geometry":{"type":"Polygon","coordinates":[[[126.862118,37.54449],[126.862122,37.544151],[126.862276,37.543656],[126.863599,37.541242],[126.863737,37.540943],[126.863777,37.54071],[126.863785,37.540395],[126.863442,37.536013],[126.864281,37.526108],[126.86445,37.526128],[126.865568,37.522647],[126.865727,37.522595],[126.868393,37.523926],[126.868362,37.524013],[126.868694,37.523851],[126.868801,37.523949],[126.869429,37.523617],[126.869426,37.523532],[126.87005,37.52321],[126.87,37.523279],[126.877675,37.522277],[126.877683,37.52221],[126.878101,37.522294],[126.87873,37.522527],[126.879118,37.522507],[126.878964,37.522931],[126.878926,37.52319],[126.878972,37.523644],[126.878928,37.524064],[126.878691,37.52463],[126.878666,37.524911],[126.878701,37.525123],[126.878856,37.525385],[126.879172,37.52564],[126.879407,37.525737],[126.880473,37.525734],[126.880711,37.525776],[126.88094,37.525908],[126.881124,37.526132],[126.881187,37.526323],[126.881174,37.526518],[126.880679,37.527105],[126.880605,37.52732],[126.880677,37.527538],[126.881006,37.527734],[126.881179,37.527781],[126.88191,37.527618],[126.882718,37.527238],[126.883112,37.527223],[126.883345,37.52728],[126.883626,37.527441],[126.883732,37.527555],[126.883873,37.527879],[126.883904,37.52839],[126.884177,37.528668],[126.885215,37.52919],[126.885999,37.529447],[126.887183,37.530192],[126.887687,37.530375],[126.888467,37.53043],[126.888943,37.530354],[126.889371,37.530193],[126.889589,37.529982],[126.889667,37.530152],[126.889774,37.530078],[126.889753,37.530276],[126.890569,37.531452],[126.890682,37.531536],[126.890642,37.531574],[126.890729,37.53168],[126.890332,37.531893],[126.889068,37.531925],[126.888836,37.532022],[126.888661,37.532165],[126.888572,37.532399],[126.888582,37.532548],[126.88869,37.532762],[126.889838,37.533423],[126.890049,37.533704],[126.890171,37.534103],[126.890155,37.534376],[126.889944,37.534873],[126.889426,37.53559],[126.888652,37.536285],[126.888323,37.536669],[126.887716,37.537533],[126.88713,37.538589],[126.886905,37.538783],[126.886583,37.539293],[126.886233,37.539949],[126.885509,37.541576],[126.885449,37.541849],[126.88545,37.542329],[126.885088,37.543321],[126.884748,37.543297],[126.884436,37.543384],[126.884245,37.543565],[126.88424,37.544319],[126.884092,37.544636],[126.883615,37.545072],[126.882746,37.545754],[126.882524,37.546032],[126.882303,37.546491],[126.882135,37.546724],[126.880814,37.548079],[126.88048,37.54819],[126.879949,37.548131],[126.880256,37.547735],[126.877958,37.547098],[126.874174,37.546935],[126.873514,37.546958],[126.872644,37.547072],[126.871786,37.547281],[126.870652,37.547708],[126.865757,37.550664],[126.864466,37.551242],[126.864207,37.551152],[126.862118,37.54449]]]}},{"type":"Feature","properties":{"dong":"11470_신월동","sgg_cd":"11470","emd_cd":"11470103","umd_nm":"신월동","gu_name":"양천구"},"geometry":{"type":"Polygon","coordinates":[[[126.821603,37.539756],[126.822321,37.537923],[126.822341,37.536992],[126.822434,37.536543],[126.821868,37.534903],[126.822623,37.534201],[126.822703,37.533754],[126.823281,37.533806],[126.823552,37.533763],[126.823474,37.533447],[126.823496,37.532947],[126.82343,37.532616],[126.823661,37.532271],[126.823907,37.532024],[126.823912,37.531843],[126.824546,37.531252],[126.82472,37.530582],[126.825304,37.529956],[126.825568,37.529842],[126.826544,37.529804],[126.827055,37.529695],[126.828301,37.529077],[126.827937,37.528346],[126.828003,37.527981],[126.828442,37.526706],[126.828858,37.526529],[126.828275,37.5263],[126.828175,37.526103],[126.828179,37.525834],[126.827276,37.52527],[126.826698,37.525116],[126.826462,37.524923],[126.826432,37.524754],[126.826268,37.524565],[126.82606,37.524144],[126.825812,37.524235],[126.825781,37.524202],[126.826044,37.524114],[126.82582,37.523708],[126.825137,37.523005],[126.825195,37.522808],[126.82566,37.522235],[126.82548,37.521752],[126.825589,37.521752],[126.825542,37.521451],[126.825624,37.521143],[126.825678,37.521133],[126.825702,37.521053],[126.82568,37.52025],[126.825519,37.520209],[126.82549,37.519863],[126.825138,37.519072],[126.824592,37.518046],[126.824496,37.517715],[126.823104,37.51622],[126.823401,37.514953],[126.823796,37.514663],[126.824255,37.514467],[126.824298,37.51369],[126.824436,37.51317],[126.824156,37.512407],[126.823894,37.510837],[126.824051,37.510495],[126.824344,37.510226],[126.824183,37.509678],[126.823904,37.509095],[126.82408,37.508875],[126.824738,37.508281],[126.826401,37.508735],[126.826546,37.508743],[126.826921,37.508514],[126.827049,37.508536],[126.827086,37.509298],[126.826628,37.50951],[126.826461,37.509516],[126.826737,37.509751],[126.826949,37.510368],[126.827101,37.511144],[126.82704,37.511485],[126.827287,37.511733],[126.82801,37.512267],[126.827018,37.512433],[126.826503,37.512646],[126.82591,37.513161],[126.825506,37.513754],[126.825092,37.514698],[126.825104,37.514801],[126.825289,37.51497],[126.826216,37.515041],[126.826772,37.515176],[126.826826,37.515306],[126.826822,37.515587],[126.827028,37.516105],[126.827323,37.516309],[126.827798,37.516498],[126.82839,37.517133],[126.828898,37.517492],[126.829329,37.517637],[126.830106,37.517653],[126.831464,37.516964],[126.831928,37.516665],[126.832119,37.516338],[126.832229,37.516046],[126.832222,37.515931],[126.831878,37.515645],[126.831611,37.515254],[126.831141,37.514849],[126.83116,37.514544],[126.831629,37.514591],[126.831671,37.514938],[126.831888,37.515194],[126.832299,37.515455],[126.832755,37.515568],[126.833054,37.51595],[126.833243,37.516061],[126.833736,37.515319],[126.83375,37.515172],[126.835071,37.515577],[126.835129,37.515186],[126.835229,37.514935],[126.83598,37.514581],[126.836307,37.51431],[126.836441,37.514299],[126.836844,37.514121],[126.837725,37.513569],[126.838451,37.513675],[126.83894,37.513912],[126.839866,37.51419],[126.840041,37.513835],[126.840653,37.513905],[126.840913,37.513203],[126.841312,37.513358],[126.841482,37.512948],[126.841819,37.513197],[126.842406,37.513066],[126.842563,37.513132],[126.843515,37.514088],[126.844129,37.514163],[126.844348,37.513994],[126.844811,37.513928],[126.845006,37.514103],[126.845105,37.514388],[126.845798,37.514797],[126.846007,37.51483],[126.846183,37.514755],[126.846968,37.515017],[126.84674,37.515549],[126.846939,37.515782],[126.847529,37.515779],[126.847944,37.51596],[126.848605,37.515952],[126.848465,37.516269],[126.848652,37.520691],[126.846761,37.522074],[126.846841,37.522142],[126.847316,37.522405],[126.847957,37.522532],[126.850377,37.522336],[126.850746,37.522226],[126.851012,37.522091],[126.852505,37.521078],[126.84887,37.527898],[126.840476,37.526485],[126.834405,37.536457],[126.835104,37.536718],[126.835208,37.537126],[126.83516,37.537532],[126.833734,37.539842],[126.833102,37.541849],[126.832737,37.5418],[126.832682,37.541832],[126.830544,37.541759],[126.83031,37.541482],[126.830179,37.541552],[126.830249,37.541627],[126.830139,37.541648],[126.830095,37.541597],[126.829985,37.541656],[126.83001,37.542521],[126.830267,37.542535],[126.829712,37.543735],[126.829729,37.543954],[126.829634,37.544093],[126.829855,37.544472],[126.830029,37.544639],[126.830289,37.545616],[126.830474,37.54578],[126.830238,37.546178],[126.830126,37.546198],[126.830092,37.546429],[126.82996,37.546555],[126.82995,37.546922],[126.829846,37.547171],[126.829749,37.547707],[126.827888,37.547533],[126.827564,37.547681],[126.827451,37.547263],[126.827488,37.546962],[126.827197,37.546793],[126.827073,37.546636],[126.826999,37.54605],[126.8268,37.545844],[126.826584,37.545435],[126.826284,37.545229],[126.825978,37.54484],[126.82571,37.544255],[126.825738,37.543894],[126.826124,37.543269],[126.82604,37.542911],[126.825312,37.542037],[126.82538,37.541608],[126.824443,37.541294],[126.823986,37.541321],[126.822146,37.54067],[126.821603,37.539756]]]}},{"type":"Feature","properties":{"dong":"11500_염창동","sgg_cd":"11500","emd_cd":"11500101","umd_nm":"염창동","gu_name":"강서구"},"geometry":{"type":"Polygon","coordinates":[[[126.863042,37.564997],[126.861656,37.563427],[126.865154,37.561351],[126.865889,37.561143],[126.86765,37.560165],[126.867429,37.559708],[126.867311,37.55972],[126.867284,37.559631],[126.865952,37.55923],[126.865506,37.559043],[126.86435,37.558037],[126.863317,37.556944],[126.863337,37.556851],[126.863633,37.556692],[126.863329,37.556692],[126.864694,37.55593],[126.866246,37.554714],[126.867305,37.554176],[126.865029,37.550989],[126.866208,37.55039],[126.870656,37.547718],[126.871596,37.547342],[126.872644,37.547072],[126.873514,37.546958],[126.874175,37.546935],[126.877959,37.547098],[126.880256,37.547735],[126.879949,37.548131],[126.88048,37.54819],[126.880792,37.548088],[126.880356,37.548456],[126.879855,37.549357],[126.879327,37.550155],[126.878048,37.551701],[126.878005,37.553035],[126.877929,37.553336],[126.878004,37.553496],[126.878238,37.553582],[126.879217,37.553151],[126.879237,37.554747],[126.880464,37.556269],[126.874183,37.559483],[126.86906,37.561967],[126.866291,37.563052],[126.863825,37.56449],[126.863042,37.564997]]]}},{"type":"Feature","properties":{"dong":"11500_등촌동","sgg_cd":"11500","emd_cd":"11500102","umd_nm":"등촌동","gu_name":"강서구"},"geometry":{"type":"Polygon","coordinates":[[[126.847479,37.565013],[126.845108,37.566293],[126.844555,37.566514],[126.84101,37.56842],[126.841056,37.568313],[126.840666,37.566584],[126.838441,37.559664],[126.838592,37.559649],[126.838244,37.558558],[126.846869,37.557697],[126.847488,37.557585],[126.848026,37.557432],[126.856495,37.554469],[126.856496,37.554274],[126.857612,37.553883],[126.857572,37.553736],[126.857261,37.553468],[126.857165,37.553111],[126.857369,37.552372],[126.85731,37.552164],[126.857449,37.551526],[126.85759,37.551544],[126.858086,37.551469],[126.857648,37.551083],[126.85755,37.55084],[126.85743,37.550731],[126.857372,37.550025],[126.856965,37.549768],[126.856857,37.549634],[126.857016,37.549165],[126.857008,37.548999],[126.856752,37.548556],[126.856672,37.548271],[126.856106,37.547184],[126.855826,37.547196],[126.855746,37.546966],[126.855371,37.546614],[126.85502,37.546499],[126.854816,37.545988],[126.854822,37.545007],[126.855004,37.544696],[126.85476,37.544279],[126.854415,37.54392],[126.855609,37.542958],[126.855896,37.54281],[126.857107,37.542465],[126.857512,37.542272],[126.857659,37.542278],[126.857884,37.542381],[126.858495,37.542153],[126.859145,37.54205],[126.859757,37.541873],[126.860427,37.541437],[126.860575,37.540426],[126.860366,37.540025],[126.860408,37.539735],[126.860582,37.53956],[126.860653,37.538542],[126.860914,37.538431],[126.860975,37.538104],[126.860959,37.537932],[126.86104,37.537792],[126.860937,37.537172],[126.861231,37.536783],[126.861785,37.536367],[126.861861,37.53573],[126.86177,37.535543],[126.863474,37.535634],[126.863447,37.536285],[126.863776,37.54026],[126.863778,37.54071],[126.863671,37.541095],[126.863394,37.541613],[126.863434,37.54172],[126.862897,37.542518],[126.862276,37.543656],[126.862121,37.544144],[126.86212,37.544488],[126.864205,37.55115],[126.864466,37.551241],[126.865029,37.550989],[126.867305,37.554176],[126.866246,37.554714],[126.864795,37.555858],[126.864263,37.556192],[126.855179,37.561055],[126.84871,37.564414],[126.847479,37.565013]]]}},{"type":"Feature","properties":{"dong":"11500_화곡동","sgg_cd":"11500","emd_cd":"11500103","umd_nm":"화곡동","gu_name":"강서구"},"geometry":{"type":"Polygon","coordinates":[[[126.829759,37.547732],[126.829837,37.547173],[126.830106,37.546207],[126.830236,37.546168],[126.830456,37.545774],[126.83003,37.544638],[126.82968,37.544071],[126.829716,37.543726],[126.830233,37.542632],[126.830011,37.542521],[126.829985,37.541656],[126.830196,37.541602],[126.830179,37.541552],[126.83031,37.541482],[126.830544,37.541759],[126.832681,37.541832],[126.832742,37.5418],[126.833102,37.541849],[126.833734,37.539842],[126.83516,37.537532],[126.835211,37.537125],[126.835109,37.536731],[126.834413,37.536455],[126.840477,37.526487],[126.848882,37.527899],[126.863973,37.529789],[126.863474,37.535634],[126.86177,37.535543],[126.861861,37.53573],[126.861785,37.536367],[126.861231,37.536783],[126.860937,37.537172],[126.86104,37.537792],[126.860959,37.537932],[126.860975,37.538104],[126.860914,37.538431],[126.860653,37.538542],[126.860582,37.53956],[126.860408,37.539735],[126.860366,37.540025],[126.860575,37.540426],[126.860427,37.541437],[126.859757,37.541873],[126.859145,37.54205],[126.858495,37.542153],[126.857884,37.542381],[126.857659,37.542278],[126.857512,37.542272],[126.857107,37.542465],[126.855896,37.54281],[126.855609,37.542958],[126.854415,37.54392],[126.85476,37.544279],[126.855004,37.544696],[126.854822,37.545007],[126.854816,37.545988],[126.85502,37.546499],[126.855371,37.546614],[126.855746,37.546966],[126.855826,37.547196],[126.856106,37.547184],[126.856672,37.548271],[126.856752,37.548556],[126.857008,37.548999],[126.857016,37.549165],[126.856857,37.549634],[126.856965,37.549768],[126.857372,37.550025],[126.85743,37.550731],[126.85755,37.55084],[126.857648,37.551083],[126.858086,37.551469],[126.85759,37.551544],[126.857449,37.551526],[126.85731,37.552164],[126.857369,37.552372],[126.857165,37.553111],[126.857261,37.553468],[126.857572,37.553736],[126.857612,37.553883],[126.856496,37.554274],[126.856495,37.554469],[126.847775,37.55751],[126.846869,37.557697],[126.845403,37.557845],[126.845489,37.557585],[126.845556,37.557541],[126.845591,37.557238],[126.845443,37.556602],[126.845639,37.55623],[126.845737,37.555619],[126.845673,37.554904],[126.845822,37.554503],[126.845661,37.553998],[126.845062,37.55342],[126.844724,37.553198],[126.844241,37.552977],[126.843511,37.552857],[126.843172,37.552694],[126.842183,37.551203],[126.842034,37.55109],[126.842182,37.551089],[126.842258,37.551023],[126.84186,37.550582],[126.841599,37.550486],[126.840971,37.550426],[126.84061,37.550498],[126.840053,37.550959],[126.839363,37.551146],[126.839254,37.550798],[126.836332,37.550813],[126.836327,37.547965],[126.833306,37.547969],[126.833281,37.547854],[126.833234,37.547898],[126.833155,37.547559],[126.832935,37.547398],[126.83284,37.547523],[126.832478,37.54745],[126.831806,37.547469],[126.831774,37.547425],[126.831439,37.547423],[126.831434,37.547479],[126.831091,37.547488],[126.830916,37.547756],[126.830745,37.547911],[126.830676,37.547807],[126.830343,37.547737],[126.829759,37.547732]]]}},{"type":"Feature","properties":{"dong":"11500_가양동","sgg_cd":"11500","emd_cd":"11500104","umd_nm":"가양동","gu_name":"강서구"},"geometry":{"type":"Polygon","coordinates":[[[126.837861,37.570152],[126.844555,37.566514],[126.845108,37.566293],[126.847454,37.565023],[126.84871,37.564415],[126.855179,37.561056],[126.863329,37.556693],[126.863633,37.556693],[126.863337,37.556852],[126.863317,37.556945],[126.864316,37.558004],[126.865506,37.559044],[126.865952,37.559231],[126.867284,37.559632],[126.867311,37.559721],[126.867429,37.559709],[126.867618,37.560033],[126.867643,37.56018],[126.867211,37.560442],[126.86693,37.560543],[126.865889,37.561143],[126.865154,37.561352],[126.861656,37.563428],[126.863042,37.564998],[126.85608,37.569437],[126.85502,37.570259],[126.853522,37.571897],[126.852347,37.572723],[126.848381,37.575158],[126.847296,37.576003],[126.84324,37.57888],[126.842411,37.579263],[126.839877,37.576696],[126.839754,37.576004],[126.840011,37.575462],[126.839729,37.575273],[126.839692,37.574703],[126.839738,37.574485],[126.839373,37.574002],[126.83886,37.573706],[126.839018,37.573459],[126.838928,37.573062],[126.838899,37.572423],[126.838912,37.572327],[126.838969,37.572299],[126.838952,37.571978],[126.838992,37.571869],[126.838922,37.571534],[126.838827,37.571552],[126.838249,37.57126],[126.837838,37.571124],[126.837794,37.570698],[126.837528,37.570629],[126.838033,37.570357],[126.837861,37.570152]]]}},{"type":"Feature","properties":{"dong":"11500_마곡동","sgg_cd":"11500","emd_cd":"11500105","umd_nm":"마곡동","gu_name":"강서구"},"geometry":{"type":"Polygon","coordinates":[[[126.839738,37.574485],[126.839692,37.574703],[126.839729,37.575273],[126.840011,37.575462],[126.839754,37.576004],[126.839877,37.576696],[126.84241,37.579262],[126.838098,37.581793],[126.837149,37.582563],[126.83176,37.585843],[126.827812,37.587484],[126.826349,37.588429],[126.8231,37.585626],[126.822415,37.585137],[126.821472,37.584621],[126.821417,37.584675],[126.82112,37.584585],[126.820689,37.584759],[126.820266,37.584824],[126.819621,37.584766],[126.818945,37.585075],[126.818878,37.584991],[126.819448,37.584708],[126.818807,37.584514],[126.819165,37.584338],[126.818799,37.583846],[126.818704,37.583645],[126.818638,37.583182],[126.818706,37.582993],[126.818957,37.582843],[126.819618,37.582274],[126.819566,37.582198],[126.819679,37.581997],[126.819773,37.581459],[126.819753,37.580408],[126.819869,37.580339],[126.819977,37.579679],[126.820084,37.579578],[126.820133,37.579413],[126.82,37.579138],[126.819199,37.578489],[126.819158,37.578398],[126.819206,37.578037],[126.819562,37.576844],[126.820589,37.574979],[126.820596,37.57349],[126.820672,37.57343],[126.820369,37.573436],[126.820366,37.573169],[126.816909,37.573262],[126.816954,37.573212],[126.81695,37.572785],[126.816767,37.565997],[126.8167,37.560895],[126.816557,37.557283],[126.816589,37.556339],[126.819936,37.556752],[126.8199,37.556717],[126.819956,37.555513],[126.820343,37.555183],[126.822593,37.556854],[126.822593,37.556793],[126.823954,37.555654],[126.826529,37.555492],[126.826528,37.555546],[126.826628,37.555486],[126.831734,37.555168],[126.831777,37.55523],[126.832193,37.554859],[126.83226,37.554503],[126.832572,37.554746],[126.832747,37.555032],[126.832834,37.555081],[126.833598,37.555021],[126.833626,37.55505],[126.836242,37.55481],[126.837462,37.558635],[126.838244,37.558558],[126.838592,37.559649],[126.838441,37.559665],[126.840666,37.566584],[126.841056,37.568313],[126.84101,37.56842],[126.837861,37.570152],[126.838033,37.570357],[126.837528,37.570629],[126.837794,37.570698],[126.837838,37.571124],[126.838249,37.57126],[126.838827,37.571552],[126.838922,37.571534],[126.838992,37.571869],[126.838952,37.571978],[126.838969,37.572299],[126.838912,37.572327],[126.838899,37.572423],[126.838928,37.573062],[126.839018,37.573459],[126.83886,37.573706],[126.839373,37.574002],[126.839738,37.574485]]]}},{"type":"Feature","properties":{"dong":"11500_내발산동","sgg_cd":"11500","emd_cd":"11500106","umd_nm":"내발산동","gu_name":"강서구"},"geometry":{"type":"Polygon","coordinates":[[[126.845673,37.554904],[126.845737,37.555619],[126.845639,37.55623],[126.845443,37.556602],[126.845591,37.557238],[126.845556,37.557541],[126.845489,37.557585],[126.845403,37.557845],[126.837462,37.558635],[126.836242,37.55481],[126.833626,37.55505],[126.833598,37.555021],[126.832834,37.555081],[126.832747,37.555032],[126.832572,37.554746],[126.83226,37.554503],[126.832193,37.554859],[126.831777,37.55523],[126.831734,37.555168],[126.826628,37.555486],[126.826528,37.555546],[126.826529,37.555492],[126.823954,37.555654],[126.825144,37.554659],[126.822556,37.552709],[126.822404,37.552502],[126.821045,37.551523],[126.821487,37.551411],[126.821884,37.551134],[126.821873,37.551039],[126.822228,37.550835],[126.822715,37.550104],[126.822933,37.549686],[126.822812,37.549534],[126.822537,37.549422],[126.822418,37.549321],[126.821881,37.549126],[126.820055,37.548886],[126.821152,37.547166],[126.821489,37.547233],[126.821833,37.547229],[126.821937,37.547297],[126.822176,37.547324],[126.822219,37.546983],[126.823827,37.547109],[126.823906,37.547425],[126.824137,37.547415],[126.824173,37.547609],[126.82442,37.547584],[126.824424,37.547398],[126.824764,37.547393],[126.824979,37.547315],[126.825075,37.547415],[126.825725,37.547788],[126.827474,37.547446],[126.827625,37.547694],[126.827978,37.54756],[126.82969,37.547727],[126.830343,37.547737],[126.830676,37.547807],[126.830745,37.547911],[126.830916,37.547756],[126.831091,37.547488],[126.831434,37.547479],[126.831439,37.547423],[126.831774,37.547425],[126.831806,37.547469],[126.832478,37.54745],[126.83284,37.547523],[126.832935,37.547398],[126.833155,37.547559],[126.833234,37.547898],[126.833281,37.547854],[126.833306,37.547969],[126.836327,37.547965],[126.836332,37.550813],[126.839254,37.550798],[126.839363,37.551146],[126.840053,37.550959],[126.84061,37.550498],[126.840971,37.550426],[126.841599,37.550486],[126.84186,37.550582],[126.842258,37.551023],[126.842182,37.551089],[126.842034,37.55109],[126.842183,37.551203],[126.843172,37.552694],[126.843511,37.552857],[126.844241,37.552977],[126.844724,37.553198],[126.845062,37.55342],[126.845526,37.553844],[126.845661,37.553998],[126.845822,37.554503],[126.845673,37.554904]]]}},{"type":"Feature","properties":{"dong":"11500_외발산동","sgg_cd":"11500","emd_cd":"11500107","umd_nm":"외발산동","gu_name":"강서구"},"geometry":{"type":"MultiPolygon","coordinates":[[[[126.823954,37.555654],[126.822593,37.556793],[126.822593,37.556854],[126.820487,37.555274],[126.820343,37.555183],[126.820175,37.555318],[126.813663,37.550417],[126.813874,37.549725],[126.813892,37.549459],[126.81376,37.54829],[126.813904,37.547637],[126.8139,37.547405],[126.814109,37.547055],[126.81436,37.546812],[126.814352,37.546538],[126.814467,37.546299],[126.814685,37.54602],[126.815073,37.545701],[126.81528,37.54559],[126.815361,37.545594],[126.815105,37.544947],[126.815267,37.544857],[126.815272,37.544772],[126.81513,37.544627],[126.815081,37.544639],[126.81505,37.544477],[126.814944,37.544353],[126.814912,37.544165],[126.814843,37.544087],[126.814677,37.544045],[126.814699,37.543928],[126.814563,37.543753],[126.81443,37.543712],[126.814363,37.543581],[126.81381,37.543508],[126.813346,37.543339],[126.813521,37.542765],[126.813321,37.542366],[126.813152,37.541789],[126.813011,37.541455],[126.812517,37.540869],[126.812334,37.540736],[126.813513,37.540632],[126.813498,37.540703],[126.814726,37.540682],[126.815348,37.540575],[126.816312,37.540551],[126.817349,37.540661],[126.818168,37.54066],[126.81932,37.540744],[126.820936,37.540752],[126.822067,37.540672],[126.822329,37.540727],[126.823993,37.541317],[126.824153,37.541365],[126.824426,37.541358],[126.825387,37.54168],[126.825356,37.542089],[126.826082,37.542966],[126.826081,37.543301],[126.825715,37.543912],[126.825741,37.544302],[126.826013,37.544884],[126.826332,37.545246],[126.826623,37.545462],[126.826788,37.545793],[126.82696,37.545965],[126.82702,37.546081],[126.827052,37.546484],[126.827125,37.546693],[126.827395,37.546904],[126.827452,37.546999],[126.827429,37.547243],[126.827474,37.547446],[126.825725,37.547788],[126.825075,37.547415],[126.824979,37.547315],[126.824764,37.547393],[126.824424,37.547398],[126.82442,37.547584],[126.824173,37.547609],[126.824137,37.547415],[126.823906,37.547425],[126.823827,37.547109],[126.822219,37.546983],[126.822176,37.547324],[126.821937,37.547297],[126.821833,37.547229],[126.821489,37.547233],[126.821152,37.547166],[126.820055,37.548886],[126.821881,37.549126],[126.822418,37.549321],[126.822537,37.549422],[126.822812,37.549534],[126.822933,37.549686],[126.822715,37.550104],[126.822228,37.550835],[126.821873,37.551039],[126.821884,37.551134],[126.821487,37.551411],[126.821045,37.551523],[126.822404,37.552502],[126.822556,37.552709],[126.825144,37.554659],[126.823954,37.555654]]],[[[126.823954,37.555654],[126.824039,37.555649],[126.824584,37.555616],[126.824765,37.555604],[126.824904,37.555595],[126.823954,37.555654]]]]}},{"type":"Feature","properties":{"dong":"11500_공항동","sgg_cd":"11500","emd_cd":"11500108","umd_nm":"공항동","gu_name":"강서구"},"geometry":{"type":"Polygon","coordinates":[[[126.803683,37.561214],[126.800952,37.560903],[126.798569,37.560515],[126.797361,37.560463],[126.797329,37.560286],[126.797544,37.559386],[126.797665,37.559188],[126.797378,37.558937],[126.797468,37.558436],[126.797976,37.557561],[126.799607,37.555534],[126.80055,37.554168],[126.800928,37.553333],[126.80099,37.553099],[126.800975,37.553268],[126.801142,37.553054],[126.801536,37.552116],[126.801807,37.551265],[126.801852,37.551267],[126.801606,37.54982],[126.801666,37.549544],[126.801891,37.549143],[126.801861,37.549135],[126.802179,37.548282],[126.802226,37.547939],[126.802351,37.547547],[126.802523,37.547283],[126.803086,37.54673],[126.803402,37.54615],[126.803726,37.545706],[126.803891,37.545567],[126.804167,37.545471],[126.804842,37.545377],[126.806005,37.544593],[126.806872,37.5439],[126.807638,37.54347],[126.807922,37.543265],[126.807886,37.543265],[126.808653,37.54288],[126.810345,37.541646],[126.810595,37.541496],[126.812334,37.540736],[126.812517,37.540869],[126.813011,37.541455],[126.813152,37.541789],[126.813321,37.542366],[126.813521,37.542765],[126.813346,37.543339],[126.81381,37.543508],[126.814363,37.543581],[126.81443,37.543712],[126.814563,37.543753],[126.814699,37.543928],[126.814677,37.544045],[126.814843,37.544087],[126.814912,37.544165],[126.814944,37.544353],[126.81505,37.544477],[126.815081,37.544639],[126.81513,37.544627],[126.815272,37.544772],[126.815267,37.544857],[126.815105,37.544947],[126.815361,37.545594],[126.81528,37.54559],[126.815073,37.545701],[126.814685,37.54602],[126.814467,37.546299],[126.814352,37.546538],[126.81436,37.546812],[126.814109,37.547055],[126.8139,37.547405],[126.813904,37.547637],[126.81376,37.54829],[126.813892,37.549459],[126.813874,37.549725],[126.813663,37.550417],[126.820175,37.555318],[126.819956,37.555513],[126.8199,37.556717],[126.819936,37.556752],[126.816589,37.556339],[126.816557,37.557283],[126.8167,37.560895],[126.816762,37.564517],[126.81627,37.56461],[126.815881,37.564529],[126.815614,37.564378],[126.815419,37.564348],[126.815324,37.56424],[126.814763,37.564212],[126.813135,37.564478],[126.812735,37.564185],[126.812489,37.564066],[126.812047,37.564067],[126.811309,37.564421],[126.811024,37.564037],[126.810897,37.564048],[126.810452,37.563736],[126.810345,37.563652],[126.810366,37.563584],[126.809222,37.562695],[126.808958,37.562566],[126.808561,37.562231],[126.808545,37.562293],[126.807992,37.561872],[126.807518,37.561628],[126.806999,37.561484],[126.806198,37.561167],[126.805408,37.561023],[126.80487,37.561008],[126.804118,37.561177],[126.803683,37.561214]]]}},{"type":"Feature","properties":{"dong":"11500_방화동","sgg_cd":"11500","emd_cd":"11500109","umd_nm":"방화동","gu_name":"강서구"},"geometry":{"type":"Polygon","coordinates":[[[126.816762,37.564517],[126.81695,37.572785],[126.816954,37.573212],[126.816909,37.573262],[126.820366,37.573169],[126.820369,37.573436],[126.820672,37.57343],[126.820596,37.57349],[126.820589,37.574979],[126.819562,37.576844],[126.819206,37.578037],[126.819158,37.578398],[126.819199,37.578489],[126.82,37.579138],[126.820133,37.579413],[126.820084,37.579578],[126.819977,37.579679],[126.819869,37.580339],[126.819753,37.580408],[126.819773,37.581459],[126.819679,37.581997],[126.819566,37.582198],[126.819618,37.582274],[126.818957,37.582843],[126.818706,37.582993],[126.818648,37.583137],[126.818637,37.583369],[126.818704,37.583645],[126.818799,37.583846],[126.819165,37.584338],[126.818807,37.584514],[126.819448,37.584708],[126.818878,37.584991],[126.818945,37.585075],[126.819621,37.584766],[126.820266,37.584824],[126.820689,37.584759],[126.82112,37.584585],[126.821417,37.584675],[126.821472,37.584621],[126.822415,37.585137],[126.8231,37.585626],[126.826349,37.588429],[126.819302,37.592849],[126.818683,37.593715],[126.817873,37.592404],[126.817743,37.592284],[126.817523,37.591906],[126.817203,37.591517],[126.816076,37.589626],[126.815606,37.589005],[126.814535,37.587278],[126.814987,37.587054],[126.815339,37.586945],[126.815159,37.586402],[126.815311,37.586131],[126.815445,37.585995],[126.815393,37.585817],[126.815229,37.585627],[126.815079,37.585551],[126.814943,37.585372],[126.814843,37.584998],[126.814728,37.584824],[126.814683,37.584535],[126.814724,37.5844],[126.814683,37.584267],[126.814768,37.584166],[126.81457,37.583889],[126.814554,37.583669],[126.814439,37.583532],[126.814147,37.582625],[126.813654,37.583417],[126.813405,37.583472],[126.81293,37.583845],[126.811992,37.583054],[126.811605,37.583129],[126.810555,37.583478],[126.809886,37.583592],[126.809355,37.583621],[126.808873,37.583497],[126.808065,37.583152],[126.807732,37.582379],[126.806332,37.582019],[126.806241,37.581762],[126.80636,37.581637],[126.806428,37.581354],[126.80596,37.580483],[126.805847,37.580022],[126.805626,37.579568],[126.806259,37.579545],[126.80594,37.578945],[126.805914,37.578572],[126.80597,37.577891],[126.805177,37.577188],[126.804775,37.576038],[126.804699,37.575488],[126.804459,37.574886],[126.804322,37.574784],[126.803846,37.574027],[126.803571,37.574215],[126.803353,37.574084],[126.803404,37.574252],[126.803457,37.57422],[126.80349,37.57425],[126.803415,37.574316],[126.802833,37.574558],[126.802578,37.574762],[126.802406,37.57405],[126.801907,37.572996],[126.801086,37.572119],[126.800709,37.57188],[126.800695,37.571774],[126.800601,37.57186],[126.800736,37.571269],[126.801136,37.570834],[126.801223,37.570663],[126.801208,37.570397],[126.800739,37.569929],[126.800397,37.569479],[126.800016,37.569232],[126.799647,37.568744],[126.798784,37.568009],[126.798548,37.56775],[126.798528,37.567388],[126.798371,37.566947],[126.797534,37.565306],[126.797663,37.565093],[126.797592,37.564573],[126.798349,37.564087],[126.79869,37.563946],[126.798964,37.563543],[126.799152,37.562977],[126.799243,37.563004],[126.799385,37.562927],[126.799611,37.562742],[126.800157,37.562418],[126.800299,37.562383],[126.800641,37.562404],[126.800685,37.562305],[126.800948,37.562186],[126.801092,37.562198],[126.801389,37.5621],[126.801679,37.56193],[126.80192,37.561008],[126.803683,37.561214],[126.804118,37.561177],[126.80487,37.561008],[126.805408,37.561023],[126.806198,37.561167],[126.806999,37.561484],[126.807518,37.561628],[126.807992,37.561872],[126.808545,37.562293],[126.808561,37.562231],[126.808958,37.562566],[126.809222,37.562695],[126.810366,37.563584],[126.810345,37.563652],[126.810452,37.563736],[126.810897,37.564048],[126.811024,37.564037],[126.811309,37.564421],[126.812047,37.564067],[126.812489,37.564066],[126.812735,37.564185],[126.813135,37.564478],[126.814763,37.564212],[126.815324,37.56424],[126.815419,37.564348],[126.815614,37.564378],[126.815881,37.564529],[126.81627,37.56461],[126.816762,37.564517]]]}},{"type":"Feature","properties":{"dong":"11500_개화동","sgg_cd":"11500","emd_cd":"11500110","umd_nm":"개화동","gu_name":"강서구"},"geometry":{"type":"Polygon","coordinates":[[[126.802581,37.605032],[126.799941,37.602544],[126.799786,37.601912],[126.800016,37.601623],[126.799929,37.601444],[126.799218,37.601119],[126.799125,37.600868],[126.798666,37.600448],[126.798771,37.600387],[126.798535,37.600086],[126.798174,37.600336],[126.798053,37.600208],[126.797865,37.599896],[126.797642,37.599282],[126.797549,37.598763],[126.797536,37.597785],[126.797484,37.597669],[126.797224,37.597746],[126.797082,37.597739],[126.797445,37.595567],[126.797453,37.595251],[126.797515,37.595042],[126.797657,37.594805],[126.798168,37.594139],[126.79866,37.593667],[126.799534,37.593073],[126.800093,37.592624],[126.800501,37.592413],[126.800407,37.592413],[126.800287,37.592041],[126.80005,37.592028],[126.79991,37.59223],[126.799611,37.592443],[126.799363,37.592478],[126.798993,37.592426],[126.799052,37.5923],[126.798978,37.592203],[126.798977,37.59198],[126.798801,37.591322],[126.799094,37.591193],[126.79945,37.591135],[126.800087,37.590351],[126.80052,37.590309],[126.800663,37.589999],[126.800821,37.589794],[126.800959,37.589712],[126.801028,37.589538],[126.801227,37.589349],[126.801099,37.588967],[126.800774,37.589041],[126.800882,37.588575],[126.800999,37.588529],[126.800822,37.588276],[126.80094,37.588166],[126.800738,37.587835],[126.800593,37.587848],[126.800498,37.587794],[126.800272,37.587941],[126.799449,37.588063],[126.79914,37.588195],[126.799071,37.588149],[126.798963,37.588169],[126.798768,37.588073],[126.797598,37.586405],[126.797526,37.585976],[126.797227,37.585385],[126.797156,37.585393],[126.796685,37.584908],[126.796429,37.58503],[126.796294,37.584903],[126.797097,37.584273],[126.796872,37.584039],[126.7963,37.583738],[126.795722,37.58312],[126.79554,37.585154],[126.795449,37.58521],[126.795217,37.58535],[126.795244,37.585215],[126.794933,37.585203],[126.794871,37.584762],[126.794946,37.583758],[126.794928,37.583426],[126.794698,37.582622],[126.794501,37.582598],[126.794409,37.582685],[126.794515,37.583004],[126.794541,37.583548],[126.794224,37.584071],[126.794093,37.584253],[126.793783,37.584469],[126.793441,37.584519],[126.793731,37.58355],[126.793732,37.583038],[126.793912,37.582961],[126.793891,37.582253],[126.793822,37.581827],[126.79374,37.581743],[126.793528,37.581145],[126.793292,37.580316],[126.79331,37.580247],[126.792864,37.58022],[126.792846,37.580168],[126.792872,37.579878],[126.793043,37.579198],[126.793067,37.578639],[126.793254,37.578533],[126.793188,37.578425],[126.793154,37.577958],[126.793219,37.576893],[126.792737,37.576839],[126.792724,37.57743],[126.792643,37.578023],[126.792537,37.578407],[126.792489,37.579144],[126.792374,37.579727],[126.792271,37.580051],[126.791807,37.580814],[126.791601,37.581317],[126.791349,37.581413],[126.79126,37.58092],[126.791182,37.580828],[126.790818,37.580765],[126.790728,37.580612],[126.790821,37.579541],[126.790686,37.579014],[126.790818,37.578972],[126.790595,37.577783],[126.790016,37.577349],[126.789955,37.577631],[126.789343,37.577723],[126.78847,37.576798],[126.789202,37.575581],[126.788595,37.575745],[126.788337,37.57605],[126.788143,37.576168],[126.788046,37.576169],[126.787915,37.576114],[126.787838,37.575858],[126.787559,37.575563],[126.799139,37.568524],[126.79893,37.568108],[126.799647,37.568744],[126.800016,37.569232],[126.800397,37.569479],[126.800739,37.569929],[126.801208,37.570397],[126.801223,37.570663],[126.801136,37.570834],[126.800736,37.571269],[126.800601,37.57186],[126.800695,37.571774],[126.800709,37.57188],[126.801086,37.572119],[126.801907,37.572996],[126.802406,37.57405],[126.802578,37.574762],[126.802833,37.574558],[126.803415,37.574316],[126.80349,37.57425],[126.803457,37.57422],[126.803404,37.574252],[126.803353,37.574084],[126.803571,37.574215],[126.803846,37.574027],[126.804322,37.574784],[126.804459,37.574886],[126.804699,37.575488],[126.804775,37.576038],[126.805177,37.577188],[126.80597,37.577891],[126.805914,37.578572],[126.80594,37.578945],[126.806259,37.579545],[126.805626,37.579568],[126.805847,37.580022],[126.80596,37.580483],[126.806428,37.581354],[126.80636,37.581637],[126.806241,37.581762],[126.806332,37.582019],[126.807732,37.582379],[126.808065,37.583152],[126.808873,37.583497],[126.809355,37.583621],[126.809886,37.583592],[126.810555,37.583478],[126.811605,37.583129],[126.811992,37.583054],[126.81293,37.583845],[126.813405,37.583472],[126.813654,37.583417],[126.814147,37.582625],[126.814439,37.583532],[126.814554,37.583669],[126.81457,37.583889],[126.814768,37.584166],[126.814683,37.584267],[126.814724,37.5844],[126.814683,37.584535],[126.814728,37.584824],[126.814843,37.584998],[126.814943,37.585372],[126.815079,37.585551],[126.815229,37.585627],[126.815393,37.585817],[126.815445,37.585995],[126.815311,37.586131],[126.815159,37.586402],[126.815339,37.586945],[126.814987,37.587054],[126.814535,37.587278],[126.815606,37.589005],[126.816076,37.589626],[126.817203,37.591517],[126.817523,37.591906],[126.817743,37.592284],[126.817873,37.592404],[126.818683,37.593715],[126.817526,37.59533],[126.816556,37.595681],[126.813953,37.597619],[126.811369,37.59896],[126.80824,37.601208],[126.805864,37.60258],[126.802581,37.605032]]]}},{"type":"Feature","properties":{"dong":"11500_과해동","sgg_cd":"11500","emd_cd":"11500111","umd_nm":"과해동","gu_name":"강서구"},"geometry":{"type":"Polygon","coordinates":[[[126.787559,37.575563],[126.785249,37.574861],[126.784401,37.574469],[126.783994,37.574198],[126.782408,37.573606],[126.78214,37.573169],[126.782101,37.572973],[126.782121,37.572761],[126.782181,37.572666],[126.781899,37.571808],[126.78145,37.571496],[126.781375,37.571349],[126.781488,37.571251],[126.78192,37.571114],[126.78263,37.570547],[126.782394,37.570301],[126.781487,37.570181],[126.781316,37.570175],[126.780563,37.570492],[126.780521,37.570464],[126.780458,37.570361],[126.780485,37.570275],[126.780996,37.569897],[126.781124,37.569601],[126.781804,37.569388],[126.781898,37.569236],[126.781626,37.568901],[126.781487,37.568871],[126.781361,37.568925],[126.780934,37.568713],[126.780474,37.568287],[126.780462,37.567954],[126.780542,37.567891],[126.780431,37.567615],[126.78024,37.567445],[126.779706,37.567962],[126.779171,37.568316],[126.77906,37.568206],[126.779018,37.567991],[126.779021,37.567593],[126.77908,37.56733],[126.779003,37.567154],[126.778668,37.567174],[126.777808,37.566994],[126.777197,37.566629],[126.776992,37.566371],[126.776964,37.566208],[126.776722,37.566051],[126.776571,37.566106],[126.776549,37.566236],[126.7766,37.566232],[126.776495,37.566799],[126.776395,37.567005],[126.776382,37.566872],[126.776342,37.566942],[126.776333,37.567092],[126.775902,37.567203],[126.775617,37.56721],[126.775402,37.567318],[126.775559,37.56774],[126.77553,37.568261],[126.775382,37.568213],[126.774762,37.567708],[126.774752,37.567309],[126.774989,37.566911],[126.775132,37.565879],[126.775438,37.565774],[126.775575,37.565592],[126.775343,37.565343],[126.775751,37.56535],[126.775943,37.565205],[126.776107,37.564806],[126.777102,37.563719],[126.77697,37.563695],[126.776743,37.563239],[126.77673,37.562768],[126.776691,37.562639],[126.776608,37.562615],[126.776618,37.562478],[126.776632,37.562374],[126.776949,37.562229],[126.776982,37.562289],[126.777509,37.562282],[126.777574,37.561503],[126.777702,37.560947],[126.777833,37.560776],[126.777934,37.560221],[126.777842,37.559933],[126.777709,37.560077],[126.777615,37.559863],[126.780915,37.558954],[126.780231,37.557741],[126.779331,37.558081],[126.780848,37.557342],[126.781379,37.55728],[126.781903,37.557336],[126.782206,37.557318],[126.782496,37.557241],[126.782768,37.557106],[126.783224,37.557114],[126.783534,37.557062],[126.784064,37.556859],[126.78427,37.557002],[126.784207,37.557049],[126.784411,37.55718],[126.785081,37.557444],[126.784918,37.557584],[126.785523,37.557828],[126.786894,37.558118],[126.786906,37.558159],[126.787271,37.558306],[126.788871,37.558757],[126.79045,37.559402],[126.791293,37.559915],[126.791803,37.559985],[126.792583,37.560211],[126.792889,37.560233],[126.793741,37.560194],[126.794506,37.559977],[126.79475,37.559968],[126.796001,37.560166],[126.79682,37.560422],[126.798569,37.560515],[126.800952,37.560903],[126.80192,37.561008],[126.801679,37.56193],[126.801389,37.5621],[126.801092,37.562198],[126.800948,37.562186],[126.800685,37.562305],[126.800641,37.562404],[126.800299,37.562383],[126.800157,37.562418],[126.799611,37.562742],[126.799385,37.562927],[126.799243,37.563004],[126.799152,37.562977],[126.798964,37.563543],[126.79869,37.563946],[126.798349,37.564087],[126.797592,37.564573],[126.797663,37.565093],[126.797534,37.565306],[126.798371,37.566947],[126.798528,37.567388],[126.798548,37.56775],[126.79893,37.568108],[126.799139,37.568524],[126.787559,37.575563]]]}},{"type":"Feature","properties":{"dong":"11500_오곡동","sgg_cd":"11500","emd_cd":"11500112","umd_nm":"오곡동","gu_name":"강서구"},"geometry":{"type":"Polygon","coordinates":[[[126.797361,37.560463],[126.79682,37.560422],[126.796001,37.560166],[126.79475,37.559968],[126.794506,37.559977],[126.793741,37.560194],[126.792889,37.560233],[126.792583,37.560211],[126.791803,37.559985],[126.791293,37.559915],[126.79045,37.559402],[126.788871,37.558757],[126.787271,37.558306],[126.786906,37.558159],[126.786894,37.558118],[126.785523,37.557828],[126.784918,37.557584],[126.785081,37.557444],[126.784411,37.55718],[126.784207,37.557049],[126.78427,37.557002],[126.784064,37.556859],[126.783534,37.557062],[126.783224,37.557114],[126.782768,37.557106],[126.782496,37.557241],[126.782206,37.557318],[126.781903,37.557336],[126.781379,37.55728],[126.780848,37.557342],[126.779331,37.558081],[126.780231,37.557741],[126.780915,37.558954],[126.777615,37.559863],[126.777709,37.560077],[126.777348,37.560316],[126.777182,37.560703],[126.776669,37.561213],[126.776109,37.561863],[126.775886,37.56177],[126.775758,37.561941],[126.775535,37.561828],[126.775459,37.561433],[126.775175,37.561352],[126.774679,37.561319],[126.774843,37.561207],[126.774947,37.56104],[126.774933,37.560902],[126.774663,37.560703],[126.774808,37.560457],[126.77455,37.560408],[126.774448,37.560436],[126.774165,37.560159],[126.77425,37.560059],[126.774289,37.559756],[126.774187,37.559695],[126.773786,37.559997],[126.773591,37.560057],[126.773497,37.559764],[126.773283,37.559502],[126.773192,37.559286],[126.772742,37.559408],[126.772532,37.559007],[126.772571,37.55898],[126.772446,37.558722],[126.772203,37.558626],[126.771771,37.558632],[126.77289,37.557803],[126.773184,37.557527],[126.772431,37.557012],[126.771994,37.556965],[126.771192,37.557165],[126.769867,37.55723],[126.768995,37.557096],[126.768736,37.556816],[126.76735,37.556619],[126.767186,37.55665],[126.766619,37.556974],[126.766284,37.556917],[126.766275,37.556851],[126.766752,37.556504],[126.766725,37.556315],[126.766627,37.556258],[126.766009,37.556133],[126.765051,37.555617],[126.764559,37.555444],[126.764484,37.555369],[126.764495,37.555275],[126.764784,37.555074],[126.765393,37.554987],[126.766049,37.554993],[126.766337,37.55487],[126.766397,37.554791],[126.7664,37.554643],[126.766279,37.554311],[126.766204,37.554242],[126.766335,37.554019],[126.766365,37.553763],[126.76653,37.55381],[126.766727,37.554065],[126.766946,37.554056],[126.767407,37.554222],[126.767552,37.554174],[126.767639,37.554089],[126.767641,37.553954],[126.767287,37.553684],[126.76735,37.553585],[126.767625,37.55353],[126.767624,37.553435],[126.767471,37.553313],[126.76737,37.553132],[126.76754,37.552909],[126.767714,37.552833],[126.767624,37.552638],[126.76768,37.552554],[126.767465,37.55195],[126.76755,37.551887],[126.768049,37.551794],[126.768107,37.551649],[126.768079,37.551571],[126.76813,37.551564],[126.768156,37.551636],[126.768559,37.551597],[126.768769,37.551489],[126.76932,37.551572],[126.769383,37.551506],[126.769347,37.551363],[126.769389,37.551317],[126.769789,37.551066],[126.77016,37.551169],[126.770268,37.551086],[126.769841,37.550649],[126.769807,37.550539],[126.769922,37.550175],[126.770268,37.549999],[126.770327,37.549828],[126.770484,37.549646],[126.770636,37.549572],[126.770843,37.54935],[126.771007,37.549028],[126.770993,37.548745],[126.771242,37.548618],[126.771351,37.548629],[126.771552,37.548318],[126.771691,37.548307],[126.771957,37.548377],[126.772262,37.548509],[126.77258,37.548753],[126.773927,37.548902],[126.775293,37.548971],[126.775756,37.548767],[126.776184,37.548485],[126.776744,37.548204],[126.77697,37.547712],[126.777348,37.547198],[126.777563,37.546712],[126.777834,37.546659],[126.778291,37.546717],[126.778747,37.546713],[126.779215,37.546549],[126.780486,37.546392],[126.781672,37.54614],[126.781836,37.546068],[126.78197,37.546304],[126.782038,37.546327],[126.78256,37.546151],[126.783395,37.546008],[126.783947,37.546008],[126.784513,37.546121],[126.785482,37.546004],[126.786946,37.545983],[126.787261,37.546076],[126.787731,37.545742],[126.788112,37.54525],[126.788397,37.545018],[126.789301,37.545514],[126.789376,37.545489],[126.78924,37.545424],[126.789298,37.545398],[126.78939,37.545484],[126.790348,37.545131],[126.790417,37.545192],[126.790688,37.54522],[126.792177,37.544864],[126.792565,37.545077],[126.79337,37.545236],[126.793564,37.545414],[126.793774,37.545529],[126.794627,37.545894],[126.795732,37.54683],[126.797544,37.547853],[126.798961,37.548868],[126.799687,37.549318],[126.800179,37.549821],[126.800391,37.550172],[126.801807,37.551265],[126.801631,37.551863],[126.801142,37.553054],[126.800975,37.553268],[126.80099,37.553099],[126.800928,37.553333],[126.80055,37.554168],[126.799607,37.555534],[126.797976,37.557561],[126.79746,37.558452],[126.797378,37.558937],[126.797665,37.559188],[126.797553,37.559358],[126.797336,37.560163],[126.797361,37.560463]]]}},{"type":"Feature","properties":{"dong":"11500_오쇠동","sgg_cd":"11500","emd_cd":"11500113","umd_nm":"오쇠동","gu_name":"강서구"},"geometry":{"type":"Polygon","coordinates":[[[126.801852,37.551267],[126.800391,37.550172],[126.800179,37.549821],[126.799687,37.549318],[126.798961,37.548868],[126.797544,37.547853],[126.795732,37.54683],[126.794627,37.545894],[126.793774,37.545529],[126.793564,37.545414],[126.79337,37.545236],[126.792565,37.545077],[126.792177,37.544864],[126.790688,37.54522],[126.790417,37.545192],[126.790348,37.545131],[126.78939,37.545484],[126.789298,37.545398],[126.78924,37.545424],[126.789376,37.545489],[126.789301,37.545514],[126.788397,37.545018],[126.789385,37.544463],[126.79076,37.543839],[126.791234,37.543731],[126.791432,37.543774],[126.791819,37.543746],[126.791777,37.54331],[126.791583,37.543064],[126.791536,37.542831],[126.791589,37.542455],[126.791754,37.542171],[126.79181,37.541903],[126.79213,37.541761],[126.793017,37.541594],[126.794944,37.541372],[126.794889,37.541051],[126.794405,37.540447],[126.794376,37.540234],[126.794268,37.540159],[126.794091,37.540174],[126.793262,37.539702],[126.793885,37.539549],[126.793936,37.539423],[126.793936,37.539017],[126.794174,37.538577],[126.794223,37.538292],[126.79404,37.537994],[126.793963,37.53736],[126.794373,37.536249],[126.794369,37.535955],[126.794425,37.535829],[126.794794,37.535964],[126.795426,37.536411],[126.796042,37.536749],[126.796617,37.536774],[126.796732,37.536828],[126.796734,37.53694],[126.797006,37.53706],[126.79781,37.537048],[126.797927,37.537193],[126.798168,37.537325],[126.798255,37.537227],[126.79835,37.537252],[126.798239,37.537592],[126.798254,37.537705],[126.799088,37.537565],[126.799288,37.537726],[126.799462,37.537725],[126.799411,37.538134],[126.799146,37.538891],[126.799442,37.538888],[126.799427,37.539019],[126.799243,37.539287],[126.798736,37.539398],[126.798843,37.539832],[126.798861,37.540292],[126.799362,37.540193],[126.799417,37.540247],[126.799274,37.540632],[126.800389,37.540796],[126.800815,37.540812],[126.800782,37.541043],[126.800558,37.540997],[126.800333,37.540856],[126.8003,37.541186],[126.800662,37.54128],[126.800546,37.541469],[126.799653,37.541388],[126.800469,37.54177],[126.800674,37.541958],[126.800956,37.542088],[126.801571,37.542505],[126.801637,37.542601],[126.80185,37.542716],[126.803493,37.543091],[126.804411,37.543246],[126.805262,37.543297],[126.806806,37.543595],[126.807325,37.54359],[126.807014,37.543754],[126.806534,37.544144],[126.806216,37.544301],[126.806241,37.544407],[126.806005,37.544593],[126.804842,37.545377],[126.804167,37.545471],[126.803891,37.545567],[126.803726,37.545706],[126.803402,37.54615],[126.803086,37.54673],[126.802434,37.547396],[126.802226,37.547939],[126.802179,37.548282],[126.801861,37.549135],[126.801891,37.549143],[126.801666,37.549544],[126.801606,37.54982],[126.801849,37.551223],[126.801852,37.551267]]]}},{"type":"Feature","properties":{"dong":"11530_신도림동","sgg_cd":"11530","emd_cd":"11530101","umd_nm":"신도림동","gu_name":"구로구"},"geometry":{"type":"Polygon","coordinates":[[[126.873845,37.508896],[126.8739,37.508745],[126.873973,37.508687],[126.874794,37.508293],[126.874918,37.508131],[126.875064,37.507786],[126.875031,37.507588],[126.874282,37.507175],[126.87432,37.50695],[126.87448,37.506726],[126.874733,37.506703],[126.875482,37.506877],[126.875628,37.506873],[126.875748,37.506814],[126.875871,37.506591],[126.875846,37.50636],[126.876393,37.505904],[126.876716,37.50572],[126.876839,37.505574],[126.877585,37.505262],[126.878248,37.505083],[126.879285,37.504488],[126.880042,37.504515],[126.880509,37.504394],[126.880543,37.504293],[126.88075,37.504127],[126.881889,37.503637],[126.882055,37.503469],[126.882378,37.503386],[126.882726,37.503632],[126.882726,37.503399],[126.883718,37.504136],[126.885658,37.505353],[126.890389,37.508206],[126.892426,37.509125],[126.892149,37.509369],[126.892048,37.509866],[126.891908,37.51015],[126.891712,37.51035],[126.891495,37.51042],[126.891108,37.510374],[126.890691,37.510701],[126.890652,37.51094],[126.890438,37.511144],[126.89026,37.511399],[126.889943,37.511564],[126.889956,37.511707],[126.889798,37.51176],[126.889678,37.511878],[126.889827,37.5121],[126.88973,37.512273],[126.888776,37.512279],[126.888403,37.512344],[126.888005,37.51295],[126.887737,37.513143],[126.88752,37.513226],[126.886797,37.513301],[126.886354,37.513393],[126.885689,37.513616],[126.884616,37.51375],[126.884433,37.513849],[126.88433,37.514007],[126.884299,37.514179],[126.884337,37.514389],[126.884104,37.514424],[126.882727,37.515171],[126.882727,37.515778],[126.882448,37.515967],[126.882016,37.516103],[126.881729,37.51642],[126.879302,37.51796],[126.879134,37.517857],[126.879438,37.517786],[126.879535,37.517718],[126.879512,37.517636],[126.879411,37.51755],[126.879279,37.517538],[126.878727,37.517677],[126.878569,37.51765],[126.878467,37.517554],[126.878441,37.517488],[126.878506,37.517333],[126.878643,37.517207],[126.878893,37.517093],[126.878973,37.516964],[126.878469,37.51642],[126.878638,37.51642],[126.878523,37.516318],[126.877948,37.516135],[126.877828,37.5156],[126.877887,37.515405],[126.877647,37.514766],[126.877724,37.514383],[126.877727,37.514071],[126.877958,37.513497],[126.877975,37.513405],[126.877929,37.513309],[126.877778,37.51324],[126.877694,37.513257],[126.877417,37.513552],[126.877231,37.513669],[126.876916,37.5137],[126.876741,37.513654],[126.87651,37.513452],[126.876462,37.51323],[126.876517,37.513004],[126.876466,37.512819],[126.876163,37.512402],[126.875658,37.512133],[126.875317,37.512185],[126.875126,37.512377],[126.873874,37.511175],[126.874262,37.510765],[126.874436,37.510716],[126.87462,37.510776],[126.874848,37.511042],[126.874753,37.511481],[126.874851,37.511771],[126.874988,37.511856],[126.87519,37.511866],[126.875443,37.51171],[126.875595,37.511524],[126.875827,37.511351],[126.876634,37.511167],[126.876885,37.510904],[126.876897,37.510769],[126.876759,37.510609],[126.876531,37.51055],[126.876369,37.510616],[126.876116,37.510949],[126.875804,37.51107],[126.875625,37.511038],[126.8754,37.510844],[126.87527,37.510554],[126.875348,37.510076],[126.875632,37.509779],[126.875627,37.509641],[126.875464,37.509427],[126.875197,37.509296],[126.874974,37.509265],[126.874822,37.50927],[126.874366,37.50941],[126.874263,37.509382],[126.87399,37.509229],[126.873916,37.509136],[126.873845,37.508896]]]}},{"type":"Feature","properties":{"dong":"11530_구로동","sgg_cd":"11530","emd_cd":"11530102","umd_nm":"구로동","gu_name":"구로구"},"geometry":{"type":"Polygon","coordinates":[[[126.867407,37.495552],[126.867588,37.494815],[126.86799,37.495061],[126.868229,37.495128],[126.868349,37.495108],[126.868709,37.494811],[126.869243,37.494533],[126.869502,37.494328],[126.869709,37.494095],[126.8698,37.493815],[126.870016,37.493657],[126.870067,37.493485],[126.86958,37.493106],[126.869433,37.492913],[126.869369,37.492717],[126.869455,37.492595],[126.870013,37.492481],[126.870054,37.492435],[126.870022,37.492262],[126.869888,37.492176],[126.869665,37.492181],[126.869463,37.492112],[126.869366,37.492018],[126.869298,37.491852],[126.869346,37.491636],[126.869799,37.491346],[126.869892,37.491253],[126.869993,37.491024],[126.869993,37.49087],[126.869726,37.490571],[126.86968,37.490431],[126.869759,37.490333],[126.870065,37.490237],[126.870233,37.490112],[126.870125,37.489757],[126.870228,37.489596],[126.870421,37.489535],[126.870658,37.489561],[126.87108,37.489683],[126.871342,37.489833],[126.871547,37.490085],[126.871557,37.490361],[126.871473,37.490566],[126.87148,37.490679],[126.871568,37.490761],[126.871834,37.490775],[126.872254,37.490602],[126.872717,37.490819],[126.873297,37.490845],[126.873768,37.491222],[126.87413,37.491337],[126.874372,37.491221],[126.874534,37.491068],[126.874668,37.490844],[126.874839,37.490745],[126.874453,37.490427],[126.874428,37.490289],[126.87462,37.490025],[126.874651,37.489899],[126.874579,37.489769],[126.874322,37.489695],[126.87411,37.489777],[126.874149,37.48998],[126.87409,37.490214],[126.873933,37.490429],[126.873752,37.490475],[126.873577,37.490481],[126.873368,37.490386],[126.872839,37.490014],[126.87244,37.489535],[126.872413,37.48933],[126.872457,37.489204],[126.87264,37.488981],[126.872669,37.488554],[126.872748,37.48843],[126.873077,37.488252],[126.873269,37.488298],[126.87373,37.488644],[126.874344,37.48886],[126.874495,37.488861],[126.874716,37.488577],[126.874997,37.488494],[126.875189,37.488507],[126.875372,37.488608],[126.875631,37.488895],[126.875816,37.489028],[126.876043,37.489047],[126.876382,37.488941],[126.876668,37.488731],[126.87679,37.48857],[126.8768,37.488357],[126.876688,37.487852],[126.876261,37.487239],[126.875974,37.486911],[126.875363,37.486901],[126.875139,37.486792],[126.874998,37.486491],[126.875022,37.486014],[126.874863,37.485673],[126.874562,37.485366],[126.875182,37.48547],[126.87661,37.485834],[126.876884,37.485945],[126.877655,37.486066],[126.877943,37.486226],[126.87788,37.486227],[126.878163,37.486397],[126.87846,37.486653],[126.879443,37.486213],[126.880892,37.485711],[126.880364,37.48697],[126.88024,37.487449],[126.880471,37.487514],[126.880565,37.487422],[126.880833,37.487332],[126.881023,37.487365],[126.881176,37.487268],[126.881372,37.487244],[126.881842,37.487061],[126.882017,37.486935],[126.883208,37.486558],[126.883536,37.486704],[126.883663,37.48661],[126.883942,37.486575],[126.884236,37.486457],[126.884787,37.486031],[126.884923,37.485788],[126.885498,37.485282],[126.885883,37.48509],[126.885832,37.485038],[126.885929,37.484937],[126.887628,37.48481],[126.887613,37.484757],[126.888967,37.484463],[126.88981,37.484185],[126.890666,37.484019],[126.891415,37.483784],[126.891551,37.483655],[126.891532,37.483622],[126.89113,37.483242],[126.8909,37.483116],[126.890811,37.482967],[126.890948,37.483006],[126.891025,37.482691],[126.89173,37.481932],[126.891814,37.481851],[126.891859,37.481883],[126.892039,37.481285],[126.892008,37.481254],[126.892103,37.480873],[126.892033,37.480781],[126.89214,37.480753],[126.892173,37.480658],[126.893154,37.480407],[126.893153,37.480361],[126.893794,37.480128],[126.894223,37.480169],[126.895012,37.479499],[126.895191,37.479249],[126.89542,37.479124],[126.895777,37.479014],[126.896227,37.478952],[126.895905,37.478646],[126.895833,37.478462],[126.895872,37.478339],[126.896212,37.478339],[126.896212,37.478304],[126.89724,37.478461],[126.898055,37.478341],[126.898865,37.478341],[126.898943,37.47894],[126.899093,37.479497],[126.899368,37.480144],[126.899654,37.480624],[126.903195,37.484998],[126.90274,37.485015],[126.901711,37.485221],[126.899792,37.486076],[126.898142,37.48693],[126.896121,37.489342],[126.896011,37.490207],[126.895759,37.490688],[126.894595,37.495173],[126.894582,37.495372],[126.894309,37.496431],[126.894323,37.496665],[126.894069,37.497817],[126.89412,37.49784],[126.89404,37.498165],[126.893624,37.499587],[126.893282,37.500036],[126.893006,37.500036],[126.893006,37.500282],[126.892922,37.500358],[126.892758,37.500842],[126.892779,37.501125],[126.892933,37.501578],[126.89273,37.502074],[126.893134,37.502668],[126.892674,37.503332],[126.892728,37.503473],[126.893154,37.503744],[126.893308,37.503965],[126.893108,37.504454],[126.893169,37.5046],[126.893776,37.504727],[126.89393,37.504823],[126.893972,37.505009],[126.893752,37.505503],[126.89367,37.505852],[126.893531,37.50603],[126.893243,37.506729],[126.893008,37.506934],[126.893008,37.507049],[126.892855,37.50719],[126.893026,37.50726],[126.89261,37.50827],[126.892513,37.508258],[126.892597,37.508302],[126.892282,37.509064],[126.890389,37.508206],[126.885658,37.505353],[126.883718,37.504136],[126.882726,37.503399],[126.882726,37.503632],[126.882378,37.503386],[126.882055,37.503469],[126.881889,37.503637],[126.88075,37.504127],[126.880543,37.504293],[126.880509,37.504394],[126.880042,37.504515],[126.879285,37.504488],[126.878248,37.505083],[126.877585,37.505262],[126.876839,37.505574],[126.876716,37.50572],[126.876393,37.505904],[126.875846,37.50636],[126.875871,37.506591],[126.875748,37.506814],[126.875628,37.506873],[126.875482,37.506877],[126.874733,37.506703],[126.87448,37.506726],[126.87436,37.50687],[126.874282,37.507175],[126.874852,37.507464],[126.875031,37.507588],[126.875064,37.507786],[126.874918,37.508131],[126.874794,37.508293],[126.8739,37.508745],[126.873845,37.508896],[126.873916,37.509136],[126.874043,37.509275],[126.874366,37.50941],[126.874822,37.50927],[126.874974,37.509265],[126.875197,37.509296],[126.875464,37.509427],[126.875627,37.509641],[126.875632,37.509779],[126.875348,37.510076],[126.87527,37.510554],[126.8754,37.510844],[126.875625,37.511038],[126.875804,37.51107],[126.876116,37.510949],[126.876369,37.510616],[126.876531,37.51055],[126.876759,37.510609],[126.876897,37.510769],[126.876904,37.51085],[126.876634,37.511167],[126.875827,37.511351],[126.875595,37.511524],[126.875443,37.51171],[126.87519,37.511866],[126.874988,37.511856],[126.874851,37.511771],[126.874753,37.511481],[126.874848,37.511042],[126.87462,37.510776],[126.874436,37.510716],[126.874262,37.510765],[126.873874,37.511175],[126.875126,37.512377],[126.875317,37.512185],[126.875658,37.512133],[126.876163,37.512402],[126.876466,37.512819],[126.876517,37.513004],[126.876462,37.51323],[126.87651,37.513452],[126.876741,37.513654],[126.876916,37.5137],[126.877231,37.513669],[126.877417,37.513552],[126.877694,37.513257],[126.877778,37.51324],[126.877929,37.513309],[126.877975,37.513405],[126.877958,37.513497],[126.877727,37.514071],[126.877724,37.514383],[126.877647,37.514766],[126.877887,37.515405],[126.877828,37.5156],[126.877948,37.516135],[126.878388,37.516252],[126.878638,37.51642],[126.878469,37.51642],[126.878085,37.516258],[126.877506,37.51621],[126.877373,37.516125],[126.877322,37.516001],[126.877395,37.51585],[126.87779,37.515591],[126.877812,37.515472],[126.877739,37.515391],[126.877678,37.515143],[126.877595,37.51506],[126.877528,37.514709],[126.877673,37.51384],[126.877858,37.513593],[126.877941,37.513409],[126.877912,37.513361],[126.877732,37.513314],[126.877484,37.513615],[126.877279,37.513741],[126.876736,37.513741],[126.876651,37.513706],[126.876499,37.513584],[126.876386,37.51333],[126.876451,37.512957],[126.876334,37.512719],[126.876107,37.512448],[126.875736,37.512228],[126.875599,37.512202],[126.875318,37.512282],[126.875193,37.51246],[126.875102,37.512414],[126.873795,37.511129],[126.874019,37.510809],[126.874208,37.510658],[126.87433,37.51062],[126.874692,37.510693],[126.874923,37.510906],[126.874982,37.511156],[126.874861,37.511528],[126.874884,37.511643],[126.875085,37.511806],[126.87535,37.511722],[126.875593,37.51143],[126.87585,37.511277],[126.876573,37.511137],[126.876742,37.511008],[126.876847,37.510839],[126.87674,37.510679],[126.876663,37.510628],[126.876536,37.510629],[126.876455,37.510656],[126.876238,37.510987],[126.876135,37.511056],[126.875931,37.511131],[126.875621,37.511128],[126.875433,37.511002],[126.875283,37.510789],[126.875188,37.510505],[126.875255,37.510174],[126.875341,37.510009],[126.875438,37.509969],[126.875595,37.509737],[126.875598,37.509655],[126.875514,37.509547],[126.875295,37.509378],[126.875043,37.509312],[126.874816,37.509333],[126.874521,37.509477],[126.874342,37.509496],[126.874015,37.509378],[126.8739,37.509242],[126.873776,37.509015],[126.873779,37.508809],[126.873835,37.508732],[126.873897,37.50866],[126.874568,37.508391],[126.8748,37.508248],[126.87503,37.5077],[126.87499,37.507586],[126.874878,37.507501],[126.874447,37.507361],[126.874239,37.50718],[126.874204,37.50703],[126.874317,37.506776],[126.874488,37.506653],[126.874705,37.50663],[126.874684,37.506528],[126.874412,37.506091],[126.874165,37.505313],[126.873916,37.505098],[126.873658,37.504745],[126.873662,37.504372],[126.873746,37.504203],[126.873562,37.503545],[126.873141,37.503739],[126.872776,37.503791],[126.872445,37.504027],[126.872116,37.504111],[126.871864,37.504126],[126.871708,37.504077],[126.871548,37.503901],[126.871552,37.503822],[126.871796,37.50341],[126.871775,37.503227],[126.871642,37.502973],[126.87131,37.502717],[126.870944,37.502631],[126.870117,37.502176],[126.869691,37.501154],[126.86974,37.500624],[126.869672,37.500384],[126.869404,37.500015],[126.869057,37.499075],[126.868968,37.499085],[126.868956,37.499052],[126.869044,37.499037],[126.868922,37.498686],[126.868957,37.498492],[126.868931,37.498457],[126.868841,37.498475],[126.868373,37.497151],[126.868327,37.496603],[126.868517,37.496063],[126.867407,37.495552]]]}},{"type":"Feature","properties":{"dong":"11530_가리봉동","sgg_cd":"11530","emd_cd":"11530103","umd_nm":"가리봉동","gu_name":"구로구"},"geometry":{"type":"Polygon","coordinates":[[[126.88024,37.487449],[126.880364,37.48697],[126.880892,37.485711],[126.881349,37.485555],[126.882723,37.484748],[126.88573,37.482682],[126.886155,37.482349],[126.88773,37.48044],[126.888784,37.47979],[126.889881,37.479389],[126.895085,37.478504],[126.895848,37.478506],[126.895905,37.478646],[126.896227,37.478952],[126.895777,37.479014],[126.89542,37.479124],[126.895191,37.479249],[126.895012,37.479499],[126.894223,37.480169],[126.893794,37.480128],[126.893153,37.480361],[126.893154,37.480407],[126.892173,37.480658],[126.89214,37.480753],[126.892033,37.480781],[126.892103,37.480873],[126.892008,37.481254],[126.892039,37.481285],[126.891859,37.481883],[126.891814,37.481851],[126.89173,37.481932],[126.891025,37.482691],[126.890948,37.483006],[126.890811,37.482967],[126.8909,37.483116],[126.89113,37.483242],[126.891532,37.483622],[126.891551,37.483655],[126.891415,37.483784],[126.890666,37.484019],[126.88981,37.484185],[126.888967,37.484463],[126.887613,37.484757],[126.887628,37.48481],[126.885929,37.484937],[126.885832,37.485038],[126.885883,37.48509],[126.885626,37.485189],[126.885307,37.485427],[126.884923,37.485788],[126.884787,37.486031],[126.884236,37.486457],[126.883942,37.486575],[126.883663,37.48661],[126.883536,37.486704],[126.883208,37.486558],[126.882017,37.486935],[126.881842,37.487061],[126.881372,37.487244],[126.881176,37.487268],[126.881023,37.487365],[126.880833,37.487332],[126.880565,37.487422],[126.880471,37.487514],[126.88024,37.487449]]]}},{"type":"Feature","properties":{"dong":"11530_고척동","sgg_cd":"11530","emd_cd":"11530106","umd_nm":"고척동","gu_name":"구로구"},"geometry":{"type":"Polygon","coordinates":[[[126.845316,37.507823],[126.845565,37.507201],[126.846177,37.506444],[126.846199,37.506323],[126.846436,37.506014],[126.84664,37.505609],[126.847133,37.505117],[126.847508,37.504469],[126.847672,37.504271],[126.848287,37.503089],[126.848604,37.502765],[126.849145,37.502406],[126.849589,37.502023],[126.849804,37.501715],[126.849913,37.501398],[126.84991,37.50127],[126.850046,37.501297],[126.850246,37.501252],[126.850627,37.501058],[126.850665,37.500954],[126.850813,37.501009],[126.850894,37.500992],[126.850958,37.500847],[126.850931,37.50083],[126.851257,37.500643],[126.851374,37.500643],[126.851861,37.500149],[126.852113,37.499993],[126.852471,37.499644],[126.852792,37.499464],[126.852954,37.499579],[126.853029,37.499512],[126.853392,37.500297],[126.853412,37.500641],[126.853526,37.50105],[126.853815,37.501492],[126.854442,37.502183],[126.854623,37.50254],[126.854878,37.502539],[126.856087,37.502186],[126.856024,37.501966],[126.855987,37.501972],[126.855763,37.500858],[126.855809,37.500855],[126.855704,37.500016],[126.855586,37.500054],[126.855506,37.499293],[126.855816,37.498968],[126.856203,37.49879],[126.85665,37.498697],[126.856694,37.498648],[126.856593,37.498231],[126.856798,37.498173],[126.85667,37.497595],[126.856725,37.497522],[126.85737,37.497504],[126.858579,37.497353],[126.859483,37.497149],[126.859531,37.497113],[126.859536,37.49701],[126.86094,37.496877],[126.860953,37.496843],[126.861191,37.496833],[126.861299,37.496769],[126.86149,37.496804],[126.861879,37.496417],[126.862631,37.496415],[126.863206,37.496521],[126.863377,37.496087],[126.863613,37.496089],[126.864114,37.494792],[126.863897,37.494737],[126.864138,37.494113],[126.864434,37.494178],[126.864575,37.4943],[126.865202,37.494525],[126.866374,37.495048],[126.868517,37.496063],[126.868327,37.496603],[126.868373,37.497151],[126.868841,37.498475],[126.868931,37.498457],[126.868957,37.498492],[126.868922,37.498686],[126.869044,37.499037],[126.868956,37.499052],[126.868968,37.499085],[126.869057,37.499075],[126.869404,37.500015],[126.869672,37.500384],[126.86974,37.500624],[126.869691,37.501154],[126.870117,37.502176],[126.870944,37.502631],[126.87131,37.502717],[126.871642,37.502973],[126.871788,37.503265],[126.871796,37.50341],[126.871552,37.503822],[126.871548,37.503901],[126.871708,37.504077],[126.871864,37.504126],[126.871455,37.504686],[126.871409,37.504847],[126.87144,37.505071],[126.871189,37.505132],[126.871005,37.505268],[126.870626,37.505754],[126.870218,37.505863],[126.869016,37.504843],[126.867959,37.504879],[126.867141,37.505289],[126.866796,37.505283],[126.866567,37.505193],[126.866452,37.505252],[126.866516,37.505374],[126.865817,37.505566],[126.865249,37.505581],[126.864842,37.505504],[126.864816,37.505067],[126.864713,37.50488],[126.864661,37.504861],[126.863531,37.50506],[126.863396,37.505123],[126.862784,37.505939],[126.86266,37.50646],[126.862923,37.506574],[126.862998,37.506508],[126.862804,37.506705],[126.862654,37.506799],[126.86331,37.507511],[126.863716,37.507804],[126.863805,37.50802],[126.864108,37.508362],[126.863716,37.508102],[126.863184,37.507857],[126.862705,37.507396],[126.860444,37.506735],[126.860335,37.506592],[126.858314,37.509975],[126.855611,37.509209],[126.855196,37.509766],[126.852818,37.510735],[126.852499,37.510574],[126.852153,37.510551],[126.851353,37.510188],[126.850716,37.510054],[126.850045,37.510193],[126.849018,37.509229],[126.848968,37.509119],[126.848659,37.508931],[126.847252,37.509487],[126.846879,37.509303],[126.846625,37.509042],[126.846209,37.508988],[126.846142,37.508402],[126.845956,37.508031],[126.845316,37.507823]]]}},{"type":"Feature","properties":{"dong":"11530_개봉동","sgg_cd":"11530","emd_cd":"11530107","umd_nm":"개봉동","gu_name":"구로구"},"geometry":{"type":"Polygon","coordinates":[[[126.835712,37.500565],[126.83635,37.500811],[126.836476,37.500957],[126.836781,37.500833],[126.837132,37.500759],[126.837304,37.500167],[126.838665,37.500063],[126.839251,37.499966],[126.840449,37.499483],[126.840927,37.500005],[126.84189,37.49994],[126.842202,37.499733],[126.842743,37.499654],[126.843194,37.499665],[126.843374,37.499809],[126.843519,37.499752],[126.844136,37.499689],[126.844675,37.499399],[126.844746,37.499424],[126.84501,37.499241],[126.845508,37.498458],[126.845648,37.498314],[126.845974,37.498031],[126.846598,37.497841],[126.846561,37.497792],[126.846734,37.497666],[126.846965,37.497569],[126.847561,37.497888],[126.847635,37.497752],[126.847895,37.497761],[126.848217,37.497648],[126.848401,37.49774],[126.848588,37.497655],[126.848797,37.497677],[126.850571,37.495556],[126.850308,37.495497],[126.850364,37.495471],[126.848673,37.495118],[126.848497,37.495038],[126.848485,37.494723],[126.848177,37.494652],[126.848197,37.494538],[126.848465,37.494596],[126.848227,37.493625],[126.848181,37.493566],[126.848122,37.493579],[126.847967,37.493489],[126.847998,37.493483],[126.847932,37.493386],[126.848,37.492964],[126.848203,37.492839],[126.848739,37.492632],[126.849187,37.492533],[126.84947,37.491709],[126.849438,37.491115],[126.84925,37.490972],[126.849008,37.490305],[126.848921,37.49033],[126.848823,37.490085],[126.848041,37.489678],[126.847706,37.489238],[126.847343,37.488862],[126.847272,37.488609],[126.846913,37.488113],[126.846051,37.487289],[126.846057,37.487195],[126.845419,37.486933],[126.844743,37.486867],[126.843904,37.486658],[126.844182,37.48641],[126.844801,37.486252],[126.845556,37.485919],[126.845846,37.485512],[126.845961,37.485477],[126.845871,37.485053],[126.84604,37.484538],[126.847623,37.484514],[126.847994,37.48432],[126.847398,37.48373],[126.847275,37.483763],[126.847346,37.483727],[126.847431,37.482396],[126.847484,37.482362],[126.847962,37.482401],[126.848486,37.482368],[126.847741,37.482349],[126.847069,37.4822],[126.847073,37.482251],[126.847029,37.482238],[126.846989,37.482219],[126.846986,37.481894],[126.847803,37.482083],[126.848469,37.482086],[126.850418,37.481566],[126.850843,37.481522],[126.851667,37.481588],[126.8527,37.481818],[126.853128,37.482307],[126.852958,37.482477],[126.853155,37.482622],[126.853637,37.482621],[126.853864,37.482838],[126.854866,37.484786],[126.855165,37.485171],[126.855507,37.485406],[126.85589,37.485547],[126.856423,37.485702],[126.857449,37.485794],[126.857834,37.485983],[126.858116,37.486237],[126.861384,37.489968],[126.861768,37.490326],[126.862175,37.490577],[126.862811,37.490828],[126.86403,37.491019],[126.864518,37.491203],[126.864496,37.491068],[126.864555,37.491021],[126.86477,37.491165],[126.864795,37.491323],[126.865053,37.491541],[126.865152,37.491593],[126.865404,37.491508],[126.865813,37.492145],[126.866081,37.492362],[126.866205,37.492555],[126.866304,37.492631],[126.866499,37.492603],[126.866686,37.492663],[126.866602,37.492891],[126.866955,37.492866],[126.867159,37.492921],[126.86737,37.493074],[126.867537,37.493374],[126.867764,37.493582],[126.86778,37.494075],[126.867627,37.494251],[126.867473,37.494222],[126.867216,37.493994],[126.867035,37.493954],[126.866775,37.494196],[126.866891,37.494324],[126.867551,37.494624],[126.86761,37.494688],[126.867407,37.495552],[126.865202,37.494525],[126.864575,37.4943],[126.864434,37.494178],[126.864138,37.494113],[126.863897,37.494737],[126.864114,37.494792],[126.863613,37.496089],[126.863377,37.496087],[126.863206,37.496521],[126.862631,37.496415],[126.861879,37.496417],[126.86149,37.496804],[126.861299,37.496769],[126.861191,37.496833],[126.860953,37.496843],[126.86094,37.496877],[126.859536,37.49701],[126.859531,37.497113],[126.859483,37.497149],[126.858579,37.497353],[126.85737,37.497504],[126.856725,37.497522],[126.85667,37.497595],[126.856798,37.498173],[126.856593,37.498231],[126.856694,37.498648],[126.85665,37.498697],[126.856203,37.49879],[126.855816,37.498968],[126.855506,37.499293],[126.855586,37.500054],[126.855704,37.500016],[126.855809,37.500855],[126.855763,37.500858],[126.855987,37.501972],[126.856024,37.501966],[126.856087,37.502186],[126.854878,37.502539],[126.854623,37.50254],[126.854442,37.502183],[126.853815,37.501492],[126.853526,37.50105],[126.853412,37.500641],[126.853392,37.500297],[126.853029,37.499512],[126.852954,37.499579],[126.852792,37.499464],[126.852471,37.499644],[126.852113,37.499993],[126.851861,37.500149],[126.851374,37.500643],[126.851257,37.500643],[126.850931,37.50083],[126.850958,37.500847],[126.850894,37.500992],[126.850813,37.501009],[126.850665,37.500954],[126.850627,37.501058],[126.850246,37.501252],[126.850046,37.501297],[126.84991,37.50127],[126.849913,37.501398],[126.849804,37.501715],[126.849589,37.502023],[126.848409,37.502944],[126.84795,37.503679],[126.847983,37.503703],[126.847672,37.504271],[126.847508,37.504469],[126.847133,37.505117],[126.84664,37.505609],[126.846436,37.506014],[126.846199,37.506323],[126.846177,37.506444],[126.845613,37.507125],[126.845316,37.507823],[126.845137,37.507794],[126.845026,37.507613],[126.844801,37.507389],[126.844531,37.50677],[126.844362,37.506543],[126.84467,37.505771],[126.844503,37.505741],[126.844487,37.505793],[126.844399,37.505694],[126.843597,37.505849],[126.843438,37.505838],[126.842637,37.5055],[126.842388,37.505515],[126.842061,37.505689],[126.841172,37.50584],[126.840724,37.506075],[126.840479,37.505557],[126.840151,37.505449],[126.839979,37.504954],[126.839607,37.50454],[126.839342,37.504493],[126.8388,37.50459],[126.838469,37.504451],[126.838197,37.503909],[126.837862,37.503544],[126.837482,37.50331],[126.836933,37.50336],[126.836385,37.503143],[126.836521,37.502564],[126.836291,37.502087],[126.836332,37.501382],[126.835712,37.500565]]]}},{"type":"Feature","properties":{"dong":"11530_오류동","sgg_cd":"11530","emd_cd":"11530108","umd_nm":"오류동","gu_name":"구로구"},"geometry":{"type":"Polygon","coordinates":[[[126.823805,37.488325],[126.824739,37.488512],[126.825402,37.488419],[126.826079,37.488196],[126.827666,37.488423],[126.827773,37.48811],[126.828142,37.487922],[126.828292,37.48724],[126.828084,37.486937],[126.828809,37.486105],[126.829416,37.485998],[126.829565,37.485929],[126.829814,37.485729],[126.83037,37.484908],[126.830744,37.484794],[126.832177,37.483932],[126.833233,37.484086],[126.833584,37.484051],[126.834726,37.483694],[126.835253,37.483946],[126.835927,37.483846],[126.836217,37.483544],[126.836804,37.483528],[126.837775,37.483582],[126.837448,37.484653],[126.837237,37.485014],[126.837176,37.485003],[126.837129,37.485086],[126.837153,37.485144],[126.836257,37.485202],[126.836014,37.485344],[126.835792,37.485702],[126.83591,37.485846],[126.836231,37.485786],[126.836156,37.485643],[126.836535,37.485765],[126.836623,37.486094],[126.836845,37.486543],[126.836728,37.486607],[126.836847,37.48675],[126.836636,37.486831],[126.836691,37.48692],[126.837795,37.487006],[126.837897,37.486992],[126.837815,37.486978],[126.837942,37.486914],[126.838324,37.487039],[126.8382,37.487264],[126.838641,37.48746],[126.839318,37.487583],[126.839272,37.487706],[126.839555,37.487718],[126.83955,37.487677],[126.839728,37.487769],[126.839745,37.48799],[126.8401,37.487962],[126.841853,37.488861],[126.841979,37.488561],[126.842195,37.488294],[126.843115,37.487961],[126.843197,37.487761],[126.842438,37.486897],[126.842675,37.486619],[126.843807,37.486134],[126.844182,37.48641],[126.843904,37.486658],[126.844743,37.486867],[126.845419,37.486933],[126.846057,37.487195],[126.846051,37.487289],[126.846913,37.488113],[126.847272,37.488609],[126.847343,37.488862],[126.847706,37.489238],[126.848041,37.489678],[126.848823,37.490085],[126.848921,37.49033],[126.849008,37.490305],[126.84925,37.490972],[126.849438,37.491115],[126.84947,37.491709],[126.849187,37.492533],[126.848739,37.492632],[126.848203,37.492839],[126.848,37.492964],[126.847932,37.493386],[126.847998,37.493483],[126.847967,37.493489],[126.848122,37.493579],[126.848181,37.493566],[126.848227,37.493625],[126.848465,37.494596],[126.848197,37.494538],[126.848177,37.494652],[126.848485,37.494723],[126.848497,37.495038],[126.848673,37.495118],[126.850364,37.495471],[126.850308,37.495497],[126.850571,37.495556],[126.848797,37.497677],[126.848588,37.497655],[126.848401,37.49774],[126.848217,37.497648],[126.847895,37.497761],[126.847635,37.497752],[126.847561,37.497888],[126.846965,37.497569],[126.846734,37.497666],[126.846561,37.497792],[126.846598,37.497841],[126.845974,37.498031],[126.845648,37.498314],[126.845508,37.498458],[126.84501,37.499241],[126.844746,37.499424],[126.844675,37.499399],[126.844136,37.499689],[126.843519,37.499752],[126.843374,37.499809],[126.843194,37.499665],[126.842743,37.499654],[126.842202,37.499733],[126.84189,37.49994],[126.840927,37.500005],[126.840449,37.499483],[126.839251,37.499966],[126.838665,37.500063],[126.837304,37.500167],[126.837132,37.500759],[126.836781,37.500833],[126.836476,37.500957],[126.83635,37.500811],[126.835712,37.500565],[126.835456,37.500257],[126.835142,37.499977],[126.835115,37.499733],[126.834417,37.499157],[126.834123,37.498622],[126.834235,37.498332],[126.834468,37.498143],[126.834998,37.497287],[126.836576,37.496427],[126.836967,37.496069],[126.837139,37.495613],[126.837388,37.495296],[126.837359,37.494569],[126.837911,37.49323],[126.828697,37.493092],[126.828313,37.493153],[126.82714,37.493136],[126.827075,37.492812],[126.827167,37.492576],[126.82712,37.492535],[126.827325,37.49236],[126.827304,37.492079],[126.827364,37.491747],[126.827533,37.491436],[126.827795,37.491452],[126.827788,37.491161],[126.827635,37.491115],[126.827712,37.491001],[126.827712,37.490882],[126.827352,37.490833],[126.826567,37.490619],[126.826127,37.490421],[126.825098,37.489466],[126.824645,37.48921],[126.824092,37.488793],[126.824186,37.48877],[126.824391,37.488844],[126.824026,37.488623],[126.823805,37.488325]]]}},{"type":"Feature","properties":{"dong":"11530_궁동","sgg_cd":"11530","emd_cd":"11530109","umd_nm":"궁동","gu_name":"구로구"},"geometry":{"type":"Polygon","coordinates":[[[126.819381,37.500464],[126.819467,37.499783],[126.819609,37.499257],[126.820285,37.498355],[126.821646,37.498362],[126.821775,37.498029],[126.821799,37.497552],[126.821879,37.497228],[126.821973,37.497133],[126.822223,37.497053],[126.823173,37.496952],[126.823335,37.496899],[126.824015,37.496364],[126.824468,37.496199],[126.824925,37.495793],[126.825161,37.495703],[126.82538,37.495452],[126.825659,37.495307],[126.826106,37.494797],[126.826497,37.49467],[126.826937,37.494232],[126.827104,37.4939],[126.827133,37.493681],[126.827092,37.493428],[126.82714,37.493136],[126.828313,37.493153],[126.828697,37.493092],[126.837911,37.49323],[126.837359,37.494569],[126.837388,37.495296],[126.837139,37.495613],[126.836967,37.496069],[126.836576,37.496427],[126.834998,37.497287],[126.834468,37.498143],[126.834235,37.498332],[126.834123,37.498622],[126.834417,37.499157],[126.835115,37.499733],[126.835142,37.499977],[126.835456,37.500257],[126.836332,37.501382],[126.836291,37.502087],[126.836521,37.502564],[126.836385,37.503143],[126.835191,37.502919],[126.834525,37.503235],[126.834151,37.503322],[126.833945,37.503435],[126.833563,37.503924],[126.832986,37.504087],[126.83292,37.504274],[126.832004,37.50468],[126.831565,37.505126],[126.831435,37.505526],[126.831148,37.505794],[126.831137,37.505882],[126.830521,37.506354],[126.830539,37.506975],[126.830828,37.507415],[126.831071,37.507905],[126.831063,37.508071],[126.830661,37.508273],[126.829852,37.50839],[126.829502,37.508364],[126.829296,37.508485],[126.828093,37.50884],[126.826921,37.508491],[126.82646,37.50875],[126.826273,37.508768],[126.824457,37.508258],[126.823592,37.508137],[126.822639,37.507739],[126.822223,37.507687],[126.822224,37.507289],[126.822362,37.506225],[126.822383,37.506114],[126.822491,37.506102],[126.82255,37.505685],[126.822378,37.505347],[126.82202,37.50508],[126.821827,37.504537],[126.821973,37.504106],[126.821976,37.503895],[126.821652,37.503243],[126.821563,37.502902],[126.821564,37.502156],[126.821341,37.50202],[126.820612,37.501767],[126.82,37.501434],[126.819415,37.500789],[126.819381,37.500464]]]}},{"type":"Feature","properties":{"dong":"11530_온수동","sgg_cd":"11530","emd_cd":"11530110","umd_nm":"온수동","gu_name":"구로구"},"geometry":{"type":"Polygon","coordinates":[[[126.813012,37.4964],[126.813867,37.494898],[126.814352,37.494425],[126.814317,37.493758],[126.814575,37.493193],[126.815488,37.493201],[126.815872,37.492626],[126.817889,37.491535],[126.818574,37.491559],[126.819248,37.491314],[126.81932,37.491192],[126.819527,37.491052],[126.820045,37.490788],[126.820209,37.490748],[126.820976,37.490793],[126.820793,37.490527],[126.820963,37.490666],[126.820993,37.490648],[126.820932,37.490577],[126.821023,37.490587],[126.821513,37.490329],[126.822762,37.489979],[126.822834,37.489635],[126.823047,37.489291],[126.823038,37.48838],[126.823158,37.488397],[126.823172,37.488131],[126.823671,37.488465],[126.824049,37.488805],[126.824092,37.488793],[126.824645,37.48921],[126.825098,37.489466],[126.826127,37.490421],[126.826567,37.490619],[126.827352,37.490833],[126.827712,37.490882],[126.827712,37.491001],[126.827635,37.491115],[126.827788,37.491161],[126.827795,37.491452],[126.827533,37.491436],[126.827316,37.491915],[126.827325,37.49236],[126.82712,37.492535],[126.827167,37.492576],[126.827075,37.492812],[126.82714,37.493119],[126.827092,37.493428],[126.827133,37.493681],[126.827104,37.4939],[126.826937,37.494232],[126.826497,37.49467],[126.826106,37.494797],[126.825659,37.495307],[126.82538,37.495452],[126.825161,37.495703],[126.824925,37.495793],[126.824468,37.496199],[126.824015,37.496364],[126.823468,37.496827],[126.823173,37.496952],[126.822772,37.49697],[126.821973,37.497133],[126.821879,37.497228],[126.821799,37.497552],[126.821775,37.498029],[126.821646,37.498362],[126.820285,37.498355],[126.81964,37.49921],[126.818912,37.498749],[126.818208,37.498856],[126.818028,37.498723],[126.817582,37.498227],[126.81689,37.498017],[126.816582,37.497807],[126.816096,37.497644],[126.815772,37.497644],[126.815142,37.498009],[126.814642,37.498002],[126.814283,37.498268],[126.814139,37.498126],[126.814036,37.497351],[126.813247,37.496734],[126.813012,37.4964]]]}},{"type":"Feature","properties":{"dong":"11530_천왕동","sgg_cd":"11530","emd_cd":"11530111","umd_nm":"천왕동","gu_name":"구로구"},"geometry":{"type":"Polygon","coordinates":[[[126.830874,37.481442],[126.83217,37.481158],[126.832104,37.480416],[126.832651,37.479469],[126.832512,37.478971],[126.832477,37.478469],[126.831839,37.477809],[126.831748,37.477651],[126.833052,37.477246],[126.833327,37.477232],[126.83348,37.477155],[126.833932,37.476784],[126.834079,37.476415],[126.834495,37.47601],[126.834872,37.475751],[126.834613,37.47487],[126.83464,37.474362],[126.834833,37.474423],[126.835725,37.474383],[126.835767,37.474448],[126.835883,37.474461],[126.836108,37.474675],[126.836179,37.474808],[126.836479,37.474829],[126.83662,37.474885],[126.837204,37.474881],[126.8383,37.475392],[126.838845,37.475309],[126.839234,37.475165],[126.839567,37.475191],[126.839694,37.475143],[126.839949,37.474861],[126.840108,37.474763],[126.840825,37.474657],[126.841032,37.474648],[126.841742,37.47482],[126.8423,37.474876],[126.842503,37.474961],[126.842781,37.474971],[126.843112,37.474869],[126.843535,37.47454],[126.844048,37.474472],[126.844249,37.474599],[126.84434,37.474524],[126.844319,37.474302],[126.844489,37.474055],[126.844491,37.47398],[126.844552,37.473978],[126.8447,37.473761],[126.84482,37.473745],[126.844955,37.473472],[126.84536,37.473812],[126.845764,37.47781],[126.845934,37.480314],[126.846049,37.480925],[126.846408,37.481495],[126.846623,37.481689],[126.846986,37.481894],[126.846989,37.482219],[126.847073,37.482251],[126.847069,37.4822],[126.847741,37.482349],[126.848486,37.482368],[126.847962,37.482401],[126.847484,37.482362],[126.847431,37.482396],[126.847346,37.483727],[126.847275,37.483763],[126.847398,37.48373],[126.847994,37.48432],[126.847623,37.484514],[126.84604,37.484538],[126.845871,37.485053],[126.845961,37.485477],[126.845846,37.485512],[126.845556,37.485919],[126.844801,37.486252],[126.844182,37.48641],[126.843807,37.486134],[126.842675,37.486619],[126.842438,37.486897],[126.843197,37.487761],[126.843115,37.487961],[126.842195,37.488294],[126.841979,37.488561],[126.841853,37.488861],[126.8401,37.487962],[126.839745,37.48799],[126.839728,37.487769],[126.83955,37.487677],[126.839555,37.487718],[126.839272,37.487706],[126.839318,37.487583],[126.838641,37.48746],[126.8382,37.487264],[126.838324,37.487039],[126.837942,37.486914],[126.837815,37.486978],[126.837897,37.486992],[126.837795,37.487006],[126.836691,37.48692],[126.836636,37.486831],[126.836847,37.48675],[126.836728,37.486607],[126.836845,37.486543],[126.836623,37.486094],[126.836535,37.485765],[126.836156,37.485643],[126.836231,37.485786],[126.83591,37.485846],[126.835792,37.485702],[126.836014,37.485344],[126.836257,37.485202],[126.837153,37.485144],[126.837129,37.485086],[126.837176,37.485003],[126.837237,37.485014],[126.837448,37.484653],[126.837775,37.483582],[126.836804,37.483528],[126.836217,37.483544],[126.835927,37.483846],[126.835253,37.483946],[126.834726,37.483694],[126.833584,37.484051],[126.833233,37.484086],[126.832177,37.483932],[126.832128,37.483576],[126.832152,37.482882],[126.831634,37.482576],[126.831044,37.481626],[126.830874,37.481442]]]}},{"type":"Feature","properties":{"dong":"11530_항동","sgg_cd":"11530","emd_cd":"11530112","umd_nm":"항동","gu_name":"구로구"},"geometry":{"type":"Polygon","coordinates":[[[126.814646,37.47472],[126.815498,37.474133],[126.815565,37.474045],[126.816562,37.473994],[126.816953,37.473679],[126.817076,37.473288],[126.81764,37.473188],[126.817918,37.473689],[126.818632,37.47408],[126.818321,37.475299],[126.818807,37.47524],[126.818821,37.475327],[126.819283,37.475177],[126.819412,37.475179],[126.819069,37.475449],[126.819056,37.475937],[126.819079,37.476132],[126.819143,37.476205],[126.819423,37.476327],[126.819576,37.476355],[126.819866,37.476223],[126.820061,37.476204],[126.820161,37.476269],[126.820619,37.476253],[126.821069,37.476303],[126.821202,37.476283],[126.821236,37.476211],[126.82148,37.476217],[126.82157,37.476262],[126.821779,37.476203],[126.821733,37.476107],[126.821668,37.475481],[126.821717,37.47522],[126.821913,37.475286],[126.821949,37.475534],[126.822107,37.475748],[126.822633,37.475833],[126.822777,37.475931],[126.822947,37.475967],[126.82318,37.475945],[126.823148,37.476121],[126.823654,37.476131],[126.823816,37.476388],[126.82395,37.476472],[126.824108,37.476352],[126.824173,37.476194],[126.824334,37.476252],[126.824333,37.47614],[126.825384,37.476181],[126.826224,37.476146],[126.827872,37.475989],[126.829204,37.476195],[126.829537,37.476596],[126.829621,37.476895],[126.830457,37.477339],[126.831748,37.477651],[126.831839,37.477809],[126.832477,37.478469],[126.832512,37.478971],[126.832651,37.479469],[126.832104,37.480416],[126.83217,37.481158],[126.830874,37.481442],[126.831044,37.481626],[126.831634,37.482576],[126.832152,37.482882],[126.832128,37.483576],[126.832177,37.483932],[126.830744,37.484794],[126.83037,37.484908],[126.829814,37.485729],[126.829565,37.485929],[126.829416,37.485998],[126.828809,37.486105],[126.828084,37.486937],[126.828292,37.48724],[126.828142,37.487922],[126.827773,37.48811],[126.827666,37.488423],[126.826079,37.488196],[126.825402,37.488419],[126.824739,37.488512],[126.823805,37.488325],[126.824026,37.488623],[126.824391,37.488844],[126.824186,37.48877],[126.824049,37.488805],[126.823671,37.488465],[126.823172,37.488131],[126.823158,37.488397],[126.823038,37.48838],[126.82301,37.48815],[126.823506,37.487735],[126.82356,37.487775],[126.823591,37.487745],[126.822483,37.486921],[126.82239,37.486723],[126.821636,37.486515],[126.821292,37.486177],[126.81929,37.485475],[126.819491,37.484808],[126.819467,37.48452],[126.819307,37.484183],[126.819573,37.483652],[126.81939,37.483309],[126.819487,37.483095],[126.819583,37.482438],[126.819962,37.481891],[126.819986,37.481644],[126.819578,37.480792],[126.819598,37.480614],[126.819543,37.480323],[126.819367,37.479863],[126.818997,37.479162],[126.818256,37.478164],[126.81721,37.478135],[126.816411,37.477537],[126.816071,37.47708],[126.816108,37.476745],[126.815295,37.476362],[126.814964,37.47586],[126.814646,37.47472]]]}},{"type":"Feature","properties":{"dong":"11545_가산동","sgg_cd":"11545","emd_cd":"11545101","umd_nm":"가산동","gu_name":"금천구"},"geometry":{"type":"Polygon","coordinates":[[[126.884574,37.465648],[126.885799,37.464263],[126.88968,37.465883],[126.886987,37.472034],[126.889216,37.47195],[126.890545,37.47234],[126.893878,37.472215],[126.89403,37.473533],[126.894645,37.473838],[126.894099,37.474534],[126.896676,37.475818],[126.89585,37.478506],[126.895084,37.478505],[126.889881,37.479389],[126.888785,37.479789],[126.887729,37.480441],[126.886155,37.482349],[126.882724,37.484749],[126.881354,37.485563],[126.879439,37.486233],[126.878458,37.486672],[126.878145,37.48639],[126.877676,37.486115],[126.877023,37.485993],[126.876603,37.485839],[126.875175,37.485475],[126.874556,37.485366],[126.874219,37.485187],[126.873813,37.485321],[126.873625,37.48564],[126.873137,37.486151],[126.872895,37.486251],[126.872734,37.48624],[126.872444,37.48611],[126.872232,37.485762],[126.872031,37.4856],[126.871762,37.485269],[126.871797,37.484997],[126.872208,37.484433],[126.872783,37.48437],[126.873297,37.484181],[126.873234,37.484],[126.872857,37.483656],[126.872786,37.483488],[126.872744,37.482425],[126.872971,37.48227],[126.873189,37.482283],[126.873379,37.482433],[126.874207,37.480605],[126.874199,37.480479],[126.875985,37.477104],[126.878011,37.473827],[126.880039,37.471214],[126.880204,37.470935],[126.881593,37.469417],[126.881468,37.469156],[126.881447,37.468995],[126.881631,37.468459],[126.881947,37.468213],[126.882529,37.467934],[126.882721,37.467711],[126.883014,37.467064],[126.883276,37.466856],[126.883994,37.466668],[126.884321,37.466473],[126.884617,37.466012],[126.884574,37.465648]]]}},{"type":"Feature","properties":{"dong":"11545_독산동","sgg_cd":"11545","emd_cd":"11545102","umd_nm":"독산동","gu_name":"금천구"},"geometry":{"type":"Polygon","coordinates":[[[126.882745,37.46439],[126.883418,37.463674],[126.883782,37.463181],[126.884317,37.462723],[126.885141,37.462467],[126.885456,37.462525],[126.885835,37.462702],[126.886245,37.462798],[126.887121,37.462904],[126.888875,37.460947],[126.888769,37.460832],[126.88863,37.460788],[126.888335,37.46078],[126.887858,37.460997],[126.887473,37.461065],[126.886826,37.46093],[126.886128,37.460899],[126.885518,37.460255],[126.885349,37.459862],[126.88534,37.459637],[126.885376,37.459469],[126.885511,37.459372],[126.885941,37.45934],[126.886198,37.459241],[126.886337,37.458957],[126.886374,37.458714],[126.886322,37.45845],[126.885947,37.457894],[126.885869,37.457588],[126.886108,37.456947],[126.886185,37.456522],[126.886264,37.456362],[126.886403,37.456173],[126.886532,37.45613],[126.886681,37.455927],[126.887241,37.455503],[126.887373,37.455463],[126.888016,37.455578],[126.888199,37.4554],[126.888341,37.455089],[126.888764,37.454765],[126.889203,37.454724],[126.889285,37.454575],[126.889264,37.454482],[126.889021,37.454167],[126.889085,37.453971],[126.889517,37.45377],[126.889652,37.453598],[126.889647,37.453319],[126.889503,37.452701],[126.88956,37.452432],[126.889642,37.452315],[126.889849,37.452277],[126.890209,37.452504],[126.891048,37.452242],[126.891365,37.452211],[126.891963,37.452304],[126.892224,37.452205],[126.892391,37.451999],[126.892588,37.451949],[126.892759,37.452039],[126.893062,37.452602],[126.893254,37.452763],[126.893376,37.452805],[126.893614,37.452823],[126.893808,37.452783],[126.89483,37.452442],[126.895095,37.452613],[126.89549,37.452738],[126.895456,37.452838],[126.895417,37.452837],[126.895438,37.452746],[126.895223,37.452689],[126.895071,37.452773],[126.893989,37.454933],[126.893427,37.456182],[126.892849,37.45793],[126.893189,37.45804],[126.893907,37.457324],[126.894339,37.457147],[126.894821,37.457077],[126.895049,37.457118],[126.895223,37.45721],[126.894825,37.457315],[126.894895,37.457423],[126.895373,37.457294],[126.895501,37.457368],[126.895691,37.457327],[126.896189,37.457427],[126.89619,37.457505],[126.896507,37.45751],[126.896609,37.4574],[126.896773,37.457424],[126.896813,37.457349],[126.896865,37.457354],[126.896693,37.457537],[126.896749,37.457699],[126.896706,37.457728],[126.897036,37.457781],[126.897195,37.45787],[126.897176,37.457962],[126.89707,37.457922],[126.897099,37.458107],[126.896798,37.458859],[126.898454,37.459336],[126.898906,37.458174],[126.899559,37.458001],[126.900145,37.458146],[126.899901,37.458466],[126.900518,37.459012],[126.901014,37.459016],[126.901813,37.459438],[126.901745,37.459888],[126.902455,37.460598],[126.902586,37.462251],[126.903158,37.462142],[126.904351,37.462299],[126.904052,37.462741],[126.904903,37.46269],[126.904984,37.46279],[126.904994,37.463156],[126.905127,37.46367],[126.90535,37.463727],[126.905964,37.463566],[126.906264,37.463644],[126.906656,37.463931],[126.906751,37.464091],[126.907092,37.464418],[126.907345,37.464389],[126.907565,37.464508],[126.907857,37.464565],[126.908093,37.464542],[126.908345,37.464853],[126.908897,37.464896],[126.909237,37.465086],[126.909314,37.465175],[126.909423,37.465565],[126.909521,37.465641],[126.910711,37.465417],[126.911618,37.465516],[126.912348,37.465862],[126.912357,37.466231],[126.911608,37.466788],[126.911582,37.467103],[126.911066,37.467705],[126.911038,37.468076],[126.909948,37.468753],[126.910232,37.46923],[126.909935,37.469776],[126.909801,37.469895],[126.909806,37.47],[126.909549,37.470446],[126.909621,37.470656],[126.908772,37.47178],[126.908569,37.472211],[126.908353,37.472364],[126.908165,37.472759],[126.908569,37.472982],[126.909353,37.473209],[126.909949,37.47331],[126.910041,37.473449],[126.910542,37.473611],[126.910757,37.47358],[126.911043,37.473862],[126.911083,37.47417],[126.911372,37.474462],[126.9113,37.474755],[126.911337,37.474901],[126.911182,37.475217],[126.911305,37.475425],[126.911389,37.475995],[126.911621,37.476295],[126.911785,37.476872],[126.911813,37.477793],[126.910661,37.47794],[126.910509,37.478163],[126.910466,37.478355],[126.909843,37.478194],[126.909481,37.478004],[126.90863,37.479083],[126.90875,37.479241],[126.908695,37.479381],[126.908812,37.479552],[126.909098,37.479624],[126.90898,37.480079],[126.909934,37.480253],[126.909786,37.480766],[126.905515,37.479982],[126.905238,37.480112],[126.898943,37.47894],[126.898991,37.479149],[126.896212,37.478672],[126.896212,37.478339],[126.895871,37.478339],[126.896676,37.475818],[126.894099,37.474534],[126.894645,37.473838],[126.89403,37.473533],[126.893878,37.472215],[126.890545,37.47234],[126.889216,37.47195],[126.886987,37.472034],[126.88968,37.465883],[126.885799,37.464263],[126.884568,37.465654],[126.884344,37.465457],[126.884185,37.465385],[126.883147,37.465128],[126.882928,37.465004],[126.882773,37.464829],[126.882745,37.46439]]]}},{"type":"Feature","properties":{"dong":"11545_시흥동","sgg_cd":"11545","emd_cd":"11545103","umd_nm":"시흥동","gu_name":"금천구"},"geometry":{"type":"Polygon","coordinates":[[[126.912348,37.465862],[126.911618,37.465516],[126.910711,37.465417],[126.909521,37.465641],[126.909423,37.465565],[126.909314,37.465175],[126.909237,37.465086],[126.908897,37.464896],[126.908345,37.464853],[126.908093,37.464542],[126.907857,37.464565],[126.907565,37.464508],[126.907345,37.464389],[126.907092,37.464418],[126.906751,37.464091],[126.906656,37.463931],[126.906264,37.463644],[126.905964,37.463566],[126.90535,37.463727],[126.905127,37.46367],[126.904994,37.463156],[126.904984,37.46279],[126.904903,37.46269],[126.904052,37.462741],[126.904351,37.462299],[126.903158,37.462142],[126.902586,37.462251],[126.902455,37.460598],[126.901745,37.459888],[126.901813,37.459438],[126.901014,37.459016],[126.900518,37.459012],[126.899901,37.458466],[126.900145,37.458146],[126.899559,37.458001],[126.898906,37.458174],[126.898454,37.459336],[126.896798,37.458859],[126.897099,37.458107],[126.89707,37.457922],[126.897176,37.457962],[126.897195,37.45787],[126.897036,37.457781],[126.896706,37.457728],[126.896749,37.457699],[126.896693,37.457537],[126.896865,37.457354],[126.896813,37.457349],[126.896773,37.457424],[126.896609,37.4574],[126.896507,37.45751],[126.89619,37.457505],[126.896189,37.457427],[126.895691,37.457327],[126.895501,37.457368],[126.895373,37.457294],[126.894895,37.457423],[126.894825,37.457315],[126.895223,37.45721],[126.895049,37.457118],[126.894821,37.457077],[126.894339,37.457147],[126.893907,37.457324],[126.893189,37.45804],[126.892849,37.45793],[126.893427,37.456182],[126.893989,37.454933],[126.895071,37.452773],[126.895223,37.452689],[126.895438,37.452746],[126.895417,37.452837],[126.895456,37.452838],[126.89549,37.452738],[126.895095,37.452613],[126.89483,37.452442],[126.893982,37.452718],[126.894603,37.451159],[126.894815,37.450862],[126.896049,37.448042],[126.89558,37.448334],[126.895235,37.448374],[126.895003,37.448222],[126.894726,37.44763],[126.894725,37.447064],[126.89465,37.446698],[126.89468,37.446638],[126.895008,37.446452],[126.895309,37.44621],[126.895505,37.445778],[126.895782,37.445633],[126.896333,37.445727],[126.896764,37.445704],[126.897269,37.445436],[126.898779,37.442059],[126.898999,37.441178],[126.899222,37.441059],[126.899358,37.440849],[126.899926,37.439556],[126.899281,37.439643],[126.898805,37.43935],[126.898755,37.439276],[126.898978,37.438701],[126.899144,37.438668],[126.899649,37.43828],[126.899931,37.437985],[126.900337,37.437733],[126.900547,37.437323],[126.900849,37.436984],[126.901067,37.436926],[126.901589,37.43655],[126.90275,37.435861],[126.902759,37.435641],[126.902803,37.435642],[126.902789,37.434775],[126.902987,37.434067],[126.903526,37.434162],[126.904812,37.433997],[126.905221,37.434046],[126.905397,37.433998],[126.906105,37.433994],[126.906485,37.433604],[126.906724,37.43355],[126.906732,37.433612],[126.906918,37.433633],[126.907034,37.433508],[126.907228,37.433482],[126.90793,37.433691],[126.908601,37.433664],[126.90914,37.433837],[126.909406,37.433864],[126.910028,37.434324],[126.910223,37.434824],[126.910611,37.435264],[126.910678,37.435498],[126.911333,37.436171],[126.911203,37.437201],[126.911432,37.437623],[126.911802,37.437766],[126.912309,37.438579],[126.912808,37.43872],[126.91319,37.439095],[126.913891,37.439307],[126.914829,37.439379],[126.916125,37.440053],[126.917857,37.440149],[126.919264,37.439852],[126.920274,37.440466],[126.920382,37.440598],[126.920699,37.44152],[126.921169,37.442546],[126.921657,37.442806],[126.922358,37.443704],[126.922762,37.444041],[126.922946,37.444873],[126.922897,37.445173],[126.923253,37.445772],[126.923993,37.44614],[126.923996,37.44621],[126.924982,37.446781],[126.926017,37.447701],[126.926517,37.44839],[126.927744,37.448978],[126.928279,37.449352],[126.928397,37.450209],[126.928503,37.450564],[126.9284,37.450986],[126.927894,37.451085],[126.927325,37.450987],[126.926692,37.451732],[126.926275,37.452537],[126.925701,37.452913],[126.925446,37.452978],[126.924789,37.452813],[126.92426,37.453375],[126.924194,37.453661],[126.923832,37.453928],[126.923342,37.454192],[126.923091,37.454512],[126.922793,37.455246],[126.92253,37.456329],[126.922187,37.456627],[126.920886,37.456828],[126.919678,37.456755],[126.919131,37.45689],[126.918316,37.456927],[126.918043,37.457032],[126.917443,37.457118],[126.917271,37.457345],[126.916899,37.457521],[126.916261,37.457342],[126.9156,37.457432],[126.914949,37.457314],[126.914566,37.457452],[126.914026,37.457889],[126.914016,37.458453],[126.914237,37.45894],[126.913999,37.45947],[126.914245,37.459947],[126.914167,37.460715],[126.914185,37.460956],[126.914379,37.461392],[126.914389,37.461579],[126.913945,37.461936],[126.913712,37.462789],[126.913287,37.46306],[126.912958,37.463558],[126.912893,37.463916],[126.912935,37.464181],[126.913703,37.465378],[126.913512,37.465393],[126.913057,37.465644],[126.912545,37.465723],[126.912348,37.465862]]]}},{"type":"Feature","properties":{"dong":"11560_영등포동","sgg_cd":"11560","emd_cd":"11560101","umd_nm":"영등포동","gu_name":"영등포구"},"geometry":{"type":"MultiPolygon","coordinates":[[[[126.8976,37.511842],[126.898018,37.511254],[126.900325,37.512052],[126.9011,37.511663],[126.901115,37.511328],[126.901335,37.511114],[126.901382,37.51078],[126.901722,37.509865],[126.901938,37.509743],[126.902525,37.509629],[126.902912,37.509664],[126.903549,37.509586],[126.904056,37.509661],[126.90467,37.509973],[126.905388,37.510456],[126.905502,37.510578],[126.90584,37.510736],[126.906039,37.511187],[126.906768,37.511555],[126.906969,37.511824],[126.907649,37.512355],[126.908141,37.512279],[126.908786,37.512409],[126.909059,37.51242],[126.909161,37.512179],[126.909249,37.512037],[126.90919,37.512246],[126.909305,37.512334],[126.909727,37.512423],[126.910211,37.512448],[126.910224,37.512518],[126.910517,37.512734],[126.911515,37.513846],[126.911863,37.513942],[126.912923,37.514552],[126.913579,37.514786],[126.913579,37.514844],[126.914104,37.515166],[126.914936,37.515595],[126.915201,37.516015],[126.915161,37.516204],[126.914867,37.516808],[126.915653,37.517074],[126.915936,37.517227],[126.908497,37.516815],[126.908437,37.517009],[126.908387,37.517034],[126.906364,37.516227],[126.903209,37.51514],[126.903929,37.514858],[126.904063,37.514615],[126.8976,37.511842]]],[[[126.90218,37.524614],[126.901106,37.521116],[126.900967,37.520495],[126.900923,37.520013],[126.900965,37.519467],[126.901077,37.518943],[126.901203,37.518564],[126.901348,37.51853],[126.901224,37.518859],[126.901071,37.519664],[126.901138,37.520658],[126.902092,37.524081],[126.90253,37.525269],[126.902629,37.525419],[126.902794,37.525957],[126.902722,37.52596],[126.902612,37.525759],[126.902516,37.52541],[126.90218,37.524614]]]]}},{"type":"Feature","properties":{"dong":"11560_영등포동1가","sgg_cd":"11560","emd_cd":"11560102","umd_nm":"영등포동1가","gu_name":"영등포구"},"geometry":{"type":"Polygon","coordinates":[[[126.912922,37.51857],[126.908452,37.517051],[126.908497,37.516815],[126.914903,37.517183],[126.916873,37.517241],[126.916827,37.517373],[126.916521,37.517629],[126.914563,37.518446],[126.914197,37.518527],[126.91376,37.518583],[126.913374,37.518564],[126.913357,37.518628],[126.912922,37.51857]]]}},{"type":"Feature","properties":{"dong":"11560_영등포동2가","sgg_cd":"11560","emd_cd":"11560103","umd_nm":"영등포동2가","gu_name":"영등포구"},"geometry":{"type":"Polygon","coordinates":[[[126.912494,37.524111],[126.909129,37.522694],[126.908642,37.522164],[126.908799,37.52183],[126.90862,37.521804],[126.908173,37.51999],[126.908103,37.519992],[126.907942,37.519355],[126.911838,37.5185],[126.91181,37.518362],[126.911887,37.518242],[126.912922,37.51857],[126.913357,37.518628],[126.913374,37.518564],[126.91376,37.518583],[126.914197,37.518527],[126.914563,37.518446],[126.916455,37.517653],[126.916649,37.517895],[126.916834,37.518338],[126.91689,37.518322],[126.917364,37.518979],[126.916106,37.519695],[126.913574,37.522479],[126.912494,37.524111]]]}},{"type":"Feature","properties":{"dong":"11560_영등포동3가","sgg_cd":"11560","emd_cd":"11560104","umd_nm":"영등포동3가","gu_name":"영등포구"},"geometry":{"type":"Polygon","coordinates":[[[126.911838,37.5185],[126.905458,37.519862],[126.90488,37.519862],[126.905777,37.518086],[126.905701,37.518097],[126.90572,37.518028],[126.906694,37.516381],[126.908387,37.517034],[126.908437,37.517009],[126.908452,37.517051],[126.911887,37.518242],[126.91181,37.518362],[126.911838,37.5185]]]}},{"type":"Feature","properties":{"dong":"11560_영등포동4가","sgg_cd":"11560","emd_cd":"11560105","umd_nm":"영등포동4가","gu_name":"영등포구"},"geometry":{"type":"Polygon","coordinates":[[[126.901124,37.520569],[126.901071,37.519664],[126.901224,37.518859],[126.901348,37.51853],[126.901203,37.518564],[126.902063,37.516201],[126.902646,37.515415],[126.903209,37.51514],[126.906364,37.516227],[126.906694,37.516381],[126.90572,37.518028],[126.905701,37.518097],[126.905777,37.518086],[126.90488,37.519862],[126.905458,37.519862],[126.901124,37.520569]]]}},{"type":"Feature","properties":{"dong":"11560_영등포동5가","sgg_cd":"11560","emd_cd":"11560106","umd_nm":"영등포동5가","gu_name":"영등포구"},"geometry":{"type":"Polygon","coordinates":[[[126.90512,37.522708],[126.904804,37.519994],[126.907942,37.519355],[126.908103,37.519992],[126.908173,37.51999],[126.90862,37.521804],[126.908799,37.52183],[126.908642,37.522164],[126.90512,37.522708]]]}},{"type":"Feature","properties":{"dong":"11560_영등포동6가","sgg_cd":"11560","emd_cd":"11560107","umd_nm":"영등포동6가","gu_name":"영등포구"},"geometry":{"type":"Polygon","coordinates":[[[126.901849,37.523203],[126.901269,37.52121],[126.901124,37.520569],[126.904804,37.519994],[126.90512,37.522708],[126.901849,37.523203]]]}},{"type":"Feature","properties":{"dong":"11560_영등포동7가","sgg_cd":"11560","emd_cd":"11560108","umd_nm":"영등포동7가","gu_name":"영등포구"},"geometry":{"type":"Polygon","coordinates":[[[126.902794,37.525957],[126.902629,37.525419],[126.90253,37.525269],[126.902092,37.524081],[126.901849,37.523203],[126.908642,37.522164],[126.909129,37.522694],[126.912494,37.524111],[126.911057,37.526342],[126.91068,37.526289],[126.910701,37.52625],[126.910436,37.526252],[126.908616,37.526013],[126.907185,37.525645],[126.907071,37.525687],[126.906432,37.525406],[126.903969,37.525777],[126.90292,37.526098],[126.902794,37.525957]]]}},{"type":"Feature","properties":{"dong":"11560_영등포동8가","sgg_cd":"11560","emd_cd":"11560109","umd_nm":"영등포동8가","gu_name":"영등포구"},"geometry":{"type":"Polygon","coordinates":[[[126.906834,37.53275],[126.905747,37.531998],[126.905443,37.532149],[126.905027,37.531166],[126.904908,37.530668],[126.904111,37.528925],[126.90292,37.526098],[126.903969,37.525777],[126.906432,37.525406],[126.907071,37.525687],[126.906763,37.526399],[126.906574,37.52707],[126.906453,37.528009],[126.906645,37.532521],[126.906817,37.532668],[126.906834,37.53275]]]}},{"type":"Feature","properties":{"dong":"11560_여의도동","sgg_cd":"11560","emd_cd":"11560110","umd_nm":"여의도동","gu_name":"영등포구"},"geometry":{"type":"Polygon","coordinates":[[[126.932676,37.515621],[126.932921,37.515526],[126.932921,37.515668],[126.934141,37.515904],[126.934711,37.515883],[126.939283,37.516076],[126.94956,37.517614],[126.949886,37.517508],[126.949877,37.527029],[126.947416,37.530163],[126.947172,37.530631],[126.944218,37.534238],[126.938558,37.537835],[126.932898,37.540518],[126.930312,37.541352],[126.927649,37.539073],[126.927282,37.539135],[126.9271,37.539035],[126.92618,37.539284],[126.925864,37.539457],[126.925368,37.539624],[126.924859,37.539768],[126.924823,37.539743],[126.923076,37.540454],[126.922834,37.540619],[126.922414,37.541429],[126.904831,37.541416],[126.906535,37.539353],[126.907595,37.536104],[126.908178,37.532817],[126.909169,37.530818],[126.910316,37.528189],[126.911077,37.526292],[126.913574,37.522479],[126.916106,37.519695],[126.917356,37.518984],[126.91873,37.51806],[126.923669,37.516502],[126.925754,37.515612],[126.929,37.515409],[126.932395,37.515567],[126.932676,37.515621]]]}},{"type":"Feature","properties":{"dong":"11560_당산동1가","sgg_cd":"11560","emd_cd":"11560111","umd_nm":"당산동1가","gu_name":"영등포구"},"geometry":{"type":"Polygon","coordinates":[[[126.896234,37.52407],[126.895294,37.52019],[126.900007,37.519441],[126.900542,37.519241],[126.901123,37.518804],[126.90094,37.519659],[126.900961,37.520456],[126.901106,37.521116],[126.901744,37.523235],[126.896234,37.52407]]]}},{"type":"Feature","properties":{"dong":"11560_당산동2가","sgg_cd":"11560","emd_cd":"11560112","umd_nm":"당산동2가","gu_name":"영등포구"},"geometry":{"type":"Polygon","coordinates":[[[126.892025,37.524724],[126.891359,37.521902],[126.891441,37.521526],[126.891702,37.521092],[126.891633,37.520749],[126.895294,37.52019],[126.896234,37.52407],[126.892025,37.524724]]]}},{"type":"Feature","properties":{"dong":"11560_당산동3가","sgg_cd":"11560","emd_cd":"11560113","umd_nm":"당산동3가","gu_name":"영등포구"},"geometry":{"type":"Polygon","coordinates":[[[126.90218,37.524614],[126.902794,37.526132],[126.897115,37.527748],[126.894143,37.529231],[126.892735,37.527427],[126.892584,37.527059],[126.892025,37.524724],[126.901744,37.523235],[126.90218,37.524614]]]}},{"type":"Feature","properties":{"dong":"11560_당산동4가","sgg_cd":"11560","emd_cd":"11560114","umd_nm":"당산동4가","gu_name":"영등포구"},"geometry":{"type":"Polygon","coordinates":[[[126.894143,37.529231],[126.897115,37.527748],[126.902794,37.526132],[126.902722,37.52596],[126.902794,37.525957],[126.902884,37.526021],[126.90297,37.526204],[126.904092,37.528879],[126.902571,37.529312],[126.896547,37.532302],[126.894143,37.529231]]]}},{"type":"Feature","properties":{"dong":"11560_당산동5가","sgg_cd":"11560","emd_cd":"11560115","umd_nm":"당산동5가","gu_name":"영등포구"},"geometry":{"type":"Polygon","coordinates":[[[126.898954,37.535364],[126.896547,37.532302],[126.902571,37.529312],[126.904092,37.528879],[126.904908,37.530668],[126.905027,37.531166],[126.905443,37.532149],[126.898954,37.535364]]]}},{"type":"Feature","properties":{"dong":"11560_당산동6가","sgg_cd":"11560","emd_cd":"11560116","umd_nm":"당산동6가","gu_name":"영등포구"},"geometry":{"type":"MultiPolygon","coordinates":[[[[126.900626,37.537493],[126.898954,37.535364],[126.905747,37.531998],[126.90711,37.532953],[126.90717,37.532804],[126.907353,37.532804],[126.906845,37.53335],[126.906681,37.533277],[126.906646,37.533317],[126.906394,37.533324],[126.906282,37.533226],[126.906049,37.533609],[126.905783,37.533923],[126.904599,37.534922],[126.904795,37.535081],[126.905002,37.53508],[126.904977,37.535099],[126.904627,37.535284],[126.903859,37.535554],[126.903631,37.535604],[126.903444,37.53557],[126.902368,37.536249],[126.901286,37.537072],[126.900626,37.537493]]],[[[126.90602,37.534133],[126.906295,37.533879],[126.906452,37.533651],[126.906559,37.533648],[126.906149,37.534074],[126.90602,37.534133]]]]}},{"type":"Feature","properties":{"dong":"11560_당산동","sgg_cd":"11560","emd_cd":"11560117","umd_nm":"당산동","gu_name":"영등포구"},"geometry":{"type":"Polygon","coordinates":[[[126.902191,37.544127],[126.901483,37.543555],[126.901586,37.543446],[126.901537,37.543412],[126.901515,37.543292],[126.901051,37.543121],[126.900656,37.542804],[126.900724,37.542724],[126.900672,37.542651],[126.900947,37.542442],[126.901011,37.54234],[126.901,37.542228],[126.900801,37.542101],[126.900734,37.542191],[126.900531,37.542129],[126.900124,37.54178],[126.89968,37.541985],[126.899063,37.542187],[126.898618,37.542512],[126.898654,37.542587],[126.898374,37.542772],[126.898221,37.542646],[126.898123,37.542716],[126.897848,37.542462],[126.896527,37.542992],[126.896036,37.542454],[126.895677,37.541713],[126.895228,37.541928],[126.894712,37.542087],[126.893844,37.542216],[126.894131,37.541649],[126.895538,37.540897],[126.897727,37.539411],[126.897967,37.539589],[126.898128,37.539238],[126.897914,37.539286],[126.898145,37.539119],[126.898156,37.539223],[126.89799,37.539597],[126.898148,37.539747],[126.89956,37.539242],[126.899314,37.538822],[126.898989,37.538494],[126.899088,37.538578],[126.899279,37.538613],[126.900624,37.5383],[126.900729,37.538138],[126.900352,37.537662],[126.900754,37.538135],[126.901056,37.537865],[126.901139,37.537724],[126.901281,37.537268],[126.901232,37.537083],[126.902368,37.536249],[126.903444,37.53557],[126.903631,37.535604],[126.903859,37.535554],[126.904627,37.535284],[126.904977,37.535099],[126.905002,37.53508],[126.904795,37.535081],[126.904599,37.534922],[126.905783,37.533923],[126.906049,37.533609],[126.906282,37.533226],[126.906394,37.533324],[126.906646,37.533317],[126.906681,37.533277],[126.906845,37.53335],[126.907353,37.532804],[126.90717,37.532804],[126.90711,37.532953],[126.906834,37.53275],[126.906817,37.532668],[126.906645,37.532521],[126.906468,37.528835],[126.906467,37.528792],[126.906515,37.52879],[126.906454,37.527989],[126.906562,37.527117],[126.906763,37.526399],[126.907084,37.525662],[126.907185,37.525645],[126.908616,37.526013],[126.910436,37.526252],[126.910701,37.52625],[126.91068,37.526289],[126.911057,37.526342],[126.910316,37.528189],[126.909169,37.530818],[126.908178,37.532817],[126.907595,37.536104],[126.906535,37.539353],[126.903802,37.542634],[126.902191,37.544127]],[[126.906149,37.534074],[126.906511,37.533695],[126.906559,37.533648],[126.906452,37.533651],[126.906295,37.533879],[126.90602,37.534133],[126.906149,37.534074]]]}},{"type":"Feature","properties":{"dong":"11560_도림동","sgg_cd":"11560","emd_cd":"11560118","umd_nm":"도림동","gu_name":"영등포구"},"geometry":{"type":"Polygon","coordinates":[[[126.892167,37.509377],[126.892332,37.509096],[126.89301,37.508535],[126.89338,37.508493],[126.893852,37.508358],[126.894161,37.508126],[126.894499,37.508003],[126.89533,37.507395],[126.895486,37.50716],[126.896404,37.506594],[126.896739,37.505962],[126.897007,37.505721],[126.896867,37.505684],[126.897027,37.505713],[126.897069,37.505563],[126.897135,37.505568],[126.898526,37.504276],[126.899225,37.504033],[126.89933,37.504362],[126.898245,37.505373],[126.901246,37.506645],[126.90116,37.50678],[126.90138,37.506774],[126.902757,37.507325],[126.903418,37.507723],[126.906684,37.509171],[126.906901,37.509022],[126.908892,37.509887],[126.909282,37.510005],[126.909844,37.510241],[126.909847,37.510284],[126.90987,37.510253],[126.910114,37.51036],[126.909847,37.510607],[126.910092,37.510722],[126.910168,37.51082],[126.909864,37.511732],[126.909963,37.511862],[126.909948,37.511906],[126.909859,37.511789],[126.909844,37.511889],[126.909857,37.512103],[126.909989,37.512435],[126.909305,37.512334],[126.90919,37.512246],[126.909249,37.512037],[126.909059,37.51242],[126.908786,37.512409],[126.908141,37.512279],[126.907649,37.512355],[126.906969,37.511824],[126.906768,37.511555],[126.906039,37.511187],[126.90584,37.510736],[126.905502,37.510578],[126.905388,37.510456],[126.90467,37.509973],[126.904056,37.509661],[126.903746,37.509602],[126.903542,37.509586],[126.902912,37.509664],[126.902525,37.509629],[126.901938,37.509743],[126.901722,37.509865],[126.901382,37.51078],[126.901335,37.511114],[126.901115,37.511328],[126.9011,37.511663],[126.900325,37.512052],[126.898018,37.511254],[126.8976,37.511842],[126.895911,37.511058],[126.894997,37.510737],[126.894746,37.510587],[126.894724,37.510614],[126.892964,37.509831],[126.893019,37.509737],[126.892167,37.509377]]]}},{"type":"Feature","properties":{"dong":"11560_문래동1가","sgg_cd":"11560","emd_cd":"11560119","umd_nm":"문래동1가","gu_name":"영등포구"},"geometry":{"type":"Polygon","coordinates":[[[126.891054,37.510434],[126.89111,37.510385],[126.891493,37.510426],[126.89174,37.510332],[126.891901,37.510172],[126.892057,37.509872],[126.892167,37.509377],[126.893019,37.509737],[126.892964,37.509831],[126.894724,37.510614],[126.894746,37.510587],[126.894997,37.510737],[126.895911,37.511058],[126.8976,37.511842],[126.904063,37.514615],[126.903929,37.514858],[126.903072,37.515197],[126.8941,37.512078],[126.891882,37.510965],[126.892155,37.510673],[126.891863,37.510429],[126.89163,37.510513],[126.891368,37.510535],[126.891054,37.510434]]]}},{"type":"Feature","properties":{"dong":"11560_문래동2가","sgg_cd":"11560","emd_cd":"11560120","umd_nm":"문래동2가","gu_name":"영등포구"},"geometry":{"type":"Polygon","coordinates":[[[126.889736,37.511707],[126.890034,37.511497],[126.890259,37.511404],[126.890656,37.51094],[126.890694,37.510713],[126.891054,37.510434],[126.891368,37.510535],[126.89163,37.510513],[126.891863,37.510429],[126.892155,37.510673],[126.891882,37.510965],[126.892944,37.51151],[126.8941,37.512078],[126.897228,37.51316],[126.893313,37.515061],[126.892984,37.51462],[126.890587,37.512703],[126.890589,37.51265],[126.890442,37.512753],[126.890441,37.512612],[126.890764,37.512352],[126.890459,37.511993],[126.890379,37.511952],[126.890226,37.511969],[126.890145,37.511802],[126.889976,37.511715],[126.889736,37.511707]]]}},{"type":"Feature","properties":{"dong":"11560_문래동3가","sgg_cd":"11560","emd_cd":"11560121","umd_nm":"문래동3가","gu_name":"영등포구"},"geometry":{"type":"Polygon","coordinates":[[[126.900007,37.519441],[126.889729,37.521045],[126.888809,37.517225],[126.897228,37.51316],[126.903072,37.515197],[126.902641,37.515419],[126.902094,37.516137],[126.901123,37.518804],[126.900542,37.519241],[126.900007,37.519441]]]}},{"type":"Feature","properties":{"dong":"11560_문래동4가","sgg_cd":"11560","emd_cd":"11560122","umd_nm":"문래동4가","gu_name":"영등포구"},"geometry":{"type":"Polygon","coordinates":[[[126.888808,37.517223],[126.887365,37.51409],[126.887886,37.513875],[126.887796,37.513757],[126.887327,37.513944],[126.886958,37.513492],[126.887016,37.513449],[126.887058,37.513268],[126.88756,37.513234],[126.887834,37.513115],[126.887848,37.512958],[126.88796,37.512878],[126.888314,37.512332],[126.888594,37.512209],[126.889683,37.512206],[126.889788,37.512038],[126.889632,37.511812],[126.889736,37.511707],[126.889925,37.511699],[126.890143,37.5118],[126.890226,37.511969],[126.890379,37.511952],[126.890459,37.511993],[126.890764,37.512352],[126.890441,37.512612],[126.890442,37.512753],[126.890589,37.51265],[126.890587,37.512703],[126.892984,37.51462],[126.893313,37.515061],[126.888808,37.517223]]]}},{"type":"Feature","properties":{"dong":"11560_문래동5가","sgg_cd":"11560","emd_cd":"11560123","umd_nm":"문래동5가","gu_name":"영등포구"},"geometry":{"type":"Polygon","coordinates":[[[126.888808,37.517223],[126.882234,37.518239],[126.882054,37.519703],[126.878666,37.519703],[126.878353,37.519381],[126.878259,37.519028],[126.878254,37.518748],[126.878498,37.518246],[126.878781,37.517939],[126.879196,37.517871],[126.880049,37.518155],[126.880151,37.518157],[126.880348,37.518054],[126.880441,37.517885],[126.880388,37.517673],[126.880301,37.517541],[126.87987,37.517185],[126.87991,37.516933],[126.880037,37.516816],[126.880201,37.516764],[126.880522,37.516793],[126.881375,37.517309],[126.881678,37.517258],[126.881853,37.51713],[126.881861,37.516921],[126.881684,37.516531],[126.881689,37.516352],[126.882472,37.516352],[126.882487,37.516233],[126.882681,37.516155],[126.88268,37.515104],[126.884053,37.51436],[126.884288,37.514322],[126.884288,37.513942],[126.884385,37.513783],[126.884574,37.513687],[126.884816,37.513638],[126.885824,37.51351],[126.886458,37.51329],[126.88749,37.513149],[126.887848,37.512958],[126.887834,37.513115],[126.887712,37.513185],[126.887058,37.513268],[126.887016,37.513449],[126.886958,37.513492],[126.887327,37.513944],[126.887796,37.513757],[126.887886,37.513875],[126.887365,37.51409],[126.888808,37.517223]]]}},{"type":"Feature","properties":{"dong":"11560_문래동6가","sgg_cd":"11560","emd_cd":"11560124","umd_nm":"문래동6가","gu_name":"영등포구"},"geometry":{"type":"Polygon","coordinates":[[[126.88173,37.522439],[126.879931,37.522852],[126.879463,37.522833],[126.878982,37.522591],[126.87921,37.522157],[126.879279,37.521902],[126.879343,37.521637],[126.87938,37.521029],[126.879468,37.520803],[126.879493,37.520579],[126.879462,37.520356],[126.879165,37.519999],[126.878666,37.519703],[126.882054,37.519703],[126.882234,37.518239],[126.888808,37.517223],[126.889729,37.521045],[126.885286,37.521726],[126.885,37.520567],[126.881904,37.521036],[126.88173,37.522439]]]}},{"type":"Feature","properties":{"dong":"11560_양평동1가","sgg_cd":"11560","emd_cd":"11560125","umd_nm":"양평동1가","gu_name":"영등포구"},"geometry":{"type":"Polygon","coordinates":[[[126.88623,37.525607],[126.885286,37.521726],[126.891633,37.520749],[126.891702,37.521092],[126.891441,37.521526],[126.891359,37.521902],[126.892025,37.524724],[126.88623,37.525607]]]}},{"type":"Feature","properties":{"dong":"11560_양평동2가","sgg_cd":"11560","emd_cd":"11560126","umd_nm":"양평동2가","gu_name":"영등포구"},"geometry":{"type":"Polygon","coordinates":[[[126.88623,37.525607],[126.882994,37.526097],[126.882406,37.525581],[126.881906,37.524933],[126.881702,37.524541],[126.881598,37.524111],[126.881649,37.523067],[126.881904,37.521036],[126.885,37.520567],[126.88623,37.525607]]]}},{"type":"Feature","properties":{"dong":"11560_양평동3가","sgg_cd":"11560","emd_cd":"11560127","umd_nm":"양평동3가","gu_name":"영등포구"},"geometry":{"type":"Polygon","coordinates":[[[126.891843,37.534624],[126.891807,37.53401],[126.891709,37.533512],[126.891288,37.532621],[126.891024,37.532215],[126.890894,37.531909],[126.890468,37.531394],[126.889652,37.530235],[126.889351,37.529588],[126.888935,37.528985],[126.88857,37.5286],[126.887873,37.528032],[126.887178,37.527634],[126.882994,37.526097],[126.892025,37.524724],[126.892584,37.527059],[126.892735,37.527427],[126.896547,37.532302],[126.891843,37.534624]]]}},{"type":"Feature","properties":{"dong":"11560_양평동4가","sgg_cd":"11560","emd_cd":"11560128","umd_nm":"양평동4가","gu_name":"영등포구"},"geometry":{"type":"Polygon","coordinates":[[[126.896024,37.540548],[126.891808,37.535165],[126.891843,37.534624],[126.896547,37.532302],[126.900626,37.537493],[126.899088,37.538578],[126.898989,37.538494],[126.899074,37.53859],[126.898868,37.538748],[126.898162,37.539107],[126.896024,37.540548]]]}},{"type":"Feature","properties":{"dong":"11560_양평동5가","sgg_cd":"11560","emd_cd":"11560129","umd_nm":"양평동5가","gu_name":"영등포구"},"geometry":{"type":"Polygon","coordinates":[[[126.89232,37.542663],[126.890083,37.539795],[126.889821,37.539608],[126.889919,37.539244],[126.891523,37.536084],[126.891674,37.535715],[126.891808,37.535165],[126.896024,37.540548],[126.89537,37.540999],[126.89294,37.542285],[126.89232,37.542663]]]}},{"type":"Feature","properties":{"dong":"11560_양평동6가","sgg_cd":"11560","emd_cd":"11560130","umd_nm":"양평동6가","gu_name":"영등포구"},"geometry":{"type":"Polygon","coordinates":[[[126.886505,37.545819],[126.88652,37.545539],[126.886767,37.545423],[126.887268,37.544213],[126.887579,37.543821],[126.889821,37.539608],[126.890083,37.539795],[126.89232,37.542663],[126.890729,37.543549],[126.890428,37.543665],[126.89031,37.543666],[126.888281,37.544715],[126.886505,37.545819]]]}},{"type":"Feature","properties":{"dong":"11560_양화동","sgg_cd":"11560","emd_cd":"11560131","umd_nm":"양화동","gu_name":"영등포구"},"geometry":{"type":"Polygon","coordinates":[[[126.877928,37.553336],[126.878005,37.553035],[126.878048,37.551701],[126.879327,37.550155],[126.879855,37.549357],[126.880356,37.548456],[126.881251,37.547649],[126.881698,37.54713],[126.882085,37.546771],[126.882304,37.546483],[126.882533,37.546029],[126.882737,37.545784],[126.883554,37.545148],[126.884183,37.544555],[126.884264,37.544258],[126.88427,37.543567],[126.884415,37.543365],[126.884704,37.54333],[126.884714,37.543286],[126.885086,37.543304],[126.885423,37.542306],[126.886287,37.542504],[126.88739,37.542635],[126.887383,37.542766],[126.888128,37.542757],[126.887579,37.543821],[126.887268,37.544213],[126.886767,37.545423],[126.88652,37.545539],[126.886505,37.545819],[126.888281,37.544715],[126.89031,37.543666],[126.890687,37.54357],[126.891018,37.5434],[126.893317,37.542091],[126.893856,37.542219],[126.894491,37.542142],[126.895206,37.541936],[126.895677,37.541713],[126.896036,37.542454],[126.896527,37.542992],[126.897848,37.542462],[126.898123,37.542716],[126.898221,37.542646],[126.898374,37.542772],[126.898654,37.542587],[126.898618,37.542512],[126.899063,37.542187],[126.89968,37.541985],[126.900124,37.54178],[126.900531,37.542129],[126.900734,37.542191],[126.900801,37.542101],[126.901,37.542228],[126.901011,37.54234],[126.900947,37.542442],[126.900672,37.542651],[126.900724,37.542724],[126.900656,37.542804],[126.901051,37.543121],[126.901515,37.543292],[126.901537,37.543412],[126.901586,37.543446],[126.901483,37.543555],[126.902191,37.544127],[126.901824,37.545027],[126.898899,37.548009],[126.894642,37.549434],[126.889485,37.551661],[126.887593,37.552539],[126.887586,37.552709],[126.88044,37.556286],[126.879205,37.554762],[126.878348,37.553562],[126.878238,37.553582],[126.878041,37.553518],[126.877954,37.55345],[126.877928,37.553336]]]}},{"type":"Feature","properties":{"dong":"11560_신길동","sgg_cd":"11560","emd_cd":"11560132","umd_nm":"신길동","gu_name":"영등포구"},"geometry":{"type":"Polygon","coordinates":[[[126.898245,37.505373],[126.89933,37.504362],[126.899225,37.504033],[126.899626,37.503746],[126.899678,37.503583],[126.899677,37.503317],[126.899616,37.503295],[126.900261,37.502755],[126.900203,37.502751],[126.90023,37.50272],[126.900294,37.502727],[126.902057,37.501217],[126.901674,37.50049],[126.901513,37.500302],[126.901525,37.500233],[126.901078,37.499724],[126.901439,37.499198],[126.901664,37.499021],[126.902219,37.498417],[126.903288,37.497497],[126.903832,37.497265],[126.904557,37.497246],[126.90485,37.497356],[126.905289,37.49761],[126.905666,37.49768],[126.906075,37.49758],[126.906708,37.497271],[126.907543,37.497215],[126.907798,37.49729],[126.908182,37.497582],[126.90826,37.497187],[126.908252,37.496825],[126.908377,37.496717],[126.908419,37.496599],[126.90835,37.496063],[126.90835,37.495449],[126.90883,37.494345],[126.909025,37.494019],[126.909004,37.49368],[126.90925,37.493309],[126.909287,37.492873],[126.909511,37.492672],[126.90945,37.492598],[126.909481,37.492583],[126.910899,37.494254],[126.911275,37.495034],[126.911817,37.495868],[126.912016,37.496083],[126.912373,37.496298],[126.912891,37.496416],[126.914868,37.496607],[126.919402,37.497599],[126.919822,37.4978],[126.920221,37.498339],[126.920294,37.500034],[126.92036,37.500051],[126.92539,37.512529],[126.926796,37.512802],[126.926763,37.513137],[126.92697,37.513217],[126.927036,37.513653],[126.927024,37.513873],[126.926987,37.514011],[126.926705,37.514267],[126.926671,37.514399],[126.926766,37.514461],[126.926874,37.514409],[126.926906,37.514524],[126.926805,37.514708],[126.926866,37.515543],[126.925754,37.515612],[126.923669,37.516502],[126.91873,37.51806],[126.917364,37.518979],[126.91689,37.518322],[126.916834,37.518338],[126.916649,37.517895],[126.916455,37.517653],[126.916827,37.517373],[126.916873,37.517241],[126.915936,37.517227],[126.915653,37.517074],[126.914867,37.516808],[126.915161,37.516204],[126.915201,37.516015],[126.914936,37.515595],[126.914104,37.515166],[126.913579,37.514844],[126.913579,37.514786],[126.912923,37.514552],[126.911863,37.513942],[126.911515,37.513846],[126.910517,37.512734],[126.910224,37.512518],[126.910211,37.512448],[126.909989,37.512435],[126.909857,37.512103],[126.909844,37.511889],[126.909859,37.511789],[126.909948,37.511906],[126.909963,37.511862],[126.909864,37.511732],[126.910168,37.51082],[126.910092,37.510722],[126.909847,37.510607],[126.910114,37.51036],[126.90987,37.510253],[126.909847,37.510284],[126.909844,37.510241],[126.909282,37.510005],[126.908892,37.509887],[126.906901,37.509022],[126.906684,37.509171],[126.903418,37.507723],[126.902757,37.507325],[126.90138,37.506774],[126.90116,37.50678],[126.901246,37.506645],[126.898245,37.505373]]]}},{"type":"Feature","properties":{"dong":"11560_대림동","sgg_cd":"11560","emd_cd":"11560133","umd_nm":"대림동","gu_name":"영등포구"},"geometry":{"type":"Polygon","coordinates":[[[126.908194,37.491065],[126.909511,37.492672],[126.909287,37.492873],[126.90925,37.493309],[126.909004,37.49368],[126.909025,37.494019],[126.90883,37.494345],[126.90835,37.495449],[126.90835,37.496063],[126.908419,37.496599],[126.908377,37.496717],[126.908252,37.496825],[126.90826,37.497187],[126.908182,37.497582],[126.907798,37.49729],[126.907543,37.497215],[126.906708,37.497271],[126.906075,37.49758],[126.905666,37.49768],[126.905289,37.49761],[126.90485,37.497356],[126.904557,37.497246],[126.903832,37.497265],[126.903288,37.497497],[126.902219,37.498417],[126.901664,37.499021],[126.901439,37.499198],[126.901078,37.499724],[126.901525,37.500233],[126.901513,37.500302],[126.901674,37.50049],[126.902057,37.501217],[126.900294,37.502727],[126.90023,37.50272],[126.900203,37.502751],[126.900261,37.502755],[126.899616,37.503295],[126.899677,37.503317],[126.899678,37.503583],[126.899626,37.503746],[126.899309,37.504003],[126.898526,37.504276],[126.897135,37.505568],[126.897069,37.505563],[126.897027,37.505713],[126.896867,37.505684],[126.897007,37.505721],[126.896739,37.505962],[126.896404,37.506594],[126.895486,37.50716],[126.89533,37.507395],[126.894499,37.508003],[126.894161,37.508126],[126.893852,37.508358],[126.89338,37.508493],[126.89301,37.508535],[126.892332,37.509096],[126.89228,37.509073],[126.892969,37.507404],[126.892916,37.50736],[126.893078,37.507135],[126.892977,37.50709],[126.893016,37.506923],[126.893261,37.506698],[126.893531,37.506032],[126.893671,37.505863],[126.893762,37.505496],[126.893977,37.505011],[126.893931,37.50482],[126.89378,37.504732],[126.893169,37.504603],[126.893105,37.504457],[126.893303,37.504056],[126.893304,37.503954],[126.893153,37.503747],[126.893009,37.503669],[126.893005,37.503524],[126.892831,37.503319],[126.892693,37.503314],[126.893137,37.502678],[126.892734,37.502072],[126.892933,37.501574],[126.892778,37.501124],[126.892762,37.500833],[126.892931,37.50035],[126.893271,37.500042],[126.893624,37.499585],[126.894033,37.4982],[126.894127,37.497847],[126.894069,37.497817],[126.894329,37.496626],[126.89432,37.496445],[126.894557,37.495503],[126.894601,37.495159],[126.895684,37.490851],[126.896016,37.490212],[126.896124,37.489338],[126.898144,37.486935],[126.89992,37.486001],[126.900852,37.485689],[126.901709,37.485235],[126.902579,37.485123],[126.902744,37.485016],[126.903198,37.485001],[126.906698,37.489281],[126.906745,37.489203],[126.906814,37.489207],[126.907521,37.490002],[126.908194,37.491065]]]}},{"type":"Feature","properties":{"dong":"11560_양평동","sgg_cd":"11560","emd_cd":"11560134","umd_nm":"양평동","gu_name":"영등포구"},"geometry":{"type":"MultiPolygon","coordinates":[[[[126.889821,37.539608],[126.888391,37.542333],[126.888128,37.542757],[126.887383,37.542766],[126.88739,37.542635],[126.886287,37.542504],[126.885423,37.542306],[126.88551,37.541549],[126.886214,37.539926],[126.88683,37.538832],[126.887067,37.538614],[126.887639,37.537563],[126.888489,37.536375],[126.889616,37.535273],[126.889895,37.534837],[126.890101,37.534369],[126.890133,37.534079],[126.89,37.533655],[126.889796,37.533393],[126.888659,37.532807],[126.888481,37.53255],[126.888515,37.532216],[126.888708,37.53201],[126.888924,37.531913],[126.890224,37.531849],[126.890648,37.531613],[126.890894,37.531909],[126.891709,37.533512],[126.891846,37.534508],[126.891817,37.535127],[126.891674,37.535715],[126.891523,37.536084],[126.889919,37.539244],[126.889821,37.539608]]],[[[126.889527,37.529967],[126.889325,37.530142],[126.88896,37.530286],[126.888419,37.530395],[126.887669,37.530352],[126.88715,37.530181],[126.885962,37.52942],[126.885146,37.529145],[126.884206,37.528691],[126.883918,37.52841],[126.883887,37.527908],[126.883747,37.527586],[126.883449,37.527346],[126.883259,37.527269],[126.88273,37.52726],[126.881895,37.527645],[126.881344,37.52779],[126.881181,37.527805],[126.88087,37.527712],[126.880675,37.527567],[126.880598,37.527421],[126.880674,37.527133],[126.881173,37.526545],[126.881184,37.526348],[126.881128,37.526143],[126.880939,37.525912],[126.880544,37.525747],[126.879265,37.525732],[126.878835,37.525505],[126.878704,37.525379],[126.878547,37.525074],[126.878557,37.524633],[126.878712,37.524323],[126.87884,37.523867],[126.878847,37.523115],[126.878982,37.522591],[126.879463,37.522833],[126.879931,37.522852],[126.88173,37.522439],[126.881601,37.523553],[126.881598,37.524111],[126.8817,37.524535],[126.881906,37.524933],[126.882395,37.525569],[126.88265,37.525829],[126.882994,37.526097],[126.883986,37.526488],[126.886614,37.527396],[126.887178,37.527634],[126.887775,37.527968],[126.888194,37.528258],[126.888935,37.528985],[126.889351,37.529588],[126.889527,37.529967]]],[[[126.899074,37.53859],[126.899386,37.538917],[126.89956,37.539242],[126.898148,37.539747],[126.89799,37.539597],[126.898156,37.539223],[126.898145,37.539119],[126.898849,37.538759],[126.899074,37.53859]]],[[[126.899088,37.538578],[126.900341,37.537679],[126.900729,37.538138],[126.900624,37.5383],[126.900463,37.538356],[126.899279,37.538613],[126.899088,37.538578]]],[[[126.900352,37.537662],[126.900739,37.537431],[126.901232,37.537083],[126.901281,37.537268],[126.901139,37.537724],[126.901056,37.537865],[126.900754,37.538135],[126.900352,37.537662]]],[[[126.893844,37.542216],[126.893317,37.542091],[126.894131,37.541649],[126.893876,37.542141],[126.893844,37.542216]]],[[[126.897727,37.539411],[126.897914,37.539286],[126.898128,37.539238],[126.897967,37.539589],[126.897727,37.539411]]]]}},{"type":"Feature","properties":{"dong":"11590_노량진동","sgg_cd":"11590","emd_cd":"11590101","umd_nm":"노량진동","gu_name":"동작구"},"geometry":{"type":"Polygon","coordinates":[[[126.932386,37.515575],[126.932503,37.51482],[126.932591,37.514641],[126.933307,37.514308],[126.933458,37.514192],[126.933502,37.514091],[126.933946,37.513797],[126.934168,37.513576],[126.934287,37.513321],[126.934452,37.513133],[126.934454,37.512995],[126.934657,37.512374],[126.934681,37.511854],[126.934627,37.510809],[126.93469,37.510818],[126.934718,37.510713],[126.934673,37.510699],[126.934738,37.510665],[126.934831,37.510497],[126.934882,37.509584],[126.934893,37.509188],[126.934713,37.508839],[126.934677,37.508222],[126.934882,37.507482],[126.935141,37.507057],[126.935146,37.50688],[126.935638,37.506955],[126.935925,37.507098],[126.936133,37.507111],[126.936378,37.507068],[126.936407,37.506983],[126.936358,37.506853],[126.936514,37.506556],[126.936661,37.506502],[126.936741,37.506507],[126.936778,37.50659],[126.936966,37.506577],[126.937306,37.506657],[126.937933,37.506449],[126.938528,37.50636],[126.939393,37.505884],[126.939435,37.505837],[126.93928,37.505421],[126.939405,37.5054],[126.939932,37.505507],[126.940563,37.505549],[126.940769,37.505517],[126.942024,37.505949],[126.942611,37.506245],[126.942643,37.506028],[126.942951,37.506204],[126.94311,37.506182],[126.943109,37.506222],[126.944059,37.506755],[126.944099,37.506679],[126.944448,37.506752],[126.94442,37.506883],[126.94463,37.50698],[126.944689,37.506837],[126.944853,37.506931],[126.944986,37.506842],[126.94507,37.506894],[126.945126,37.506819],[126.945166,37.506826],[126.945176,37.506949],[126.945575,37.506929],[126.945612,37.507038],[126.945935,37.50691],[126.946165,37.507142],[126.946496,37.506991],[126.946621,37.506961],[126.946721,37.506998],[126.947024,37.506917],[126.947286,37.506234],[126.947686,37.506593],[126.947815,37.506881],[126.948385,37.506839],[126.949253,37.506977],[126.94953,37.507312],[126.949922,37.507498],[126.950131,37.507528],[126.950228,37.507755],[126.950507,37.507898],[126.950609,37.508064],[126.950031,37.508214],[126.949777,37.508371],[126.949528,37.50838],[126.949022,37.508595],[126.948836,37.50916],[126.948852,37.509392],[126.948753,37.509462],[126.948767,37.509567],[126.948478,37.509799],[126.948314,37.51059],[126.948382,37.510847],[126.948794,37.511432],[126.948891,37.511723],[126.94893,37.511856],[126.948911,37.512054],[126.948804,37.512112],[126.94898,37.512299],[126.949525,37.512561],[126.949716,37.5127],[126.949646,37.51289],[126.950089,37.513428],[126.948598,37.514388],[126.948605,37.514547],[126.948378,37.51557],[126.949339,37.516402],[126.949562,37.516402],[126.949563,37.516675],[126.950208,37.517424],[126.949563,37.517628],[126.939279,37.516078],[126.934708,37.515892],[126.934138,37.515913],[126.932386,37.515575]]]}},{"type":"Feature","properties":{"dong":"11590_상도동","sgg_cd":"11590","emd_cd":"11590102","umd_nm":"상도동","gu_name":"동작구"},"geometry":{"type":"MultiPolygon","coordinates":[[[[126.928164,37.503047],[126.928565,37.502591],[126.928772,37.50209],[126.928728,37.501177],[126.928912,37.500901],[126.92949,37.500621],[126.929959,37.500286],[126.930322,37.499951],[126.930367,37.500029],[126.930419,37.500029],[126.930365,37.499941],[126.930382,37.499683],[126.930239,37.499537],[126.929573,37.499195],[126.929195,37.499081],[126.928988,37.498952],[126.928986,37.49886],[126.928653,37.498861],[126.928875,37.498599],[126.929223,37.498396],[126.929441,37.497998],[126.929655,37.497799],[126.929637,37.497734],[126.930093,37.497785],[126.929698,37.496972],[126.929753,37.496159],[126.929427,37.495744],[126.929419,37.495353],[126.92961,37.494945],[126.929629,37.494722],[126.929859,37.494003],[126.930071,37.493998],[126.931338,37.493262],[126.931339,37.493225],[126.932404,37.492973],[126.932415,37.492873],[126.933494,37.493028],[126.933878,37.493125],[126.934366,37.493043],[126.935371,37.492729],[126.935823,37.492392],[126.936135,37.492292],[126.936332,37.49204],[126.936534,37.491969],[126.937259,37.491911],[126.93735,37.492019],[126.937614,37.492089],[126.937825,37.492249],[126.93811,37.492263],[126.938304,37.492391],[126.938889,37.49233],[126.939255,37.492197],[126.939479,37.492342],[126.939486,37.492466],[126.939598,37.492595],[126.939736,37.492634],[126.939734,37.492792],[126.939926,37.492903],[126.940388,37.492971],[126.940579,37.492859],[126.940849,37.492893],[126.940967,37.492754],[126.941082,37.492417],[126.941537,37.492274],[126.941586,37.492202],[126.94173,37.49217],[126.942294,37.492244],[126.942543,37.492215],[126.94262,37.492142],[126.942958,37.492215],[126.94339,37.492238],[126.943529,37.492363],[126.943944,37.492493],[126.944512,37.492499],[126.944542,37.493144],[126.945425,37.493346],[126.945873,37.493558],[126.946091,37.493533],[126.946784,37.493903],[126.946964,37.494125],[126.947183,37.494039],[126.94755,37.49376],[126.948337,37.49372],[126.948793,37.493855],[126.948823,37.493179],[126.949424,37.493],[126.949565,37.492777],[126.94996,37.492613],[126.951697,37.492205],[126.952066,37.491954],[126.952239,37.491687],[126.952805,37.491492],[126.952847,37.49135],[126.953727,37.490641],[126.954176,37.490945],[126.95488,37.490992],[126.955165,37.491306],[126.955421,37.491453],[126.956224,37.491502],[126.956959,37.491721],[126.957478,37.491977],[126.9576,37.492355],[126.958023,37.492534],[126.958453,37.492624],[126.958696,37.492916],[126.958933,37.493583],[126.959364,37.493802],[126.960289,37.493743],[126.961052,37.493258],[126.960947,37.492922],[126.961378,37.492874],[126.961613,37.493041],[126.961782,37.493488],[126.961922,37.493588],[126.9622,37.494218],[126.962909,37.494766],[126.962818,37.49546],[126.962742,37.495464],[126.962364,37.495786],[126.962388,37.49653],[126.9623,37.496862],[126.961937,37.497444],[126.959845,37.498187],[126.959263,37.498149],[126.959336,37.498335],[126.959258,37.498392],[126.958979,37.498473],[126.958347,37.498521],[126.957616,37.498723],[126.957157,37.499032],[126.956797,37.499203],[126.956431,37.499972],[126.956362,37.500017],[126.956316,37.500217],[126.956407,37.500594],[126.956128,37.500886],[126.956021,37.5012],[126.955068,37.502151],[126.955293,37.502837],[126.955024,37.503856],[126.954408,37.503923],[126.953637,37.504367],[126.953653,37.504922],[126.953598,37.504934],[126.95391,37.505217],[126.953912,37.505343],[126.953786,37.50549],[126.954647,37.507509],[126.953822,37.507672],[126.953121,37.508714],[126.953036,37.508732],[126.952755,37.508515],[126.95236,37.50854],[126.951911,37.508034],[126.951641,37.508067],[126.951777,37.50759],[126.951933,37.507442],[126.952116,37.507427],[126.952153,37.50729],[126.952125,37.507242],[126.952157,37.507251],[126.952321,37.506656],[126.952561,37.506657],[126.95293,37.507019],[126.953325,37.507016],[126.953347,37.505817],[126.952942,37.505146],[126.953008,37.504658],[126.952383,37.504598],[126.952458,37.504022],[126.952622,37.503843],[126.952768,37.503686],[126.953233,37.503672],[126.953394,37.502184],[126.953369,37.502226],[126.953264,37.502188],[126.95336,37.502067],[126.953407,37.50207],[126.953345,37.501979],[126.953374,37.501883],[126.953429,37.501885],[126.953485,37.501323],[126.952412,37.50088],[126.952361,37.500618],[126.953451,37.500839],[126.953527,37.500639],[126.952563,37.500019],[126.9524,37.500019],[126.952907,37.50032],[126.952905,37.500359],[126.952715,37.500426],[126.952272,37.500311],[126.952039,37.500308],[126.951765,37.50002],[126.951642,37.50002],[126.951442,37.499794],[126.951391,37.499795],[126.951198,37.50002],[126.95111,37.50002],[126.951346,37.499753],[126.951052,37.499552],[126.950641,37.50002],[126.950366,37.50002],[126.950912,37.499397],[126.950727,37.499266],[126.951218,37.498705],[126.951441,37.498793],[126.951479,37.498751],[126.951193,37.498557],[126.951323,37.498381],[126.951234,37.498382],[126.95111,37.498471],[126.951027,37.498382],[126.950943,37.498384],[126.951169,37.498623],[126.950944,37.498923],[126.950823,37.498858],[126.95087,37.498805],[126.95064,37.498682],[126.950281,37.499116],[126.950591,37.499324],[126.950043,37.499954],[126.950147,37.500029],[126.949226,37.501065],[126.949122,37.50111],[126.948735,37.500938],[126.948105,37.501686],[126.94774,37.501907],[126.947501,37.501763],[126.946345,37.503018],[126.946323,37.503101],[126.946265,37.503096],[126.94617,37.503205],[126.947321,37.503857],[126.947354,37.503832],[126.947828,37.504095],[126.947871,37.504079],[126.947906,37.504142],[126.949286,37.504922],[126.949384,37.505138],[126.949664,37.505049],[126.949853,37.505219],[126.949736,37.505388],[126.949914,37.505439],[126.94998,37.505722],[126.950249,37.506341],[126.950796,37.506881],[126.951617,37.507435],[126.951293,37.508009],[126.951023,37.507892],[126.95096,37.507968],[126.950609,37.508064],[126.950507,37.507898],[126.950228,37.507755],[126.950131,37.507528],[126.949922,37.507498],[126.94953,37.507312],[126.949253,37.506977],[126.948385,37.506839],[126.947815,37.506881],[126.947686,37.506593],[126.947286,37.506234],[126.947024,37.506917],[126.946721,37.506998],[126.946621,37.506961],[126.946496,37.506991],[126.946165,37.507142],[126.945935,37.50691],[126.945612,37.507038],[126.945575,37.506929],[126.945176,37.506949],[126.945166,37.506826],[126.945126,37.506819],[126.94507,37.506894],[126.944986,37.506842],[126.944853,37.506931],[126.944689,37.506837],[126.94463,37.50698],[126.94442,37.506883],[126.944448,37.506752],[126.944099,37.506679],[126.944059,37.506755],[126.943109,37.506222],[126.94311,37.506182],[126.942951,37.506204],[126.942643,37.506028],[126.942611,37.506245],[126.942024,37.505949],[126.940769,37.505517],[126.940563,37.505549],[126.939932,37.505507],[126.939405,37.5054],[126.93928,37.505421],[126.939435,37.505837],[126.938856,37.506202],[126.938528,37.50636],[126.937933,37.506449],[126.937306,37.506657],[126.936966,37.506577],[126.936778,37.50659],[126.936741,37.506507],[126.936661,37.506502],[126.936514,37.506556],[126.936358,37.506853],[126.936407,37.506983],[126.936378,37.507068],[126.935925,37.507098],[126.935638,37.506955],[126.935213,37.506901],[126.935116,37.506598],[126.934967,37.506598],[126.934987,37.506758],[126.934732,37.506761],[126.934562,37.506541],[126.934608,37.506274],[126.934461,37.505927],[126.934433,37.50571],[126.934147,37.505396],[126.933905,37.505362],[126.933945,37.505216],[126.933819,37.50522],[126.93377,37.505128],[126.933534,37.505279],[126.933481,37.505232],[126.932969,37.505723],[126.932929,37.505682],[126.932999,37.505621],[126.932929,37.505538],[126.932762,37.505583],[126.932853,37.506],[126.932847,37.506073],[126.93276,37.506094],[126.932677,37.505139],[126.932631,37.505081],[126.932655,37.504801],[126.932589,37.504558],[126.932672,37.504067],[126.932406,37.503883],[126.932358,37.50377],[126.931869,37.503594],[126.931576,37.503648],[126.931066,37.503477],[126.930522,37.503455],[126.929693,37.504132],[126.929299,37.504361],[126.929271,37.504223],[126.928989,37.503913],[126.92837,37.50368],[126.928164,37.503047]]],[[[126.952231,37.501696],[126.952253,37.50151],[126.952611,37.501692],[126.952778,37.501579],[126.953019,37.501701],[126.953019,37.501906],[126.952965,37.50203],[126.952836,37.50204],[126.952451,37.501865],[126.952416,37.501781],[126.952356,37.501793],[126.952231,37.501696]]]]}},{"type":"Feature","properties":{"dong":"11590_상도1동","sgg_cd":"11590","emd_cd":"11590103","umd_nm":"상도1동","gu_name":"동작구"},"geometry":{"type":"Polygon","coordinates":[[[126.94617,37.503205],[126.946265,37.503096],[126.946323,37.503101],[126.946345,37.503018],[126.947501,37.501763],[126.94774,37.501907],[126.948105,37.501686],[126.948735,37.500938],[126.949122,37.50111],[126.949226,37.501065],[126.950147,37.500029],[126.950043,37.499954],[126.950591,37.499324],[126.950281,37.499116],[126.95064,37.498682],[126.95087,37.498805],[126.950823,37.498858],[126.950944,37.498923],[126.951169,37.498623],[126.950943,37.498384],[126.951027,37.498382],[126.95111,37.498471],[126.951234,37.498382],[126.951323,37.498381],[126.951193,37.498557],[126.951479,37.498751],[126.951441,37.498793],[126.951218,37.498705],[126.950727,37.499266],[126.950912,37.499397],[126.950366,37.50002],[126.950641,37.50002],[126.951052,37.499552],[126.951346,37.499753],[126.95111,37.50002],[126.951198,37.50002],[126.951391,37.499795],[126.951442,37.499794],[126.951642,37.50002],[126.951765,37.50002],[126.952039,37.500308],[126.952272,37.500311],[126.952715,37.500426],[126.952905,37.500359],[126.952907,37.50032],[126.9524,37.500019],[126.952563,37.500019],[126.953527,37.500639],[126.953451,37.500839],[126.952361,37.500618],[126.952412,37.50088],[126.953485,37.501323],[126.953429,37.501885],[126.953374,37.501883],[126.953345,37.501979],[126.953407,37.50207],[126.95336,37.502067],[126.953264,37.502188],[126.953369,37.502226],[126.953394,37.502184],[126.953233,37.503672],[126.952768,37.503686],[126.952622,37.503843],[126.952458,37.504022],[126.952383,37.504598],[126.953008,37.504658],[126.952942,37.505146],[126.953347,37.505817],[126.953325,37.507016],[126.95293,37.507019],[126.952561,37.506657],[126.952321,37.506656],[126.952157,37.507251],[126.952125,37.507242],[126.952153,37.50729],[126.952116,37.507427],[126.951933,37.507442],[126.951777,37.50759],[126.951641,37.508067],[126.951459,37.508083],[126.951293,37.508009],[126.951617,37.507435],[126.950796,37.506881],[126.950249,37.506341],[126.94998,37.505722],[126.949914,37.505439],[126.949736,37.505388],[126.949853,37.505219],[126.949664,37.505049],[126.949384,37.505138],[126.949286,37.504922],[126.947906,37.504142],[126.947871,37.504079],[126.947828,37.504095],[126.947354,37.503832],[126.947321,37.503857],[126.94617,37.503205]],[[126.952836,37.50204],[126.952965,37.50203],[126.953019,37.501906],[126.953019,37.501701],[126.952778,37.501579],[126.952611,37.501692],[126.952253,37.50151],[126.952231,37.501696],[126.952305,37.501767],[126.952416,37.501781],[126.952451,37.501865],[126.952836,37.50204]]]}},{"type":"Feature","properties":{"dong":"11590_본동","sgg_cd":"11590","emd_cd":"11590104","umd_nm":"본동","gu_name":"동작구"},"geometry":{"type":"Polygon","coordinates":[[[126.96191,37.513117],[126.954704,37.516065],[126.953442,37.516396],[126.950208,37.517424],[126.949563,37.516675],[126.949562,37.516402],[126.949339,37.516402],[126.948378,37.51557],[126.948605,37.514547],[126.948598,37.514388],[126.950089,37.513428],[126.949646,37.51289],[126.949716,37.5127],[126.949525,37.512561],[126.94898,37.512299],[126.948804,37.512112],[126.948911,37.512054],[126.94893,37.511856],[126.948794,37.511432],[126.948311,37.510684],[126.948478,37.509799],[126.948767,37.509567],[126.948753,37.509462],[126.948852,37.509392],[126.948836,37.50916],[126.949022,37.508595],[126.949528,37.50838],[126.949777,37.508371],[126.950031,37.508214],[126.95096,37.507968],[126.951023,37.507892],[126.951459,37.508083],[126.951911,37.508034],[126.95236,37.50854],[126.952755,37.508515],[126.953036,37.508732],[126.953121,37.508714],[126.953822,37.507672],[126.95461,37.507541],[126.955034,37.507682],[126.955359,37.508811],[126.955233,37.509072],[126.956011,37.509459],[126.956229,37.50962],[126.956311,37.509612],[126.957498,37.510059],[126.958038,37.511055],[126.95807,37.511205],[126.958822,37.511222],[126.959174,37.511551],[126.959967,37.511667],[126.960213,37.511794],[126.960284,37.51195],[126.96191,37.513117]]]}},{"type":"Feature","properties":{"dong":"11590_흑석동","sgg_cd":"11590","emd_cd":"11590105","umd_nm":"흑석동","gu_name":"동작구"},"geometry":{"type":"Polygon","coordinates":[[[126.95461,37.507541],[126.954647,37.507509],[126.953786,37.50549],[126.953912,37.505343],[126.95391,37.505217],[126.953598,37.504934],[126.953653,37.504922],[126.953637,37.504367],[126.954408,37.503923],[126.955024,37.503856],[126.955293,37.502837],[126.955068,37.502151],[126.956021,37.5012],[126.956128,37.500886],[126.956407,37.500594],[126.956316,37.500217],[126.956362,37.500017],[126.956431,37.499972],[126.956797,37.499203],[126.957157,37.499032],[126.957616,37.498723],[126.958347,37.498521],[126.958979,37.498473],[126.959258,37.498392],[126.959336,37.498335],[126.959263,37.498149],[126.959845,37.498187],[126.961937,37.497444],[126.962142,37.497718],[126.962182,37.497936],[126.96297,37.498516],[126.963019,37.498938],[126.96329,37.499358],[126.963319,37.499587],[126.964027,37.500012],[126.964143,37.500132],[126.964101,37.500253],[126.964309,37.500492],[126.965116,37.500825],[126.965152,37.500915],[126.965336,37.501078],[126.965335,37.501127],[126.965291,37.501117],[126.96554,37.50159],[126.966111,37.501889],[126.96644,37.502123],[126.966578,37.502435],[126.966579,37.502767],[126.966743,37.502889],[126.967214,37.503019],[126.967487,37.503283],[126.967719,37.503278],[126.968164,37.503543],[126.969392,37.503787],[126.969544,37.503761],[126.969729,37.503811],[126.970106,37.504089],[126.970794,37.504096],[126.971275,37.504204],[126.97198,37.504641],[126.971952,37.504747],[126.971996,37.504853],[126.972005,37.505539],[126.972352,37.505849],[126.972435,37.505859],[126.972722,37.506148],[126.972644,37.506238],[126.974053,37.507476],[126.97012,37.509008],[126.966994,37.509839],[126.965012,37.510803],[126.96191,37.513117],[126.960284,37.51195],[126.960213,37.511794],[126.959967,37.511667],[126.959174,37.511551],[126.958822,37.511222],[126.95807,37.511205],[126.958038,37.511055],[126.957498,37.510059],[126.956311,37.509612],[126.956229,37.50962],[126.956011,37.509459],[126.955233,37.509072],[126.955359,37.508811],[126.955034,37.507682],[126.95461,37.507541]]]}},{"type":"Feature","properties":{"dong":"11590_동작동","sgg_cd":"11590","emd_cd":"11590106","umd_nm":"동작동","gu_name":"동작구"},"geometry":{"type":"Polygon","coordinates":[[[126.982583,37.492666],[126.982816,37.492646],[126.98292,37.496994],[126.983189,37.497379],[126.985383,37.499864],[126.984289,37.500705],[126.983412,37.501257],[126.982019,37.502046],[126.980516,37.502705],[126.980379,37.502864],[126.980196,37.503226],[126.98011,37.503711],[126.979818,37.50418],[126.97982,37.504381],[126.98004,37.504381],[126.980091,37.504461],[126.980397,37.504576],[126.980399,37.506553],[126.978189,37.506554],[126.975259,37.507012],[126.974053,37.507476],[126.972644,37.506238],[126.972722,37.506148],[126.972435,37.505859],[126.972352,37.505849],[126.972005,37.505539],[126.971996,37.504853],[126.971952,37.504747],[126.97198,37.504641],[126.971275,37.504204],[126.970794,37.504096],[126.970106,37.504089],[126.969729,37.503811],[126.969544,37.503761],[126.969392,37.503787],[126.968164,37.503543],[126.967719,37.503278],[126.967487,37.503283],[126.967214,37.503019],[126.966743,37.502889],[126.966579,37.502767],[126.966578,37.502435],[126.96644,37.502123],[126.966111,37.501889],[126.96554,37.50159],[126.965291,37.501117],[126.965335,37.501127],[126.965336,37.501078],[126.965152,37.500915],[126.965116,37.500825],[126.964309,37.500492],[126.964101,37.500253],[126.964143,37.500132],[126.964027,37.500012],[126.963319,37.499587],[126.96329,37.499358],[126.963019,37.498938],[126.96297,37.498516],[126.962182,37.497936],[126.962142,37.497718],[126.961937,37.497444],[126.9623,37.496862],[126.962388,37.49653],[126.962364,37.495786],[126.962742,37.495464],[126.962818,37.49546],[126.962909,37.494766],[126.963524,37.494436],[126.963871,37.494109],[126.964907,37.493383],[126.965525,37.49332],[126.965818,37.49366],[126.967561,37.493924],[126.968002,37.494141],[126.968287,37.493866],[126.968967,37.493659],[126.969475,37.493685],[126.96997,37.493453],[126.970331,37.493532],[126.971502,37.493249],[126.972262,37.493296],[126.972986,37.493422],[126.973035,37.493821],[126.973238,37.493958],[126.973525,37.494296],[126.97426,37.494463],[126.974431,37.49468],[126.974839,37.494968],[126.975276,37.494892],[126.975555,37.494637],[126.975757,37.494538],[126.976422,37.494574],[126.976971,37.49454],[126.977413,37.494361],[126.977926,37.494239],[126.977604,37.493823],[126.97762,37.493657],[126.978062,37.493567],[126.978086,37.493631],[126.978143,37.493618],[126.978618,37.493489],[126.978602,37.493458],[126.978844,37.493374],[126.979054,37.493904],[126.979327,37.493689],[126.979562,37.493592],[126.979594,37.493316],[126.979816,37.493113],[126.980246,37.493003],[126.980512,37.492831],[126.980935,37.49282],[126.981078,37.492691],[126.981278,37.492608],[126.981494,37.492382],[126.981772,37.492326],[126.981952,37.492446],[126.982583,37.492666]]]}},{"type":"Feature","properties":{"dong":"11590_사당동","sgg_cd":"11590","emd_cd":"11590107","umd_nm":"사당동","gu_name":"동작구"},"geometry":{"type":"Polygon","coordinates":[[[126.974839,37.494968],[126.974431,37.49468],[126.97426,37.494463],[126.973525,37.494296],[126.973238,37.493958],[126.973035,37.493821],[126.972986,37.493422],[126.972262,37.493296],[126.971502,37.493249],[126.970331,37.493532],[126.96997,37.493453],[126.969475,37.493685],[126.968959,37.493661],[126.968287,37.493866],[126.968002,37.494141],[126.967561,37.493924],[126.965818,37.49366],[126.965525,37.49332],[126.964907,37.493383],[126.963871,37.494109],[126.963524,37.494436],[126.962909,37.494766],[126.9622,37.494218],[126.961922,37.493588],[126.961782,37.493488],[126.961613,37.493041],[126.961378,37.492874],[126.961336,37.492455],[126.9614,37.491482],[126.960779,37.490822],[126.960867,37.490175],[126.960999,37.490035],[126.961397,37.489152],[126.961765,37.489005],[126.961838,37.488681],[126.961967,37.488627],[126.961723,37.487224],[126.961851,37.487136],[126.961814,37.486315],[126.961675,37.485977],[126.961987,37.485177],[126.96163,37.484684],[126.961703,37.484505],[126.961632,37.484205],[126.961078,37.483703],[126.961069,37.483557],[126.961822,37.482937],[126.962049,37.482431],[126.96269,37.482044],[126.963293,37.481345],[126.963939,37.480994],[126.964427,37.479818],[126.964795,37.479511],[126.966325,37.478959],[126.966894,37.478463],[126.967257,37.478057],[126.967778,37.477858],[126.968897,37.476567],[126.97029,37.476498],[126.970305,37.475875],[126.970523,37.475376],[126.972261,37.475788],[126.974285,37.476201],[126.978423,37.47665],[126.981687,37.47653],[126.981684,37.477187],[126.982183,37.486729],[126.982319,37.488555],[126.982628,37.490192],[126.982678,37.491883],[126.982768,37.492322],[126.982781,37.492649],[126.982583,37.492666],[126.981952,37.492446],[126.981772,37.492326],[126.981494,37.492382],[126.981278,37.492608],[126.981078,37.492691],[126.980935,37.49282],[126.980512,37.492831],[126.980246,37.493003],[126.979816,37.493113],[126.979594,37.493316],[126.979562,37.493592],[126.979327,37.493689],[126.979054,37.493904],[126.978844,37.493374],[126.978602,37.493458],[126.978618,37.493489],[126.978143,37.493618],[126.978086,37.493631],[126.978062,37.493567],[126.97762,37.493657],[126.977604,37.493823],[126.977926,37.494239],[126.977413,37.494361],[126.976971,37.49454],[126.976422,37.494574],[126.975757,37.494538],[126.975555,37.494637],[126.975276,37.494892],[126.974839,37.494968]]]}},{"type":"Feature","properties":{"dong":"11590_대방동","sgg_cd":"11590","emd_cd":"11590108","umd_nm":"대방동","gu_name":"동작구"},"geometry":{"type":"Polygon","coordinates":[[[126.920244,37.498507],[126.921552,37.497978],[126.921776,37.497921],[126.922272,37.497926],[126.923452,37.498282],[126.924209,37.498424],[126.925837,37.498997],[126.92703,37.499346],[126.928653,37.498861],[126.928986,37.49886],[126.928988,37.498952],[126.929195,37.499081],[126.929573,37.499195],[126.930239,37.499537],[126.930382,37.499683],[126.930365,37.499941],[126.930419,37.500029],[126.930367,37.500029],[126.930322,37.499951],[126.929959,37.500286],[126.92949,37.500621],[126.928912,37.500901],[126.928728,37.501177],[126.928772,37.50209],[126.928565,37.502591],[126.928164,37.503047],[126.92837,37.50368],[126.928989,37.503913],[126.929271,37.504223],[126.929299,37.504361],[126.929693,37.504132],[126.930522,37.503455],[126.931066,37.503477],[126.931576,37.503648],[126.931869,37.503594],[126.932358,37.50377],[126.932406,37.503883],[126.932672,37.504067],[126.932589,37.504558],[126.932655,37.504801],[126.932631,37.505081],[126.932677,37.505139],[126.93276,37.506094],[126.932847,37.506073],[126.932853,37.506],[126.932762,37.505583],[126.932929,37.505538],[126.932999,37.505621],[126.932929,37.505682],[126.932969,37.505723],[126.933481,37.505232],[126.933534,37.505279],[126.93377,37.505128],[126.933819,37.50522],[126.933945,37.505216],[126.933905,37.505362],[126.934147,37.505396],[126.934433,37.50571],[126.934461,37.505927],[126.934608,37.506274],[126.934562,37.506541],[126.934622,37.50657],[126.934623,37.506639],[126.934732,37.506761],[126.934987,37.506758],[126.934967,37.506598],[126.935116,37.506598],[126.935188,37.506863],[126.935146,37.50688],[126.935141,37.507057],[126.934882,37.507482],[126.934677,37.508222],[126.934713,37.508839],[126.934893,37.509188],[126.934882,37.509584],[126.934831,37.510497],[126.934738,37.510665],[126.934673,37.510699],[126.934718,37.510713],[126.93469,37.510818],[126.934627,37.510809],[126.934681,37.511854],[126.934657,37.512374],[126.934454,37.512995],[126.934452,37.513133],[126.934287,37.513321],[126.934168,37.513576],[126.933946,37.513797],[126.933502,37.514091],[126.933458,37.514192],[126.933307,37.514308],[126.932591,37.514641],[126.932503,37.51482],[126.932386,37.515575],[126.928996,37.515419],[126.926859,37.515554],[126.926798,37.514701],[126.926894,37.514516],[126.926864,37.514402],[126.926758,37.514452],[126.926663,37.51439],[126.926691,37.514268],[126.926978,37.514003],[126.927014,37.513868],[126.926956,37.513213],[126.926754,37.513136],[126.926791,37.512796],[126.925383,37.512524],[126.920349,37.500039],[126.920286,37.500033],[126.920244,37.498507]]]}},{"type":"Feature","properties":{"dong":"11590_신대방동","sgg_cd":"11590","emd_cd":"11590109","umd_nm":"신대방동","gu_name":"동작구"},"geometry":{"type":"Polygon","coordinates":[[[126.903198,37.485002],[126.905527,37.484912],[126.906098,37.48496],[126.909393,37.485898],[126.909889,37.485902],[126.910614,37.486058],[126.911274,37.486267],[126.911923,37.486515],[126.912313,37.486774],[126.912496,37.486967],[126.913065,37.487378],[126.91356,37.488017],[126.914248,37.488378],[126.916651,37.489558],[126.918702,37.490131],[126.919459,37.490277],[126.921308,37.49033],[126.922799,37.490062],[126.924151,37.489978],[126.924169,37.490345],[126.924108,37.490351],[126.924279,37.490452],[126.924351,37.4906],[126.924779,37.490856],[126.924986,37.491369],[126.92509,37.491511],[126.92511,37.491655],[126.925334,37.491937],[126.925406,37.492465],[126.925569,37.492791],[126.9259,37.493044],[126.925974,37.493052],[126.92651,37.493487],[126.926644,37.494159],[126.927167,37.494557],[126.927226,37.494723],[126.927479,37.495015],[126.927913,37.495078],[126.928253,37.494942],[126.929859,37.494003],[126.929629,37.494722],[126.92961,37.494945],[126.929419,37.495353],[126.929427,37.495744],[126.929753,37.496159],[126.929698,37.496972],[126.930093,37.497785],[126.929637,37.497734],[126.929655,37.497799],[126.929441,37.497998],[126.929223,37.498396],[126.928875,37.498599],[126.928653,37.498861],[126.92703,37.499346],[126.925837,37.498997],[126.924209,37.498424],[126.923452,37.498282],[126.922272,37.497926],[126.921776,37.497921],[126.921552,37.497978],[126.920244,37.498507],[126.920214,37.498336],[126.919815,37.497798],[126.919408,37.497599],[126.914854,37.49661],[126.912897,37.496418],[126.912402,37.49631],[126.911955,37.496043],[126.91179,37.495876],[126.910234,37.493482],[126.909717,37.492846],[126.909524,37.492641],[126.909498,37.492666],[126.908423,37.491352],[126.90751,37.490005],[126.906809,37.489203],[126.906741,37.489199],[126.906697,37.48928],[126.903198,37.485002]]]}},{"type":"Feature","properties":{"dong":"11620_봉천동","sgg_cd":"11620","emd_cd":"11620101","umd_nm":"봉천동","gu_name":"관악구"},"geometry":{"type":"Polygon","coordinates":[[[126.966613,37.456067],[126.966682,37.456613],[126.966914,37.457348],[126.966584,37.457958],[126.968383,37.459226],[126.969064,37.459974],[126.969042,37.460381],[126.969814,37.461],[126.970302,37.462027],[126.97066,37.462168],[126.971138,37.462741],[126.971641,37.462842],[126.971904,37.463198],[126.972691,37.463503],[126.973399,37.463529],[126.973525,37.464018],[126.973992,37.465067],[126.973021,37.465709],[126.973147,37.466038],[126.972761,37.466979],[126.97241,37.467319],[126.972152,37.46743],[126.97167,37.467882],[126.971522,37.468516],[126.971169,37.469209],[126.971139,37.469442],[126.97138,37.469771],[126.971413,37.469927],[126.971061,37.47197],[126.971174,37.472679],[126.971488,37.473095],[126.97137,37.473478],[126.97074,37.474208],[126.970872,37.474608],[126.970292,37.475846],[126.970252,37.476536],[126.968805,37.476593],[126.968183,37.477276],[126.967793,37.477803],[126.967292,37.477978],[126.966351,37.478898],[126.96479,37.479471],[126.964317,37.479923],[126.963947,37.481044],[126.963247,37.481418],[126.962691,37.482085],[126.962043,37.482465],[126.961827,37.482954],[126.961063,37.48358],[126.961071,37.483746],[126.961623,37.484254],[126.961693,37.484553],[126.961626,37.484719],[126.961987,37.485177],[126.961675,37.485977],[126.961814,37.486315],[126.961851,37.487136],[126.961723,37.487224],[126.961967,37.488627],[126.961838,37.488681],[126.961765,37.489005],[126.961397,37.489152],[126.960986,37.490035],[126.960868,37.490179],[126.96078,37.490833],[126.961402,37.491495],[126.961339,37.492464],[126.961378,37.492874],[126.960947,37.492922],[126.961052,37.493258],[126.960289,37.493743],[126.959315,37.493805],[126.958943,37.493616],[126.958696,37.492916],[126.958453,37.492624],[126.958023,37.492534],[126.9576,37.492355],[126.957478,37.491977],[126.956959,37.491721],[126.956656,37.49166],[126.956225,37.491493],[126.95539,37.49143],[126.955155,37.491314],[126.954846,37.490979],[126.954177,37.490927],[126.953699,37.490609],[126.952837,37.491308],[126.952794,37.491442],[126.952231,37.491633],[126.952058,37.491901],[126.951684,37.492151],[126.949958,37.492549],[126.949555,37.49271],[126.949407,37.492936],[126.948804,37.493112],[126.94877,37.493788],[126.948297,37.493647],[126.947517,37.493694],[126.947162,37.493964],[126.946964,37.494046],[126.94679,37.493881],[126.94614,37.493482],[126.945915,37.493509],[126.945431,37.493323],[126.944545,37.493127],[126.944503,37.492503],[126.943936,37.492489],[126.943522,37.492362],[126.943381,37.492237],[126.942951,37.492214],[126.942611,37.49214],[126.942535,37.492215],[126.942291,37.492243],[126.94156,37.492185],[126.941506,37.492249],[126.941052,37.492395],[126.940943,37.492742],[126.940812,37.492888],[126.940551,37.492831],[126.940371,37.492945],[126.939978,37.492884],[126.939729,37.492782],[126.939711,37.492611],[126.939559,37.492555],[126.939489,37.492471],[126.939461,37.492292],[126.939211,37.492216],[126.938833,37.492336],[126.938377,37.492356],[126.938181,37.492224],[126.937873,37.49223],[126.937594,37.492036],[126.937303,37.491942],[126.936554,37.49201],[126.936352,37.492097],[126.936151,37.49235],[126.935844,37.492455],[126.935375,37.492806],[126.934358,37.493101],[126.93435,37.493044],[126.933843,37.493116],[126.933849,37.493189],[126.932401,37.492971],[126.931359,37.493211],[126.931346,37.493258],[126.930078,37.493976],[126.929867,37.493981],[126.928468,37.494829],[126.927875,37.495072],[126.927446,37.494994],[126.927195,37.494697],[126.927136,37.494536],[126.926928,37.494334],[126.926637,37.494144],[126.926507,37.49348],[126.925577,37.492798],[126.925406,37.492465],[126.92534,37.491939],[126.925243,37.491769],[126.925118,37.491663],[126.925101,37.49153],[126.924986,37.491369],[126.924819,37.490923],[126.924654,37.490748],[126.924362,37.490598],[126.924193,37.49037],[126.924102,37.490334],[126.924198,37.490321],[126.924155,37.489963],[126.92544,37.489977],[126.926294,37.489857],[126.92756,37.489557],[126.928869,37.489091],[126.9342,37.4867],[126.934207,37.484804],[126.934422,37.484831],[126.934434,37.484651],[126.935205,37.48468],[126.936137,37.484556],[126.936753,37.484348],[126.937788,37.48389],[126.937783,37.48331],[126.937289,37.482921],[126.93697,37.482475],[126.937519,37.482229],[126.936314,37.48119],[126.935582,37.480979],[126.935586,37.48071],[126.936127,37.480514],[126.936611,37.480495],[126.936543,37.480203],[126.937091,37.479405],[126.937961,37.479325],[126.938546,37.478944],[126.939251,37.478956],[126.939467,37.478915],[126.939538,37.478839],[126.939354,37.478577],[126.939303,37.478314],[126.939508,37.477994],[126.939677,37.477528],[126.939886,37.477324],[126.940314,37.477251],[126.94068,37.476857],[126.940719,37.476644],[126.940888,37.476726],[126.941205,37.476476],[126.941365,37.476125],[126.941581,37.476187],[126.941766,37.476178],[126.94192,37.476109],[126.941982,37.475961],[126.942178,37.476018],[126.942813,37.475379],[126.944274,37.474265],[126.944787,37.473961],[126.94493,37.473924],[126.945242,37.473682],[126.945835,37.47352],[126.945998,37.473176],[126.946791,37.472604],[126.947859,37.472406],[126.94872,37.472719],[126.949071,37.472802],[126.949403,37.472438],[126.949708,37.472345],[126.949897,37.472088],[126.950407,37.471578],[126.950607,37.471593],[126.950778,37.471434],[126.951101,37.471596],[126.951397,37.47167],[126.952321,37.471063],[126.952477,37.471003],[126.95305,37.471034],[126.953255,37.470828],[126.953727,37.468943],[126.953961,37.46878],[126.954198,37.467947],[126.954682,37.467597],[126.95516,37.467163],[126.9551,37.46695],[126.955445,37.466366],[126.955688,37.466067],[126.956157,37.465805],[126.955676,37.464376],[126.956054,37.463847],[126.955568,37.462686],[126.956946,37.460768],[126.9569,37.460629],[126.957101,37.459758],[126.957289,37.459642],[126.957526,37.459643],[126.959597,37.458012],[126.961647,37.456122],[126.965461,37.45499],[126.966613,37.456067]]]}},{"type":"Feature","properties":{"dong":"11620_신림동","sgg_cd":"11620","emd_cd":"11620102","umd_nm":"신림동","gu_name":"관악구"},"geometry":{"type":"Polygon","coordinates":[[[126.924155,37.489963],[126.922806,37.490055],[126.921299,37.490333],[126.919452,37.490275],[126.918701,37.490152],[126.916651,37.489548],[126.914683,37.488593],[126.913573,37.488007],[126.913076,37.487399],[126.912449,37.486928],[126.91231,37.486772],[126.911921,37.486511],[126.911251,37.486257],[126.910613,37.486059],[126.909889,37.485902],[126.909393,37.485898],[126.906098,37.48496],[126.905527,37.484912],[126.903198,37.485002],[126.899785,37.480807],[126.89935,37.480105],[126.899049,37.479359],[126.898943,37.47894],[126.905238,37.480112],[126.905516,37.479983],[126.909786,37.480765],[126.909935,37.480253],[126.908973,37.480095],[126.909106,37.479639],[126.908812,37.479563],[126.908693,37.479403],[126.908729,37.479254],[126.908614,37.479073],[126.90946,37.478027],[126.909824,37.478208],[126.910428,37.478364],[126.910478,37.478184],[126.910662,37.477962],[126.911834,37.477821],[126.911808,37.476854],[126.911616,37.476302],[126.911355,37.475981],[126.911361,37.47579],[126.911181,37.475212],[126.911313,37.474939],[126.911295,37.474786],[126.911359,37.474507],[126.911073,37.474213],[126.911023,37.473915],[126.910745,37.473619],[126.910526,37.473596],[126.910023,37.473417],[126.909942,37.473298],[126.909608,37.473201],[126.909286,37.473173],[126.908658,37.472969],[126.908197,37.472683],[126.908436,37.472275],[126.908624,37.472147],[126.908772,37.471801],[126.909588,37.470699],[126.909544,37.470472],[126.909799,37.470067],[126.909816,37.469911],[126.90995,37.469803],[126.910253,37.46925],[126.909962,37.468774],[126.911041,37.468083],[126.911111,37.467749],[126.911638,37.467142],[126.911654,37.466831],[126.9124,37.466273],[126.912398,37.465905],[126.912552,37.465762],[126.913067,37.465693],[126.913564,37.465455],[126.913724,37.465469],[126.913237,37.464619],[126.912948,37.46424],[126.912902,37.464009],[126.912969,37.463621],[126.913298,37.463116],[126.913734,37.46285],[126.913952,37.461998],[126.914412,37.461613],[126.914381,37.46143],[126.914192,37.460997],[126.914266,37.459931],[126.914039,37.45947],[126.914278,37.458912],[126.914025,37.458457],[126.91403,37.457905],[126.914577,37.457456],[126.914981,37.457312],[126.915577,37.457403],[126.916466,37.457384],[126.916916,37.457509],[126.91729,37.457337],[126.917481,37.457111],[126.918334,37.456909],[126.919141,37.456897],[126.919635,37.456759],[126.920874,37.45683],[126.922187,37.456623],[126.92251,37.456332],[126.922823,37.455156],[126.923083,37.454529],[126.923308,37.454224],[126.924183,37.45368],[126.924247,37.453399],[126.924779,37.452844],[126.925424,37.45301],[126.925655,37.45293],[126.926263,37.45254],[126.926659,37.451773],[126.92729,37.451008],[126.927869,37.451099],[126.928366,37.451012],[126.92851,37.450544],[126.928398,37.450213],[126.92891,37.449865],[126.928992,37.449633],[126.929286,37.449472],[126.930174,37.448365],[126.930368,37.447697],[126.930278,37.446621],[126.930163,37.446378],[126.930554,37.445468],[126.931749,37.444976],[126.933218,37.444079],[126.934027,37.443485],[126.934564,37.443196],[126.934895,37.443212],[126.935031,37.443063],[126.935255,37.442659],[126.935441,37.442497],[126.935643,37.442178],[126.935986,37.442141],[126.936202,37.441954],[126.936647,37.441745],[126.936812,37.441438],[126.937354,37.440871],[126.937864,37.440197],[126.937694,37.439684],[126.937247,37.439213],[126.937273,37.438632],[126.937563,37.438326],[126.937744,37.437879],[126.937746,37.437385],[126.938012,37.437189],[126.938326,37.436652],[126.938575,37.43642],[126.938622,37.436028],[126.939364,37.436025],[126.94022,37.435712],[126.940426,37.435802],[126.94053,37.43628],[126.941102,37.436918],[126.941424,37.437404],[126.941979,37.437505],[126.943385,37.437282],[126.94509,37.437088],[126.945676,37.437305],[126.94659,37.437929],[126.946789,37.438167],[126.947854,37.438492],[126.948363,37.438712],[126.948766,37.438645],[126.949284,37.43825],[126.949843,37.438379],[126.950032,37.438621],[126.950925,37.438733],[126.951158,37.438444],[126.951467,37.438576],[126.952411,37.43919],[126.953904,37.439009],[126.95463,37.438856],[126.955108,37.438692],[126.956368,37.438754],[126.957567,37.43893],[126.958966,37.439069],[126.959542,37.439978],[126.960056,37.4404],[126.961762,37.440279],[126.962942,37.44028],[126.963803,37.440787],[126.963784,37.441286],[126.964634,37.442039],[126.964381,37.442577],[126.964303,37.44377],[126.964419,37.444312],[126.963933,37.445214],[126.964289,37.446267],[126.967663,37.44838],[126.970569,37.449452],[126.970309,37.451034],[126.968767,37.452826],[126.968392,37.454051],[126.967635,37.455828],[126.966613,37.456067],[126.965461,37.45499],[126.961647,37.456122],[126.959597,37.458012],[126.957526,37.459643],[126.957289,37.459642],[126.957101,37.459758],[126.9569,37.460629],[126.956946,37.460768],[126.955568,37.462686],[126.956054,37.463847],[126.955676,37.464376],[126.956157,37.465805],[126.955688,37.466067],[126.955445,37.466366],[126.9551,37.46695],[126.95516,37.467163],[126.954682,37.467597],[126.954198,37.467947],[126.953961,37.46878],[126.953727,37.468943],[126.953255,37.470828],[126.95305,37.471034],[126.952477,37.471003],[126.952321,37.471063],[126.951397,37.47167],[126.951101,37.471596],[126.950778,37.471434],[126.950607,37.471593],[126.950407,37.471578],[126.949897,37.472088],[126.949708,37.472345],[126.949403,37.472438],[126.949071,37.472802],[126.94872,37.472719],[126.947859,37.472406],[126.946791,37.472604],[126.945998,37.473176],[126.945835,37.47352],[126.945242,37.473682],[126.94493,37.473924],[126.944787,37.473961],[126.944274,37.474265],[126.942813,37.475379],[126.942178,37.476018],[126.941982,37.475961],[126.94192,37.476109],[126.941766,37.476178],[126.941581,37.476187],[126.941365,37.476125],[126.941205,37.476476],[126.940888,37.476726],[126.940719,37.476644],[126.94068,37.476857],[126.940314,37.477251],[126.939886,37.477324],[126.939677,37.477528],[126.939508,37.477994],[126.939303,37.478314],[126.939354,37.478577],[126.939538,37.478839],[126.939467,37.478915],[126.939251,37.478956],[126.938546,37.478944],[126.937961,37.479325],[126.937091,37.479405],[126.936543,37.480203],[126.936611,37.480495],[126.936127,37.480514],[126.935586,37.48071],[126.935582,37.480979],[126.936314,37.48119],[126.937519,37.482229],[126.93697,37.482475],[126.937289,37.482921],[126.937783,37.48331],[126.937788,37.48389],[126.936753,37.484348],[126.936137,37.484556],[126.935205,37.48468],[126.934434,37.484651],[126.934422,37.484831],[126.934207,37.484804],[126.9342,37.4867],[126.928869,37.489091],[126.92756,37.489557],[126.926294,37.489857],[126.92544,37.489977],[126.924155,37.489963]]]}},{"type":"Feature","properties":{"dong":"11620_남현동","sgg_cd":"11620","emd_cd":"11620103","umd_nm":"남현동","gu_name":"관악구"},"geometry":{"type":"Polygon","coordinates":[[[126.966613,37.456067],[126.967635,37.455828],[126.968392,37.454051],[126.968767,37.452826],[126.970309,37.451034],[126.970569,37.449452],[126.971753,37.451737],[126.972843,37.452382],[126.973371,37.453237],[126.974579,37.454412],[126.977757,37.455199],[126.978477,37.455734],[126.97979,37.455647],[126.982398,37.455891],[126.981903,37.456935],[126.982888,37.456827],[126.984388,37.457105],[126.984903,37.457042],[126.985264,37.457181],[126.986612,37.457212],[126.986781,37.457403],[126.988635,37.458166],[126.98846,37.458543],[126.987865,37.459291],[126.987644,37.459768],[126.987543,37.460229],[126.987532,37.460574],[126.987621,37.461172],[126.988258,37.463496],[126.988334,37.464001],[126.988228,37.464226],[126.988162,37.464909],[126.987935,37.465932],[126.987726,37.466415],[126.987247,37.467246],[126.987103,37.467228],[126.987246,37.467625],[126.987146,37.46775],[126.986452,37.468367],[126.985956,37.468717],[126.985488,37.46886],[126.985489,37.469112],[126.985217,37.469307],[126.984676,37.469882],[126.984516,37.469824],[126.984016,37.470507],[126.982746,37.472007],[126.983014,37.471801],[126.983211,37.471573],[126.982139,37.473733],[126.981736,37.475321],[126.981583,37.47653],[126.978423,37.47665],[126.974285,37.476201],[126.972261,37.475788],[126.970523,37.475376],[126.970872,37.474608],[126.97074,37.474208],[126.97137,37.473478],[126.971488,37.473095],[126.971174,37.472679],[126.971061,37.47197],[126.971413,37.469927],[126.97138,37.469771],[126.971139,37.469442],[126.971169,37.469209],[126.971522,37.468516],[126.97167,37.467882],[126.972152,37.46743],[126.97241,37.467319],[126.972761,37.466979],[126.973147,37.466038],[126.973021,37.465709],[126.973992,37.465067],[126.973525,37.464018],[126.973399,37.463529],[126.972691,37.463503],[126.971904,37.463198],[126.971641,37.462842],[126.971138,37.462741],[126.97066,37.462168],[126.970302,37.462027],[126.969814,37.461],[126.969042,37.460381],[126.969064,37.459974],[126.968383,37.459226],[126.966584,37.457958],[126.966914,37.457348],[126.966682,37.456613],[126.966613,37.456067]]]}},{"type":"Feature","properties":{"dong":"11650_방배동","sgg_cd":"11650","emd_cd":"11650101","umd_nm":"방배동","gu_name":"서초구"},"geometry":{"type":"Polygon","coordinates":[[[126.985387,37.499859],[126.983196,37.497374],[126.98293,37.496993],[126.982803,37.492671],[126.98265,37.491883],[126.982682,37.491665],[126.982639,37.490087],[126.982531,37.489392],[126.982319,37.488537],[126.982192,37.486717],[126.981693,37.47754],[126.981708,37.476292],[126.981844,37.475092],[126.982172,37.473719],[126.983215,37.47157],[126.98452,37.4698],[126.984692,37.469854],[126.984658,37.469932],[126.985336,37.469283],[126.986075,37.468963],[126.985532,37.469045],[126.986597,37.468228],[126.986631,37.468252],[126.986879,37.468015],[126.986746,37.468093],[126.987303,37.467614],[126.987119,37.467347],[126.987105,37.467228],[126.987237,37.467228],[126.987364,37.467031],[126.987727,37.466411],[126.987935,37.465939],[126.988157,37.464932],[126.988221,37.464228],[126.988344,37.463998],[126.988262,37.463444],[126.987639,37.461165],[126.987574,37.460772],[126.987504,37.46067],[126.987547,37.460148],[126.987648,37.45975],[126.987873,37.459272],[126.988457,37.458541],[126.988645,37.458144],[126.989499,37.458522],[126.989994,37.459463],[126.991332,37.460136],[126.991698,37.460519],[126.992028,37.460546],[126.992655,37.460343],[126.992895,37.460948],[126.993354,37.461495],[126.99429,37.461421],[126.996768,37.461873],[126.996985,37.463159],[126.99737,37.463687],[126.997193,37.464184],[126.996619,37.464778],[126.996643,37.465427],[126.996455,37.465685],[126.996524,37.465917],[126.996231,37.466608],[126.996752,37.467072],[126.996985,37.467179],[126.997426,37.467242],[126.997802,37.467022],[126.998779,37.467234],[127.000477,37.467063],[127.001486,37.467323],[127.001962,37.467087],[127.002735,37.467124],[127.003675,37.46772],[127.003666,37.467865],[127.004098,37.46834],[127.004438,37.468878],[127.004488,37.469263],[127.005152,37.4697],[127.005546,37.470225],[127.005855,37.470443],[127.006479,37.47066],[127.006763,37.470633],[127.007527,37.471052],[127.007641,37.471185],[127.008176,37.471406],[127.008965,37.471151],[127.010008,37.472313],[127.010111,37.472544],[127.008231,37.476075],[127.007698,37.47665],[127.007402,37.477236],[127.007164,37.47748],[127.007041,37.477417],[127.004466,37.48274],[127.002228,37.482308],[127.002074,37.482467],[127.002138,37.482818],[127.001849,37.482718],[127.001739,37.483123],[127.000807,37.483563],[127.000753,37.483717],[127.000858,37.484383],[127.000589,37.485097],[127.000323,37.485399],[127.000241,37.485634],[127.000375,37.485704],[127.000648,37.485977],[127.001365,37.486838],[127.00099,37.487878],[127.000666,37.488112],[127.000414,37.48854],[127.000487,37.489722],[126.999825,37.49018],[126.999852,37.491565],[127.000294,37.491814],[126.99981,37.493039],[126.999659,37.493137],[126.998405,37.493414],[126.997355,37.493875],[126.997133,37.493831],[126.996725,37.494161],[126.995634,37.494094],[126.995198,37.493968],[126.995382,37.494289],[126.995352,37.494739],[126.994828,37.495391],[126.994757,37.495853],[126.994155,37.496032],[126.993405,37.496043],[126.993215,37.496113],[126.993202,37.496085],[126.992796,37.496359],[126.992872,37.496471],[126.992816,37.496766],[126.992335,37.497029],[126.991421,37.497233],[126.991001,37.497514],[126.990995,37.497798],[126.990948,37.49785],[126.990589,37.497966],[126.989475,37.497991],[126.989309,37.498043],[126.989311,37.498394],[126.989047,37.498531],[126.98895,37.498521],[126.988833,37.498606],[126.988832,37.498751],[126.988744,37.49884],[126.988279,37.498703],[126.987652,37.49862],[126.986999,37.498638],[126.986737,37.49872],[126.986268,37.499011],[126.985839,37.499379],[126.985581,37.499709],[126.985387,37.499859]]]}},{"type":"Feature","properties":{"dong":"11650_양재동","sgg_cd":"11650","emd_cd":"11650102","umd_nm":"양재동","gu_name":"서초구"},"geometry":{"type":"Polygon","coordinates":[[[127.045431,37.461299],[127.04595,37.46129],[127.046368,37.461172],[127.047125,37.460797],[127.047468,37.460388],[127.047974,37.460633],[127.047849,37.461077],[127.047292,37.462029],[127.047173,37.462408],[127.046906,37.462513],[127.046633,37.462811],[127.045881,37.463198],[127.045138,37.46371],[127.043012,37.465656],[127.048859,37.469893],[127.048669,37.470059],[127.051181,37.471789],[127.0509,37.47181],[127.046069,37.476471],[127.045924,37.476724],[127.045641,37.476997],[127.045404,37.477112],[127.04519,37.477355],[127.044005,37.479942],[127.043889,37.48056],[127.043547,37.481221],[127.043136,37.481866],[127.043156,37.481973],[127.043038,37.482231],[127.043063,37.482259],[127.042951,37.482272],[127.041608,37.485242],[127.04175,37.485437],[127.033856,37.484336],[127.03425,37.48396],[127.033651,37.484148],[127.033713,37.483848],[127.034093,37.483103],[127.034086,37.482967],[127.03439,37.482714],[127.034248,37.482508],[127.034305,37.482211],[127.033709,37.481912],[127.033318,37.481505],[127.033114,37.481494],[127.032852,37.481334],[127.032537,37.481012],[127.031814,37.480736],[127.031321,37.480738],[127.030672,37.480466],[127.03042,37.480299],[127.029328,37.48055],[127.028839,37.48094],[127.028552,37.481078],[127.028109,37.481046],[127.02782,37.480914],[127.027637,37.480726],[127.026498,37.4805],[127.025575,37.480866],[127.024602,37.480629],[127.02438,37.480613],[127.023992,37.479842],[127.023439,37.479398],[127.022795,37.479139],[127.022665,37.479019],[127.022762,37.478949],[127.022591,37.478391],[127.022171,37.478081],[127.021708,37.477455],[127.021634,37.477004],[127.022051,37.476832],[127.022299,37.476616],[127.022578,37.476512],[127.022743,37.476333],[127.023242,37.476368],[127.024269,37.475973],[127.02446,37.47572],[127.024843,37.475434],[127.025752,37.475166],[127.026063,37.47497],[127.026913,37.47479],[127.027157,37.474642],[127.02734,37.474428],[127.027845,37.474291],[127.028052,37.474136],[127.028449,37.474176],[127.029114,37.473912],[127.029399,37.47366],[127.029249,37.473229],[127.030121,37.47337],[127.030301,37.473346],[127.032031,37.471493],[127.030922,37.47041],[127.028968,37.46772],[127.029928,37.465351],[127.030166,37.465362],[127.030396,37.465486],[127.031195,37.465626],[127.031922,37.465518],[127.03224,37.46533],[127.032757,37.465193],[127.03314,37.465017],[127.033479,37.464635],[127.034693,37.464154],[127.034532,37.463335],[127.033957,37.462229],[127.033877,37.461679],[127.033732,37.461237],[127.033899,37.460832],[127.034013,37.4603],[127.034316,37.460252],[127.034328,37.460145],[127.034504,37.460064],[127.034924,37.460175],[127.035057,37.458738],[127.03501,37.458868],[127.034924,37.458444],[127.034968,37.457989],[127.035016,37.457893],[127.035763,37.457481],[127.03674,37.456443],[127.036849,37.455822],[127.037067,37.455474],[127.037127,37.455207],[127.036425,37.45465],[127.036267,37.454262],[127.035737,37.454186],[127.035588,37.454087],[127.035469,37.453437],[127.034997,37.453238],[127.034823,37.453106],[127.034754,37.452617],[127.035146,37.452439],[127.035371,37.452226],[127.035776,37.452196],[127.036076,37.451663],[127.036477,37.451463],[127.036901,37.451693],[127.037084,37.4519],[127.036789,37.452577],[127.036954,37.453202],[127.037208,37.453494],[127.037567,37.453744],[127.038476,37.454236],[127.038718,37.454414],[127.038765,37.454957],[127.038613,37.455081],[127.038229,37.455971],[127.038925,37.456583],[127.039125,37.45703],[127.039241,37.458236],[127.039719,37.458737],[127.040048,37.459445],[127.040663,37.460187],[127.04097,37.460407],[127.0411,37.460418],[127.041324,37.460599],[127.041505,37.460876],[127.041717,37.461042],[127.04181,37.461251],[127.042117,37.46153],[127.043404,37.461676],[127.044229,37.461629],[127.045416,37.461345],[127.045431,37.461299]]]}},{"type":"Feature","properties":{"dong":"11650_우면동","sgg_cd":"11650","emd_cd":"11650103","umd_nm":"우면동","gu_name":"서초구"},"geometry":{"type":"Polygon","coordinates":[[[127.010111,37.472544],[127.010008,37.472313],[127.008965,37.471151],[127.008176,37.471406],[127.007641,37.471185],[127.007527,37.471052],[127.006763,37.470633],[127.006479,37.47066],[127.005855,37.470443],[127.005546,37.470225],[127.005152,37.4697],[127.004488,37.469263],[127.004438,37.468878],[127.004098,37.46834],[127.003666,37.467865],[127.003675,37.46772],[127.004129,37.467287],[127.004524,37.466797],[127.004489,37.466328],[127.004905,37.465842],[127.004683,37.465172],[127.004805,37.46488],[127.004469,37.464073],[127.004748,37.463836],[127.004765,37.46358],[127.004968,37.463187],[127.005329,37.462795],[127.005457,37.462758],[127.005769,37.462548],[127.006157,37.461888],[127.006024,37.461824],[127.006139,37.461712],[127.007041,37.460215],[127.007269,37.460141],[127.007312,37.460038],[127.007876,37.459544],[127.00802,37.459162],[127.008214,37.4591],[127.008217,37.458773],[127.008315,37.458645],[127.008327,37.458491],[127.008577,37.458411],[127.008599,37.458123],[127.008531,37.458051],[127.00871,37.457765],[127.009232,37.45722],[127.009612,37.457078],[127.009846,37.456927],[127.010288,37.456483],[127.010405,37.456308],[127.010584,37.456169],[127.010823,37.455423],[127.011151,37.455381],[127.011151,37.455447],[127.011367,37.455408],[127.012372,37.455548],[127.013386,37.455347],[127.014156,37.454977],[127.014509,37.454861],[127.015065,37.454832],[127.015574,37.454916],[127.016288,37.455229],[127.016946,37.455969],[127.017545,37.456135],[127.018836,37.455788],[127.019201,37.455731],[127.019692,37.455786],[127.020365,37.456158],[127.021503,37.456226],[127.022203,37.456616],[127.022432,37.456916],[127.022792,37.45725],[127.023712,37.457319],[127.024126,37.457446],[127.025277,37.457494],[127.025995,37.457817],[127.026346,37.458104],[127.026445,37.458336],[127.026401,37.459454],[127.026572,37.459641],[127.027532,37.459826],[127.028158,37.459838],[127.028362,37.459893],[127.028461,37.460131],[127.028157,37.460622],[127.028043,37.461245],[127.029316,37.462701],[127.029606,37.463275],[127.029694,37.463905],[127.02967,37.464163],[127.02951,37.46447],[127.029527,37.465374],[127.029928,37.465351],[127.028968,37.46772],[127.030922,37.47041],[127.032031,37.471493],[127.030301,37.473346],[127.030121,37.47337],[127.029249,37.473229],[127.029399,37.47366],[127.029114,37.473912],[127.028449,37.474176],[127.028052,37.474136],[127.027845,37.474291],[127.02734,37.474428],[127.027157,37.474642],[127.026913,37.47479],[127.026063,37.47497],[127.025752,37.475166],[127.024843,37.475434],[127.02446,37.47572],[127.024269,37.475973],[127.023242,37.476368],[127.022743,37.476333],[127.022578,37.476512],[127.022299,37.476616],[127.022051,37.476832],[127.021068,37.47728],[127.020566,37.477156],[127.020169,37.476967],[127.019737,37.477029],[127.019246,37.476842],[127.018528,37.476692],[127.018174,37.476537],[127.017524,37.4765],[127.017067,37.476348],[127.016542,37.476057],[127.016383,37.475608],[127.016389,37.475292],[127.015861,37.475203],[127.015377,37.474929],[127.01497,37.474313],[127.014888,37.473899],[127.013938,37.473226],[127.013548,37.473327],[127.012965,37.473325],[127.012111,37.473201],[127.011651,37.472856],[127.011061,37.472851],[127.010111,37.472544]]]}},{"type":"Feature","properties":{"dong":"11650_원지동","sgg_cd":"11650","emd_cd":"11650104","umd_nm":"원지동","gu_name":"서초구"},"geometry":{"type":"Polygon","coordinates":[[[127.061145,37.429985],[127.061169,37.430438],[127.061672,37.430706],[127.061957,37.431078],[127.061813,37.431395],[127.062052,37.431786],[127.062097,37.432043],[127.062066,37.432466],[127.061991,37.432686],[127.062006,37.433011],[127.062966,37.43347],[127.063273,37.433805],[127.063495,37.433908],[127.063359,37.434452],[127.063924,37.435601],[127.06399,37.436157],[127.063615,37.436996],[127.063485,37.437435],[127.063556,37.437521],[127.063652,37.437431],[127.06355,37.437627],[127.06353,37.437899],[127.063309,37.438264],[127.062948,37.438587],[127.062701,37.438966],[127.062063,37.439369],[127.061877,37.439543],[127.061705,37.439847],[127.06127,37.440268],[127.060896,37.440485],[127.060573,37.440786],[127.060033,37.440967],[127.059825,37.441116],[127.059641,37.441345],[127.059459,37.441799],[127.059064,37.442177],[127.058791,37.442595],[127.058747,37.442788],[127.058601,37.442993],[127.058584,37.443228],[127.058523,37.443369],[127.058587,37.443591],[127.058477,37.443847],[127.058377,37.444311],[127.058249,37.444483],[127.058027,37.444621],[127.057708,37.445115],[127.057755,37.445121],[127.057702,37.445186],[127.057662,37.445175],[127.057634,37.44525],[127.057088,37.445627],[127.057075,37.445956],[127.056911,37.446303],[127.056711,37.446467],[127.056393,37.446505],[127.055925,37.44669],[127.055689,37.446995],[127.055651,37.447161],[127.055404,37.447451],[127.054969,37.447788],[127.054261,37.448444],[127.054187,37.448615],[127.053876,37.448959],[127.053623,37.449056],[127.053493,37.44916],[127.053374,37.449327],[127.053393,37.449384],[127.052967,37.449878],[127.052998,37.450211],[127.0529,37.450348],[127.051928,37.451028],[127.050962,37.451945],[127.050522,37.452826],[127.050452,37.453105],[127.05061,37.453356],[127.050696,37.453753],[127.050599,37.454],[127.049994,37.454994],[127.04967,37.455642],[127.049586,37.455766],[127.048779,37.456472],[127.047824,37.45741],[127.046838,37.458228],[127.046656,37.458637],[127.046373,37.458967],[127.046056,37.459486],[127.045983,37.459681],[127.045901,37.460426],[127.045476,37.460971],[127.045416,37.461345],[127.044229,37.461629],[127.043404,37.461676],[127.042117,37.46153],[127.04181,37.461251],[127.041717,37.461042],[127.041505,37.460876],[127.041324,37.460599],[127.0411,37.460418],[127.04097,37.460407],[127.040663,37.460187],[127.040048,37.459445],[127.039719,37.458737],[127.039241,37.458236],[127.039125,37.45703],[127.038925,37.456583],[127.038229,37.455971],[127.038613,37.455081],[127.038765,37.454957],[127.038718,37.454414],[127.038476,37.454236],[127.037567,37.453744],[127.037208,37.453494],[127.036954,37.453202],[127.036789,37.452577],[127.037084,37.4519],[127.036901,37.451693],[127.036477,37.451463],[127.036409,37.451496],[127.036543,37.45121],[127.036913,37.450808],[127.037295,37.45001],[127.037744,37.449418],[127.037812,37.448922],[127.037374,37.448564],[127.037159,37.44801],[127.037531,37.447361],[127.037254,37.446448],[127.037351,37.4463],[127.038205,37.445859],[127.03823,37.44518],[127.037934,37.444179],[127.037568,37.443838],[127.037483,37.443266],[127.036974,37.442897],[127.036819,37.442587],[127.036836,37.442359],[127.036654,37.44208],[127.036431,37.441832],[127.036072,37.44155],[127.035619,37.441327],[127.035171,37.440942],[127.035169,37.440605],[127.03532,37.439966],[127.035492,37.439762],[127.035579,37.439403],[127.035573,37.439004],[127.036056,37.438822],[127.036322,37.438778],[127.036856,37.438364],[127.037067,37.438275],[127.037395,37.438313],[127.0378,37.438268],[127.038437,37.43836],[127.039032,37.438151],[127.040052,37.438237],[127.04048,37.438082],[127.04109,37.437769],[127.04114,37.437415],[127.041443,37.437109],[127.042646,37.436372],[127.044185,37.435055],[127.044364,37.434423],[127.044626,37.434068],[127.044951,37.433847],[127.045905,37.433481],[127.046307,37.433452],[127.046536,37.43265],[127.047224,37.43204],[127.047181,37.431732],[127.047369,37.430701],[127.047554,37.430607],[127.049579,37.43027],[127.049865,37.430309],[127.050193,37.429902],[127.050554,37.429729],[127.050918,37.42945],[127.051359,37.429198],[127.051417,37.429053],[127.052169,37.428339],[127.052396,37.428319],[127.052501,37.428446],[127.05291,37.428536],[127.05338,37.428752],[127.053684,37.428974],[127.05389,37.428982],[127.054768,37.429273],[127.055121,37.429292],[127.055338,37.429398],[127.055546,37.429361],[127.056107,37.42961],[127.056394,37.429581],[127.056808,37.42973],[127.05807,37.43001],[127.059057,37.429663],[127.059961,37.429568],[127.060207,37.429714],[127.060518,37.429764],[127.061145,37.429985]]]}},{"type":"Feature","properties":{"dong":"11650_잠원동","sgg_cd":"11650","emd_cd":"11650106","umd_nm":"잠원동","gu_name":"서초구"},"geometry":{"type":"Polygon","coordinates":[[[126.997428,37.517357],[127.001133,37.513596],[126.997757,37.511915],[127.001154,37.505002],[127.021326,37.511101],[127.020515,37.512799],[127.017822,37.521812],[127.01694,37.523024],[127.015221,37.524854],[127.014194,37.523695],[127.013564,37.523054],[127.013364,37.52291],[127.013172,37.52259],[127.008578,37.525594],[127.006491,37.52346],[127.006143,37.523218],[127.006142,37.522901],[127.00569,37.522902],[127.000994,37.519631],[126.997428,37.517357]]]}},{"type":"Feature","properties":{"dong":"11650_반포동","sgg_cd":"11650","emd_cd":"11650107","umd_nm":"반포동","gu_name":"서초구"},"geometry":{"type":"Polygon","coordinates":[[[127.000294,37.491814],[127.000864,37.491794],[127.001255,37.491977],[127.001506,37.492271],[127.001832,37.492782],[127.002241,37.493112],[127.002393,37.493492],[127.002943,37.494004],[127.003275,37.494397],[127.003549,37.495029],[127.003524,37.495969],[127.003984,37.496095],[127.004839,37.496611],[127.004974,37.496745],[127.005677,37.496846],[127.006147,37.496696],[127.006823,37.496787],[127.007152,37.496886],[127.00759,37.497182],[127.00843,37.497006],[127.008768,37.496801],[127.009615,37.49717],[127.010169,37.497296],[127.008809,37.49851],[127.009971,37.498508],[127.009975,37.498627],[127.012517,37.498972],[127.012393,37.499517],[127.013396,37.499663],[127.015861,37.501532],[127.016675,37.501114],[127.019759,37.499996],[127.018604,37.503034],[127.019368,37.503051],[127.020196,37.503189],[127.024485,37.504477],[127.021326,37.511101],[127.001154,37.505002],[126.997757,37.511915],[127.001133,37.513596],[126.997428,37.517357],[126.990702,37.51309],[126.985548,37.506543],[126.980407,37.506548],[126.980397,37.504589],[126.98013,37.504452],[126.980067,37.504364],[126.979854,37.504371],[126.979849,37.504172],[126.980149,37.503698],[126.980222,37.503206],[126.980327,37.502977],[126.980541,37.502691],[126.982027,37.502044],[126.984283,37.500714],[126.985581,37.499709],[126.985839,37.499379],[126.986555,37.498807],[126.986999,37.498638],[126.987294,37.498614],[126.987944,37.498638],[126.988744,37.49884],[126.988832,37.498751],[126.988833,37.498606],[126.98895,37.498521],[126.989047,37.498531],[126.989311,37.498394],[126.989309,37.498043],[126.989475,37.497991],[126.990589,37.497966],[126.990948,37.49785],[126.990995,37.497798],[126.991001,37.497514],[126.991421,37.497233],[126.992335,37.497029],[126.992816,37.496766],[126.992872,37.496471],[126.992796,37.496359],[126.993202,37.496085],[126.993215,37.496113],[126.993405,37.496043],[126.994155,37.496032],[126.994757,37.495853],[126.994828,37.495391],[126.995352,37.494739],[126.995382,37.494289],[126.995198,37.493968],[126.995634,37.494094],[126.996725,37.494161],[126.997133,37.493831],[126.997355,37.493875],[126.998405,37.493414],[126.999659,37.493137],[126.99981,37.493039],[127.000294,37.491814]]]}},{"type":"Feature","properties":{"dong":"11650_서초동","sgg_cd":"11650","emd_cd":"11650108","umd_nm":"서초동","gu_name":"서초구"},"geometry":{"type":"Polygon","coordinates":[[[127.024485,37.504477],[127.020196,37.503189],[127.019368,37.503051],[127.018604,37.503034],[127.019759,37.499996],[127.016675,37.501114],[127.015861,37.501532],[127.013396,37.499663],[127.012393,37.499517],[127.012517,37.498972],[127.009975,37.498627],[127.009971,37.498508],[127.008809,37.49851],[127.010169,37.497296],[127.009615,37.49717],[127.008768,37.496801],[127.00843,37.497006],[127.00759,37.497182],[127.007152,37.496886],[127.006823,37.496787],[127.006147,37.496696],[127.005677,37.496846],[127.004974,37.496745],[127.004839,37.496611],[127.003984,37.496095],[127.003524,37.495969],[127.003549,37.495029],[127.003275,37.494397],[127.002943,37.494004],[127.002393,37.493492],[127.002241,37.493112],[127.001832,37.492782],[127.001506,37.492271],[127.001255,37.491977],[127.000864,37.491794],[127.000294,37.491814],[126.999852,37.491565],[126.999825,37.49018],[127.000487,37.489722],[127.000414,37.48854],[127.000666,37.488112],[127.00099,37.487878],[127.001365,37.486838],[127.000648,37.485977],[127.000375,37.485704],[127.000241,37.485634],[127.000323,37.485399],[127.000589,37.485097],[127.000858,37.484383],[127.000753,37.483717],[127.000807,37.483563],[127.001739,37.483123],[127.001849,37.482718],[127.002138,37.482818],[127.002074,37.482467],[127.002228,37.482308],[127.004466,37.48274],[127.007041,37.477417],[127.007164,37.47748],[127.007402,37.477236],[127.007698,37.47665],[127.008231,37.476075],[127.010111,37.472544],[127.011061,37.472851],[127.011651,37.472856],[127.012111,37.473201],[127.012965,37.473325],[127.013548,37.473327],[127.013938,37.473226],[127.014888,37.473899],[127.01497,37.474313],[127.015377,37.474929],[127.015861,37.475203],[127.016389,37.475292],[127.016383,37.475608],[127.016533,37.476049],[127.017067,37.476348],[127.017524,37.4765],[127.018174,37.476537],[127.018528,37.476692],[127.019246,37.476842],[127.019737,37.477029],[127.020169,37.476967],[127.020566,37.477156],[127.021068,37.47728],[127.021634,37.477004],[127.021708,37.477455],[127.022171,37.478081],[127.022591,37.478391],[127.022762,37.478949],[127.022665,37.479019],[127.022795,37.479139],[127.023439,37.479398],[127.023992,37.479842],[127.02438,37.480613],[127.024602,37.480629],[127.025575,37.480866],[127.026498,37.4805],[127.027637,37.480726],[127.02782,37.480914],[127.028109,37.481046],[127.028552,37.481078],[127.028839,37.48094],[127.029328,37.48055],[127.03042,37.480299],[127.030672,37.480466],[127.031321,37.480738],[127.031814,37.480736],[127.032537,37.481012],[127.032852,37.481334],[127.033114,37.481494],[127.033318,37.481505],[127.033709,37.481912],[127.034305,37.482211],[127.034248,37.482508],[127.03439,37.482714],[127.034086,37.482967],[127.034093,37.483103],[127.033713,37.483848],[127.033651,37.484148],[127.03425,37.48396],[127.033856,37.484336],[127.034087,37.484369],[127.024485,37.504477]]]}},{"type":"Feature","properties":{"dong":"11650_내곡동","sgg_cd":"11650","emd_cd":"11650109","umd_nm":"내곡동","gu_name":"서초구"},"geometry":{"type":"Polygon","coordinates":[[[127.058603,37.45741],[127.059506,37.457015],[127.059173,37.45653],[127.059113,37.456322],[127.05943,37.455385],[127.059528,37.455206],[127.059737,37.455006],[127.060462,37.454683],[127.060083,37.454231],[127.058971,37.453354],[127.058755,37.452997],[127.058798,37.453066],[127.059151,37.452581],[127.061343,37.451468],[127.061529,37.451269],[127.061892,37.451083],[127.061977,37.450503],[127.06224,37.44988],[127.062205,37.449755],[127.063484,37.448382],[127.064136,37.447867],[127.064765,37.447493],[127.065752,37.44644],[127.06604,37.446357],[127.066417,37.446352],[127.066868,37.44655],[127.067687,37.446636],[127.068326,37.44643],[127.068717,37.446186],[127.069388,37.446022],[127.069809,37.445438],[127.070578,37.444945],[127.071204,37.444363],[127.071463,37.443758],[127.072095,37.442875],[127.072138,37.442263],[127.072249,37.4422],[127.072993,37.442017],[127.073853,37.442213],[127.074756,37.442219],[127.075243,37.441942],[127.07601,37.442139],[127.076721,37.441937],[127.076936,37.441715],[127.077078,37.441651],[127.077358,37.441631],[127.077602,37.441709],[127.077748,37.441863],[127.078179,37.441552],[127.07853,37.441557],[127.079083,37.441299],[127.079575,37.441386],[127.079961,37.441212],[127.080171,37.441051],[127.0807,37.441151],[127.08125,37.441119],[127.081444,37.441231],[127.082097,37.441351],[127.082432,37.441579],[127.082974,37.44232],[127.083208,37.442568],[127.083334,37.442957],[127.083805,37.443416],[127.083862,37.443921],[127.085703,37.444417],[127.086421,37.444262],[127.087304,37.444642],[127.087476,37.444802],[127.087855,37.444894],[127.088161,37.445385],[127.088237,37.446178],[127.088386,37.446397],[127.088277,37.446554],[127.088369,37.44724],[127.088642,37.447597],[127.088415,37.448075],[127.088326,37.448627],[127.088432,37.448994],[127.088959,37.449462],[127.088821,37.449749],[127.089542,37.450166],[127.089619,37.450886],[127.09014,37.451095],[127.090303,37.451266],[127.090959,37.452782],[127.091129,37.452956],[127.091882,37.453466],[127.092725,37.453634],[127.092815,37.453759],[127.093217,37.454716],[127.093142,37.454905],[127.093458,37.455549],[127.09354,37.455888],[127.093773,37.456077],[127.094312,37.456225],[127.095213,37.456321],[127.095464,37.457459],[127.09535,37.457912],[127.094931,37.458464],[127.095203,37.459439],[127.095105,37.45977],[127.095311,37.460045],[127.095658,37.460255],[127.095784,37.46061],[127.095697,37.460993],[127.094673,37.460918],[127.094144,37.461126],[127.093343,37.461248],[127.092097,37.462274],[127.092013,37.464794],[127.091925,37.465076],[127.091594,37.465568],[127.091175,37.465967],[127.090441,37.466932],[127.09014,37.466963],[127.089659,37.467293],[127.089451,37.467485],[127.089036,37.468056],[127.088929,37.467963],[127.088463,37.467989],[127.088125,37.468257],[127.087808,37.469044],[127.087579,37.469264],[127.087573,37.469622],[127.087181,37.469812],[127.086753,37.470513],[127.08657,37.47068],[127.085878,37.470993],[127.08503,37.471106],[127.08413,37.472787],[127.084508,37.474033],[127.084452,37.474665],[127.084509,37.474998],[127.084877,37.47535],[127.084516,37.475455],[127.083948,37.475256],[127.083183,37.475366],[127.082745,37.475126],[127.082031,37.47515],[127.079104,37.474663],[127.07887,37.474674],[127.078503,37.474841],[127.077873,37.474617],[127.076873,37.475068],[127.076463,37.474454],[127.075314,37.473428],[127.074226,37.472917],[127.073839,37.472902],[127.07317,37.472227],[127.072688,37.47192],[127.071934,37.47184],[127.071741,37.471689],[127.071313,37.471479],[127.070732,37.471306],[127.070422,37.470994],[127.069909,37.470863],[127.069563,37.470991],[127.068547,37.470957],[127.067836,37.470384],[127.067164,37.470215],[127.066442,37.470102],[127.06622,37.469857],[127.065878,37.469748],[127.065596,37.4695],[127.065075,37.469294],[127.064134,37.469179],[127.063799,37.468972],[127.063222,37.469005],[127.062597,37.469296],[127.062363,37.469287],[127.06213,37.469053],[127.061732,37.468988],[127.061609,37.468919],[127.061438,37.469012],[127.062079,37.467953],[127.062428,37.466235],[127.062274,37.465711],[127.062305,37.464255],[127.062082,37.463722],[127.062137,37.463424],[127.062372,37.462956],[127.06179,37.462628],[127.060975,37.461941],[127.0606,37.461726],[127.059837,37.461478],[127.059588,37.461337],[127.059014,37.460817],[127.058856,37.46062],[127.058926,37.46027],[127.059055,37.460029],[127.059225,37.459855],[127.058623,37.459115],[127.058733,37.457858],[127.058603,37.45741]]]}},{"type":"Feature","properties":{"dong":"11650_염곡동","sgg_cd":"11650","emd_cd":"11650110","umd_nm":"염곡동","gu_name":"서초구"},"geometry":{"type":"Polygon","coordinates":[[[127.043012,37.465656],[127.045138,37.46371],[127.045881,37.463198],[127.046633,37.462811],[127.046906,37.462513],[127.047173,37.462408],[127.047292,37.462029],[127.047849,37.461077],[127.047974,37.460633],[127.047783,37.46054],[127.04792,37.460187],[127.047889,37.459879],[127.048017,37.459558],[127.048201,37.459274],[127.048479,37.458992],[127.04876,37.458481],[127.049007,37.458265],[127.049658,37.457916],[127.049874,37.457675],[127.050276,37.457048],[127.050842,37.457271],[127.051852,37.457419],[127.052456,37.457596],[127.052892,37.457527],[127.053863,37.457629],[127.054236,37.457342],[127.054834,37.457086],[127.055205,37.456842],[127.056684,37.456664],[127.056918,37.456952],[127.05726,37.45679],[127.057603,37.456963],[127.057743,37.456887],[127.057803,37.456751],[127.057969,37.456752],[127.058358,37.456899],[127.058427,37.45688],[127.058733,37.457858],[127.058623,37.459115],[127.059225,37.459855],[127.059055,37.460029],[127.058926,37.46027],[127.058856,37.46062],[127.059014,37.460817],[127.059588,37.461337],[127.059837,37.461478],[127.0606,37.461726],[127.060975,37.461941],[127.06179,37.462628],[127.062372,37.462956],[127.062137,37.463424],[127.062082,37.463722],[127.062305,37.464255],[127.062274,37.465711],[127.062428,37.466235],[127.062079,37.467953],[127.061438,37.469012],[127.061,37.469036],[127.06079,37.468946],[127.06033,37.46915],[127.060027,37.469109],[127.059078,37.469237],[127.058675,37.468948],[127.057826,37.468951],[127.057203,37.46907],[127.056492,37.468525],[127.056022,37.468496],[127.055392,37.46887],[127.055024,37.468908],[127.054869,37.468661],[127.054193,37.468174],[127.053577,37.46813],[127.053211,37.468203],[127.052985,37.468094],[127.052343,37.467956],[127.05127,37.467456],[127.050728,37.467279],[127.050744,37.467404],[127.05089,37.467555],[127.051074,37.468611],[127.051015,37.469349],[127.050425,37.469769],[127.050264,37.469732],[127.048859,37.469893],[127.043012,37.465656]]]}},{"type":"Feature","properties":{"dong":"11650_신원동","sgg_cd":"11650","emd_cd":"11650111","umd_nm":"신원동","gu_name":"서초구"},"geometry":{"type":"Polygon","coordinates":[[[127.05061,37.453356],[127.050479,37.453059],[127.050522,37.452826],[127.050962,37.451945],[127.051928,37.451028],[127.0529,37.450348],[127.052998,37.450211],[127.052967,37.449878],[127.053393,37.449384],[127.053514,37.449168],[127.053628,37.449073],[127.053894,37.448978],[127.054197,37.44864],[127.054284,37.448455],[127.054666,37.448088],[127.054877,37.447948],[127.05509,37.447708],[127.05534,37.447532],[127.055692,37.447166],[127.055738,37.447007],[127.055997,37.446652],[127.056393,37.446505],[127.056711,37.446467],[127.056911,37.446303],[127.057075,37.445956],[127.057088,37.445627],[127.057634,37.44525],[127.057662,37.445175],[127.057702,37.445186],[127.057755,37.445121],[127.057708,37.445115],[127.058027,37.444621],[127.058249,37.444483],[127.058377,37.444311],[127.058477,37.443847],[127.058587,37.443591],[127.058523,37.443369],[127.058584,37.443228],[127.058601,37.442993],[127.058747,37.442788],[127.058791,37.442595],[127.059064,37.442177],[127.059459,37.441799],[127.059641,37.441345],[127.059825,37.441116],[127.060033,37.440967],[127.060573,37.440786],[127.060896,37.440485],[127.06127,37.440268],[127.061705,37.439847],[127.061877,37.439543],[127.062063,37.439369],[127.062701,37.438966],[127.062948,37.438587],[127.063309,37.438264],[127.06353,37.437899],[127.06355,37.437627],[127.063652,37.437431],[127.063556,37.437521],[127.063485,37.437435],[127.063615,37.436996],[127.06399,37.436157],[127.063924,37.435601],[127.063359,37.434452],[127.063495,37.433908],[127.063273,37.433805],[127.062966,37.43347],[127.062006,37.433011],[127.061991,37.432686],[127.062066,37.432466],[127.062097,37.432043],[127.062052,37.431786],[127.061813,37.431395],[127.061957,37.431078],[127.061672,37.430706],[127.061169,37.430438],[127.061145,37.429985],[127.06288,37.429703],[127.063316,37.429751],[127.063462,37.429592],[127.063656,37.429532],[127.064385,37.429113],[127.064669,37.429171],[127.065073,37.428987],[127.065681,37.428985],[127.065698,37.429158],[127.065961,37.429532],[127.066577,37.429973],[127.066586,37.430052],[127.0667,37.430128],[127.06783,37.430406],[127.06827,37.430679],[127.06875,37.430456],[127.068964,37.430432],[127.069615,37.430611],[127.069911,37.430863],[127.069819,37.430969],[127.069873,37.430972],[127.070032,37.43091],[127.070335,37.430479],[127.070883,37.430186],[127.070952,37.430213],[127.071179,37.430502],[127.071206,37.430817],[127.07096,37.431696],[127.070629,37.432044],[127.070571,37.432416],[127.07073,37.43294],[127.07091,37.433095],[127.071004,37.433341],[127.071119,37.433401],[127.071519,37.434117],[127.071502,37.434445],[127.071546,37.434529],[127.071484,37.434637],[127.071445,37.435037],[127.071274,37.435349],[127.071272,37.435601],[127.071439,37.435863],[127.071688,37.435981],[127.071964,37.436054],[127.072093,37.436161],[127.072779,37.436299],[127.073024,37.436407],[127.073203,37.436669],[127.07356,37.436963],[127.073843,37.437407],[127.07376,37.437789],[127.072966,37.438208],[127.07249,37.438592],[127.072007,37.438856],[127.072211,37.439382],[127.071861,37.441029],[127.071626,37.441523],[127.071702,37.441703],[127.071915,37.441925],[127.072138,37.442263],[127.072095,37.442875],[127.071463,37.443758],[127.071204,37.444363],[127.070578,37.444945],[127.069809,37.445438],[127.069388,37.446022],[127.068717,37.446186],[127.068326,37.44643],[127.067687,37.446636],[127.066868,37.44655],[127.066417,37.446352],[127.06604,37.446357],[127.065752,37.44644],[127.064765,37.447493],[127.064136,37.447867],[127.063484,37.448382],[127.062205,37.449755],[127.06224,37.44988],[127.061977,37.450503],[127.061892,37.451083],[127.061529,37.451269],[127.061343,37.451468],[127.059151,37.452581],[127.058798,37.453066],[127.058755,37.452997],[127.058971,37.453354],[127.060083,37.454231],[127.060462,37.454683],[127.059737,37.455006],[127.059528,37.455206],[127.05943,37.455385],[127.059113,37.456322],[127.059173,37.45653],[127.059506,37.457015],[127.058603,37.45741],[127.058427,37.45688],[127.058358,37.456899],[127.057969,37.456752],[127.057803,37.456751],[127.057743,37.456887],[127.057603,37.456963],[127.05726,37.45679],[127.056918,37.456952],[127.056684,37.456664],[127.055205,37.456842],[127.054834,37.457086],[127.054236,37.457342],[127.053863,37.457629],[127.052892,37.457527],[127.052456,37.457596],[127.051852,37.457419],[127.050842,37.457271],[127.050276,37.457048],[127.049874,37.457675],[127.049658,37.457916],[127.049007,37.458265],[127.04876,37.458481],[127.048479,37.458992],[127.048201,37.459274],[127.048017,37.459558],[127.047889,37.459879],[127.04792,37.460187],[127.047783,37.46054],[127.047468,37.460388],[127.047125,37.460797],[127.046368,37.461172],[127.04595,37.46129],[127.045431,37.461299],[127.045476,37.460971],[127.045901,37.460426],[127.045983,37.459681],[127.046056,37.459486],[127.046373,37.458967],[127.046656,37.458637],[127.046819,37.458255],[127.047728,37.457497],[127.048779,37.456472],[127.049586,37.455766],[127.049994,37.454994],[127.050599,37.454],[127.050696,37.453753],[127.05061,37.453356]]]}},{"type":"Feature","properties":{"dong":"11680_역삼동","sgg_cd":"11680","emd_cd":"11680101","umd_nm":"역삼동","gu_name":"강남구"},"geometry":{"type":"Polygon","coordinates":[[[127.043852,37.510275],[127.038472,37.508697],[127.024485,37.504477],[127.031611,37.489554],[127.031875,37.489635],[127.031964,37.48945],[127.03201,37.489532],[127.034557,37.490314],[127.034558,37.490459],[127.046717,37.494191],[127.052863,37.496307],[127.048289,37.505948],[127.047984,37.506344],[127.047594,37.506695],[127.045241,37.508158],[127.044746,37.50856],[127.044478,37.508871],[127.044268,37.509208],[127.043852,37.510275]]]}},{"type":"Feature","properties":{"dong":"11680_개포동","sgg_cd":"11680","emd_cd":"11680103","umd_nm":"개포동","gu_name":"강남구"},"geometry":{"type":"Polygon","coordinates":[[[127.08079,37.496278],[127.078489,37.497611],[127.078429,37.497438],[127.07476,37.496259],[127.074681,37.496177],[127.074406,37.495246],[127.074091,37.494701],[127.073743,37.494244],[127.072183,37.494246],[127.069758,37.491893],[127.068145,37.490929],[127.066896,37.490447],[127.06112,37.489383],[127.059238,37.48893],[127.057071,37.487972],[127.047959,37.482536],[127.044658,37.480726],[127.044005,37.479942],[127.04519,37.477355],[127.045404,37.477112],[127.045641,37.476997],[127.045924,37.476724],[127.046069,37.476471],[127.0509,37.47181],[127.051181,37.471789],[127.048669,37.470059],[127.048859,37.469893],[127.049522,37.469838],[127.050308,37.46968],[127.050446,37.469734],[127.05105,37.469365],[127.05112,37.468537],[127.050952,37.467585],[127.050773,37.467399],[127.050799,37.467245],[127.051327,37.467426],[127.051968,37.467746],[127.053078,37.468012],[127.053313,37.468127],[127.053587,37.468011],[127.054237,37.468054],[127.054937,37.468565],[127.055056,37.468797],[127.05537,37.468761],[127.056118,37.468373],[127.056591,37.468429],[127.057186,37.468943],[127.057808,37.468845],[127.058727,37.468851],[127.05911,37.469159],[127.059994,37.469075],[127.060414,37.469098],[127.060918,37.468918],[127.061041,37.468993],[127.061656,37.469],[127.06185,37.46908],[127.062153,37.469118],[127.062423,37.46936],[127.062606,37.469378],[127.063247,37.469079],[127.063866,37.469033],[127.064187,37.469242],[127.065113,37.469371],[127.065678,37.46959],[127.065941,37.469841],[127.066267,37.469937],[127.066468,37.470175],[127.067891,37.470465],[127.068591,37.471061],[127.069656,37.471105],[127.069931,37.47099],[127.070169,37.471038],[127.07041,37.471093],[127.070748,37.471416],[127.071351,37.471578],[127.071744,37.471768],[127.071901,37.471923],[127.072689,37.471995],[127.073854,37.472982],[127.074226,37.472989],[127.075367,37.473496],[127.076505,37.474493],[127.076924,37.475242],[127.076642,37.475398],[127.076094,37.475389],[127.075788,37.475622],[127.074352,37.476155],[127.073864,37.477376],[127.073246,37.47778],[127.072893,37.478195],[127.072694,37.478671],[127.072592,37.479377],[127.07311,37.479605],[127.073555,37.479995],[127.074787,37.480577],[127.075114,37.480996],[127.075686,37.48223],[127.076056,37.482617],[127.07592,37.48304],[127.076745,37.484028],[127.0774,37.484712],[127.078026,37.486118],[127.077659,37.486517],[127.077522,37.486801],[127.077201,37.486782],[127.076635,37.486493],[127.076344,37.486388],[127.076255,37.486397],[127.075622,37.486026],[127.072659,37.49155],[127.072918,37.491684],[127.072989,37.491664],[127.080349,37.494063],[127.080269,37.494206],[127.080375,37.494231],[127.080284,37.494419],[127.080667,37.494726],[127.081278,37.495385],[127.081422,37.495482],[127.08079,37.496278]]]}},{"type":"Feature","properties":{"dong":"11680_청담동","sgg_cd":"11680","emd_cd":"11680104","umd_nm":"청담동","gu_name":"강남구"},"geometry":{"type":"Polygon","coordinates":[[[127.049467,37.53227],[127.046514,37.533933],[127.045371,37.530172],[127.044956,37.530307],[127.04376,37.527028],[127.040694,37.527811],[127.039058,37.52318],[127.041271,37.517218],[127.057048,37.520048],[127.062334,37.521887],[127.062542,37.521891],[127.062698,37.521826],[127.062831,37.521954],[127.063146,37.521653],[127.063711,37.521609],[127.065465,37.525088],[127.060794,37.526881],[127.055133,37.528675],[127.049467,37.53227]]]}},{"type":"Feature","properties":{"dong":"11680_삼성동","sgg_cd":"11680","emd_cd":"11680105","umd_nm":"삼성동","gu_name":"강남구"},"geometry":{"type":"Polygon","coordinates":[[[127.041271,37.517218],[127.044149,37.509474],[127.044365,37.509036],[127.044674,37.508635],[127.045064,37.508283],[127.047418,37.506819],[127.047912,37.506418],[127.048342,37.50586],[127.048986,37.504515],[127.066504,37.509888],[127.068868,37.5103],[127.067942,37.517883],[127.0679,37.518583],[127.067803,37.519198],[127.067724,37.519324],[127.067619,37.520907],[127.067518,37.524633],[127.066455,37.525089],[127.065465,37.525087],[127.063711,37.521609],[127.063146,37.521653],[127.062831,37.521954],[127.062698,37.521826],[127.062542,37.521891],[127.062334,37.521887],[127.057048,37.520048],[127.041271,37.517218]]]}},{"type":"Feature","properties":{"dong":"11680_대치동","sgg_cd":"11680","emd_cd":"11680106","umd_nm":"대치동","gu_name":"강남구"},"geometry":{"type":"Polygon","coordinates":[[[127.048986,37.504515],[127.055486,37.490759],[127.055435,37.490734],[127.056426,37.487586],[127.057079,37.487976],[127.059238,37.48893],[127.06112,37.489383],[127.066896,37.490447],[127.068145,37.490929],[127.069758,37.491893],[127.072183,37.494246],[127.073743,37.494244],[127.074091,37.494701],[127.074406,37.495246],[127.074681,37.496177],[127.07476,37.496259],[127.078429,37.497438],[127.078489,37.497611],[127.078789,37.49742],[127.079485,37.498245],[127.080289,37.499584],[127.079926,37.501086],[127.076987,37.502067],[127.069815,37.502738],[127.069684,37.50347],[127.068869,37.5103],[127.066504,37.509888],[127.048986,37.504515]]]}},{"type":"Feature","properties":{"dong":"11680_신사동","sgg_cd":"11680","emd_cd":"11680107","umd_nm":"신사동","gu_name":"강남구"},"geometry":{"type":"MultiPolygon","coordinates":[[[[127.017822,37.521812],[127.019525,37.516112],[127.028065,37.51969],[127.039058,37.52318],[127.040694,37.527811],[127.036199,37.528955],[127.035345,37.529106],[127.034474,37.52917],[127.033774,37.529155],[127.033079,37.529084],[127.03223,37.528915],[127.031575,37.528718],[127.030798,37.528398],[127.017822,37.521812]]],[[[127.015231,37.524845],[127.016381,37.526005],[127.013651,37.528601],[127.012411,37.529718],[127.011349,37.528596],[127.009886,37.526914],[127.008595,37.525589],[127.013187,37.522583],[127.013386,37.522906],[127.013863,37.523335],[127.015231,37.524845]]]]}},{"type":"Feature","properties":{"dong":"11680_논현동","sgg_cd":"11680","emd_cd":"11680108","umd_nm":"논현동","gu_name":"강남구"},"geometry":{"type":"Polygon","coordinates":[[[127.043852,37.510275],[127.039058,37.52318],[127.028065,37.51969],[127.019525,37.516112],[127.020515,37.512799],[127.024485,37.504477],[127.038472,37.508697],[127.043852,37.510275]]]}},{"type":"Feature","properties":{"dong":"11680_압구정동","sgg_cd":"11680","emd_cd":"11680110","umd_nm":"압구정동","gu_name":"강남구"},"geometry":{"type":"Polygon","coordinates":[[[127.013651,37.528601],[127.016381,37.526005],[127.015231,37.524845],[127.01694,37.523024],[127.017822,37.521812],[127.030798,37.528398],[127.031737,37.528772],[127.032736,37.529027],[127.033425,37.529127],[127.034299,37.529171],[127.035172,37.529126],[127.035861,37.529026],[127.04376,37.527028],[127.044956,37.530307],[127.045371,37.530172],[127.046514,37.533933],[127.046002,37.534272],[127.039664,37.535857],[127.021172,37.535823],[127.017741,37.534251],[127.015532,37.532435],[127.014896,37.532207],[127.012656,37.52974],[127.013651,37.528601]]]}},{"type":"Feature","properties":{"dong":"11680_세곡동","sgg_cd":"11680","emd_cd":"11680111","umd_nm":"세곡동","gu_name":"강남구"},"geometry":{"type":"Polygon","coordinates":[[[127.089038,37.46824],[127.089447,37.467671],[127.089708,37.46742],[127.090135,37.467144],[127.09043,37.467148],[127.091142,37.46614],[127.091599,37.465741],[127.091943,37.465213],[127.092029,37.46494],[127.092087,37.463891],[127.092021,37.463634],[127.09191,37.462306],[127.093089,37.46128],[127.093872,37.461176],[127.094355,37.460977],[127.095656,37.461015],[127.095718,37.460694],[127.095556,37.460257],[127.095236,37.460078],[127.095011,37.459797],[127.095142,37.459479],[127.094845,37.458515],[127.095372,37.457815],[127.09544,37.45756],[127.095214,37.456391],[127.095769,37.456519],[127.096365,37.456346],[127.098237,37.456371],[127.098685,37.456148],[127.098893,37.456116],[127.099095,37.456218],[127.099306,37.456677],[127.099506,37.456912],[127.099738,37.457354],[127.100766,37.457759],[127.101059,37.457989],[127.101278,37.458241],[127.101165,37.45854],[127.101381,37.458972],[127.101852,37.459178],[127.101953,37.459349],[127.102287,37.459538],[127.102634,37.459867],[127.102692,37.459724],[127.103443,37.459751],[127.103811,37.459928],[127.103941,37.460051],[127.104023,37.460557],[127.104472,37.461029],[127.10478,37.46116],[127.104471,37.461755],[127.104341,37.462174],[127.10503,37.462141],[127.105608,37.462178],[127.105925,37.462354],[127.106167,37.462406],[127.106672,37.462411],[127.10688,37.46237],[127.107301,37.46218],[127.108153,37.462274],[127.108686,37.462156],[127.109459,37.461871],[127.109891,37.461941],[127.110638,37.461793],[127.11182,37.461644],[127.11223,37.461505],[127.112975,37.461134],[127.113334,37.461087],[127.113335,37.460905],[127.113291,37.460837],[127.112763,37.46053],[127.113233,37.460353],[127.113271,37.460054],[127.113536,37.459801],[127.113737,37.45972],[127.113955,37.459516],[127.114362,37.459378],[127.114592,37.459238],[127.115148,37.45906],[127.115285,37.458966],[127.115496,37.458697],[127.115893,37.458592],[127.116896,37.45864],[127.116899,37.460401],[127.116989,37.461484],[127.117474,37.4622],[127.118326,37.462695],[127.119204,37.463126],[127.120104,37.463493],[127.120745,37.463892],[127.121439,37.464372],[127.121859,37.465138],[127.12218,37.465222],[127.122689,37.465599],[127.122785,37.465602],[127.122938,37.465819],[127.123426,37.466078],[127.123767,37.466333],[127.124206,37.46652],[127.119703,37.472761],[127.11972,37.472546],[127.119369,37.471941],[127.119876,37.471274],[127.119881,37.471099],[127.120218,37.470556],[127.121261,37.469566],[127.122161,37.468528],[127.122239,37.468062],[127.121887,37.468063],[127.121459,37.467996],[127.120848,37.467721],[127.12066,37.467566],[127.120517,37.467529],[127.119626,37.467545],[127.118901,37.467494],[127.118806,37.467289],[127.118088,37.467189],[127.117719,37.467004],[127.116702,37.466649],[127.116079,37.466608],[127.115081,37.466075],[127.115092,37.4664],[127.114622,37.466574],[127.114112,37.466654],[127.113445,37.466878],[127.112878,37.467497],[127.112472,37.467616],[127.112046,37.467636],[127.111477,37.467805],[127.110951,37.468153],[127.110322,37.468118],[127.109973,37.468022],[127.108822,37.467908],[127.108504,37.467635],[127.10742,37.46747],[127.107153,37.467171],[127.10632,37.465862],[127.105702,37.465915],[127.105401,37.466047],[127.104706,37.466203],[127.104646,37.466398],[127.104092,37.467052],[127.104027,37.467471],[127.104089,37.467555],[127.104071,37.467721],[127.104245,37.467805],[127.10425,37.46787],[127.104145,37.467928],[127.103842,37.467882],[127.103697,37.468062],[127.103532,37.468081],[127.103248,37.468329],[127.10309,37.468393],[127.102902,37.46867],[127.102631,37.468849],[127.102446,37.469103],[127.10239,37.469488],[127.101385,37.469855],[127.101137,37.470088],[127.100369,37.470455],[127.099595,37.470581],[127.098951,37.470498],[127.097865,37.470097],[127.097141,37.470063],[127.09659,37.470113],[127.096071,37.470091],[127.095788,37.470224],[127.095583,37.470117],[127.094986,37.470199],[127.094657,37.470087],[127.094135,37.470129],[127.093174,37.469555],[127.092785,37.469694],[127.092295,37.469376],[127.092064,37.468958],[127.091967,37.468915],[127.091645,37.469114],[127.091638,37.469246],[127.090127,37.468829],[127.090096,37.468717],[127.090204,37.468515],[127.089038,37.46824]]]}},{"type":"Feature","properties":{"dong":"11680_자곡동","sgg_cd":"11680","emd_cd":"11680112","umd_nm":"자곡동","gu_name":"강남구"},"geometry":{"type":"Polygon","coordinates":[[[127.103384,37.471615],[127.103737,37.471892],[127.103852,37.472137],[127.104598,37.47294],[127.10501,37.473164],[127.105069,37.473368],[127.10537,37.473398],[127.105644,37.473522],[127.105893,37.4738],[127.106076,37.474325],[127.106145,37.474264],[127.106043,37.474403],[127.106412,37.474463],[127.106129,37.475625],[127.10657,37.475445],[127.106485,37.475368],[127.106583,37.475332],[127.106614,37.475074],[127.106707,37.474931],[127.106754,37.474525],[127.107013,37.473579],[127.10714,37.473541],[127.107668,37.473873],[127.108338,37.474164],[127.108628,37.474201],[127.109269,37.474184],[127.109756,37.474048],[127.111307,37.473184],[127.111657,37.473173],[127.113566,37.473969],[127.113375,37.474254],[127.11438,37.476916],[127.114767,37.477068],[127.115036,37.477279],[127.1152,37.477346],[127.115341,37.477535],[127.115416,37.477556],[127.115864,37.477455],[127.116038,37.477603],[127.112966,37.481724],[127.111655,37.483794],[127.110956,37.483468],[127.110906,37.483379],[127.11091,37.483079],[127.110845,37.483043],[127.110667,37.483024],[127.11002,37.483196],[127.108359,37.483063],[127.108303,37.483121],[127.108117,37.483118],[127.108049,37.483056],[127.106811,37.482794],[127.10619,37.482851],[127.105598,37.482758],[127.10528,37.482884],[127.104834,37.48339],[127.104334,37.484127],[127.103792,37.485143],[127.102764,37.485019],[127.102433,37.484811],[127.10163,37.484529],[127.101402,37.48398],[127.100772,37.483226],[127.100486,37.483392],[127.099795,37.483217],[127.099229,37.482929],[127.098577,37.482494],[127.098335,37.482233],[127.09811,37.482143],[127.097731,37.48164],[127.097579,37.481034],[127.097983,37.480467],[127.098215,37.480334],[127.098232,37.479855],[127.098047,37.479384],[127.098416,37.478722],[127.098483,37.47822],[127.098102,37.478026],[127.097833,37.477985],[127.096959,37.478266],[127.095355,37.477988],[127.093273,37.477815],[127.092314,37.477613],[127.091705,37.477813],[127.091659,37.477959],[127.089857,37.477259],[127.089537,37.476649],[127.089028,37.476706],[127.088378,37.476215],[127.086343,37.476317],[127.085833,37.476135],[127.085684,37.475932],[127.084939,37.47566],[127.08446,37.475143],[127.084446,37.474605],[127.084521,37.474276],[127.084136,37.473],[127.085017,37.4713],[127.085886,37.471215],[127.086604,37.47085],[127.086761,37.470702],[127.087163,37.469979],[127.087564,37.469845],[127.087558,37.469426],[127.087794,37.469248],[127.088128,37.468488],[127.088422,37.468202],[127.088975,37.468148],[127.089038,37.46824],[127.090204,37.468515],[127.090096,37.468717],[127.090127,37.468829],[127.091638,37.469246],[127.091645,37.469114],[127.091967,37.468915],[127.092064,37.468958],[127.092295,37.469376],[127.092785,37.469694],[127.093174,37.469555],[127.094135,37.470129],[127.094657,37.470087],[127.094986,37.470199],[127.095583,37.470117],[127.095788,37.470224],[127.096071,37.470091],[127.09659,37.470113],[127.097141,37.470063],[127.097865,37.470097],[127.098951,37.470498],[127.099595,37.470581],[127.100369,37.470455],[127.10067,37.470319],[127.102,37.471258],[127.102474,37.471403],[127.10301,37.471459],[127.103384,37.471615]]]}},{"type":"Feature","properties":{"dong":"11680_율현동","sgg_cd":"11680","emd_cd":"11680113","umd_nm":"율현동","gu_name":"강남구"},"geometry":{"type":"Polygon","coordinates":[[[127.10067,37.470319],[127.101137,37.470088],[127.101385,37.469855],[127.10239,37.469488],[127.102446,37.469103],[127.102631,37.468849],[127.102902,37.46867],[127.10309,37.468393],[127.103248,37.468329],[127.103532,37.468081],[127.103697,37.468062],[127.103842,37.467882],[127.104145,37.467928],[127.10425,37.46787],[127.104245,37.467805],[127.104071,37.467721],[127.104089,37.467555],[127.104027,37.467471],[127.104092,37.467052],[127.104646,37.466398],[127.104706,37.466203],[127.105401,37.466047],[127.105702,37.465915],[127.106076,37.465874],[127.10632,37.465862],[127.107153,37.467171],[127.10742,37.46747],[127.108504,37.467635],[127.108822,37.467908],[127.109973,37.468022],[127.110322,37.468118],[127.110951,37.468153],[127.111477,37.467805],[127.112046,37.467636],[127.112472,37.467616],[127.112878,37.467497],[127.113445,37.466878],[127.114112,37.466654],[127.114622,37.466574],[127.115092,37.4664],[127.115081,37.466075],[127.116079,37.466608],[127.116702,37.466649],[127.117719,37.467004],[127.118088,37.467189],[127.118806,37.467289],[127.118901,37.467494],[127.119626,37.467545],[127.120517,37.467529],[127.12066,37.467566],[127.120848,37.467721],[127.121459,37.467996],[127.121887,37.468063],[127.122239,37.468062],[127.122161,37.468528],[127.121261,37.469566],[127.120218,37.470556],[127.119881,37.471099],[127.119876,37.471274],[127.119369,37.471941],[127.119718,37.472586],[127.117932,37.475105],[127.116038,37.477603],[127.115864,37.477455],[127.115416,37.477556],[127.115341,37.477535],[127.1152,37.477346],[127.115036,37.477279],[127.114767,37.477068],[127.11438,37.476916],[127.113375,37.474254],[127.113566,37.473969],[127.111657,37.473173],[127.111307,37.473184],[127.109756,37.474048],[127.109269,37.474184],[127.108628,37.474201],[127.108338,37.474164],[127.107668,37.473873],[127.10714,37.473541],[127.107013,37.473579],[127.106754,37.474525],[127.106707,37.474931],[127.106614,37.475074],[127.106583,37.475332],[127.106485,37.475368],[127.10657,37.475445],[127.106129,37.475625],[127.106412,37.474463],[127.106043,37.474403],[127.106145,37.474264],[127.106076,37.474325],[127.105893,37.4738],[127.105645,37.473522],[127.105371,37.473398],[127.10507,37.473368],[127.105011,37.473164],[127.104599,37.472939],[127.103852,37.472137],[127.103737,37.471892],[127.103384,37.471615],[127.10301,37.471459],[127.102474,37.471403],[127.102,37.471258],[127.10067,37.470319]]]}},{"type":"Feature","properties":{"dong":"11680_일원동","sgg_cd":"11680","emd_cd":"11680114","umd_nm":"일원동","gu_name":"강남구"},"geometry":{"type":"Polygon","coordinates":[[[127.097401,37.49519],[127.097802,37.495477],[127.097138,37.495834],[127.094794,37.496682],[127.084212,37.49965],[127.079926,37.501086],[127.080289,37.499584],[127.079485,37.498245],[127.078789,37.49742],[127.08079,37.496278],[127.081422,37.495482],[127.081278,37.495385],[127.080667,37.494726],[127.080284,37.494419],[127.080375,37.494231],[127.080269,37.494206],[127.080349,37.494063],[127.072989,37.491664],[127.072918,37.491684],[127.072659,37.49155],[127.075622,37.486026],[127.076255,37.486397],[127.076344,37.486388],[127.076635,37.486493],[127.077201,37.486782],[127.077522,37.486801],[127.077659,37.486517],[127.078026,37.486118],[127.0774,37.484712],[127.076745,37.484028],[127.07592,37.48304],[127.076056,37.482617],[127.075686,37.48223],[127.075114,37.480996],[127.074787,37.480577],[127.073555,37.479995],[127.07311,37.479605],[127.072592,37.479377],[127.072694,37.478671],[127.072893,37.478195],[127.073246,37.47778],[127.073864,37.477376],[127.074352,37.476155],[127.075788,37.475622],[127.076094,37.475389],[127.076642,37.475398],[127.076924,37.475242],[127.077963,37.474854],[127.07853,37.475096],[127.078993,37.474916],[127.08176,37.475444],[127.082745,37.475473],[127.083239,37.475703],[127.083852,37.475591],[127.084478,37.475796],[127.084939,37.47566],[127.085327,37.475826],[127.085241,37.477236],[127.085665,37.478922],[127.085436,37.479489],[127.085285,37.479959],[127.085386,37.479949],[127.085344,37.479786],[127.085499,37.479773],[127.08584,37.479927],[127.086378,37.480409],[127.08687,37.480955],[127.086795,37.481243],[127.086916,37.481545],[127.08691,37.48182],[127.086788,37.481859],[127.086919,37.482042],[127.086954,37.482209],[127.086129,37.485889],[127.085736,37.485886],[127.085649,37.486781],[127.085684,37.486653],[127.085897,37.486896],[127.086269,37.48708],[127.086993,37.487288],[127.088995,37.48747],[127.089456,37.487658],[127.090227,37.48741],[127.090675,37.4876],[127.090911,37.487969],[127.091653,37.488381],[127.091694,37.48891],[127.091452,37.489707],[127.090337,37.490649],[127.090147,37.490978],[127.089858,37.491287],[127.089742,37.49115],[127.08971,37.491169],[127.089822,37.491292],[127.091212,37.491684],[127.09425,37.492255],[127.093627,37.492616],[127.092052,37.493361],[127.091661,37.493622],[127.091736,37.493683],[127.09322,37.494007],[127.093857,37.494102],[127.095136,37.494548],[127.095606,37.494897],[127.096391,37.494911],[127.097401,37.49519]]]}},{"type":"Feature","properties":{"dong":"11680_수서동","sgg_cd":"11680","emd_cd":"11680115","umd_nm":"수서동","gu_name":"강남구"},"geometry":{"type":"Polygon","coordinates":[[[127.097401,37.49519],[127.096391,37.494911],[127.095606,37.494897],[127.095136,37.494548],[127.093857,37.494102],[127.09322,37.494007],[127.091736,37.493683],[127.091661,37.493622],[127.092052,37.493361],[127.093627,37.492616],[127.09425,37.492255],[127.091212,37.491684],[127.089822,37.491292],[127.08971,37.491169],[127.089742,37.49115],[127.089858,37.491287],[127.090147,37.490978],[127.090337,37.490649],[127.091452,37.489707],[127.091694,37.48891],[127.091653,37.488381],[127.090911,37.487969],[127.090675,37.4876],[127.090227,37.48741],[127.089456,37.487658],[127.088995,37.48747],[127.086993,37.487288],[127.086269,37.48708],[127.085897,37.486896],[127.085684,37.486653],[127.085649,37.486781],[127.085736,37.485886],[127.086129,37.485889],[127.086954,37.482209],[127.086919,37.482042],[127.086788,37.481859],[127.08691,37.48182],[127.086916,37.481545],[127.086795,37.481243],[127.08687,37.480955],[127.086378,37.480409],[127.08584,37.479927],[127.085499,37.479773],[127.085344,37.479786],[127.085386,37.479949],[127.085285,37.479959],[127.085436,37.479489],[127.085665,37.478922],[127.085241,37.477236],[127.085327,37.475826],[127.085684,37.475932],[127.085833,37.476135],[127.086343,37.476317],[127.088378,37.476215],[127.089028,37.476706],[127.089537,37.476649],[127.089857,37.477259],[127.091659,37.477959],[127.091705,37.477813],[127.092314,37.477613],[127.093273,37.477815],[127.095355,37.477988],[127.096959,37.478266],[127.097833,37.477985],[127.098102,37.478026],[127.098318,37.478128],[127.098483,37.47822],[127.098416,37.478722],[127.098047,37.479384],[127.098232,37.479855],[127.09825,37.480125],[127.098215,37.480334],[127.097983,37.480467],[127.097579,37.481034],[127.097731,37.48164],[127.09811,37.482143],[127.098335,37.482233],[127.098577,37.482494],[127.099229,37.482929],[127.099795,37.483217],[127.100486,37.483392],[127.100772,37.483226],[127.101402,37.48398],[127.10163,37.484529],[127.102433,37.484811],[127.102764,37.485019],[127.103792,37.485143],[127.104334,37.484127],[127.104834,37.48339],[127.10528,37.482884],[127.105598,37.482758],[127.10619,37.482851],[127.106811,37.482794],[127.108049,37.483056],[127.108117,37.483118],[127.108303,37.483121],[127.108359,37.483063],[127.11002,37.483196],[127.110667,37.483024],[127.110845,37.483043],[127.11091,37.483079],[127.110906,37.483379],[127.110956,37.483468],[127.111655,37.483794],[127.109264,37.487115],[127.109146,37.487286],[127.109175,37.487315],[127.109121,37.487321],[127.107005,37.490289],[127.103305,37.492819],[127.10046,37.494086],[127.100354,37.494219],[127.099828,37.4944],[127.099761,37.494508],[127.098796,37.494894],[127.097401,37.49519]]]}},{"type":"Feature","properties":{"dong":"11680_도곡동","sgg_cd":"11680","emd_cd":"11680118","umd_nm":"도곡동","gu_name":"강남구"},"geometry":{"type":"Polygon","coordinates":[[[127.031611,37.489554],[127.034087,37.484369],[127.04175,37.485437],[127.041608,37.485239],[127.042951,37.482272],[127.043063,37.482259],[127.043038,37.482231],[127.043159,37.481977],[127.043136,37.481866],[127.043547,37.481221],[127.043889,37.48056],[127.043544,37.480167],[127.044005,37.479942],[127.044658,37.480726],[127.047959,37.482536],[127.056426,37.487586],[127.055435,37.490734],[127.055486,37.490759],[127.052863,37.496307],[127.046717,37.494191],[127.034558,37.490459],[127.034557,37.490314],[127.03201,37.489532],[127.031964,37.48945],[127.031875,37.489635],[127.031611,37.489554]]]}},{"type":"Feature","properties":{"dong":"11710_잠실동","sgg_cd":"11710","emd_cd":"11710101","umd_nm":"잠실동","gu_name":"송파구"},"geometry":{"type":"Polygon","coordinates":[[[127.103973,37.508737],[127.101794,37.511132],[127.095405,37.519365],[127.094225,37.521939],[127.09163,37.52114],[127.090962,37.521068],[127.090463,37.521082],[127.090162,37.521181],[127.088536,37.521336],[127.085844,37.521246],[127.083328,37.521038],[127.082608,37.521042],[127.081913,37.52135],[127.080606,37.521324],[127.079611,37.521212],[127.076835,37.520709],[127.076363,37.520665],[127.076284,37.520597],[127.075798,37.520548],[127.074401,37.520566],[127.073855,37.520625],[127.073377,37.520559],[127.072407,37.520599],[127.071002,37.520723],[127.069294,37.520997],[127.068813,37.521002],[127.069483,37.52015],[127.069632,37.520051],[127.070361,37.519081],[127.069753,37.518643],[127.069264,37.518119],[127.068938,37.5176],[127.068987,37.517269],[127.068659,37.51758],[127.068661,37.520999],[127.067589,37.520876],[127.067731,37.519318],[127.067813,37.519192],[127.067901,37.518579],[127.067896,37.51831],[127.069818,37.502739],[127.076987,37.502071],[127.08211,37.500362],[127.08271,37.500892],[127.083607,37.50063],[127.085244,37.501093],[127.09074,37.507535],[127.09743,37.506515],[127.098136,37.506452],[127.098757,37.506471],[127.099311,37.506545],[127.099987,37.506717],[127.101826,37.507474],[127.103031,37.508085],[127.103973,37.508737]]]}},{"type":"Feature","properties":{"dong":"11710_신천동","sgg_cd":"11710","emd_cd":"11710102","umd_nm":"신천동","gu_name":"송파구"},"geometry":{"type":"Polygon","coordinates":[[[127.103279,37.52391],[127.102974,37.524078],[127.105894,37.526543],[127.108263,37.528848],[127.108312,37.53956],[127.108282,37.541407],[127.090137,37.527007],[127.085633,37.524762],[127.081101,37.523409],[127.079975,37.522948],[127.076954,37.522514],[127.074318,37.522873],[127.07206,37.523415],[127.068663,37.523872],[127.067479,37.524597],[127.067589,37.520876],[127.068661,37.520999],[127.068659,37.51758],[127.068987,37.517269],[127.068938,37.5176],[127.069264,37.518119],[127.069753,37.518643],[127.070361,37.519081],[127.069632,37.520051],[127.069483,37.52015],[127.068813,37.521002],[127.069294,37.520997],[127.071002,37.520723],[127.072407,37.520599],[127.073377,37.520559],[127.073855,37.520625],[127.074401,37.520566],[127.075798,37.520548],[127.076284,37.520597],[127.076363,37.520665],[127.076835,37.520709],[127.079611,37.521212],[127.080606,37.521324],[127.081913,37.52135],[127.082608,37.521042],[127.083328,37.521038],[127.085844,37.521246],[127.088536,37.521336],[127.090162,37.521181],[127.090463,37.521082],[127.090962,37.521068],[127.09163,37.52114],[127.094225,37.521939],[127.095405,37.519365],[127.101794,37.511132],[127.103973,37.508737],[127.108137,37.511984],[127.106657,37.515468],[127.112701,37.517521],[127.112907,37.517448],[127.11686,37.523905],[127.103279,37.52391]]]}},{"type":"Feature","properties":{"dong":"11710_풍납동","sgg_cd":"11710","emd_cd":"11710103","umd_nm":"풍납동","gu_name":"송파구"},"geometry":{"type":"Polygon","coordinates":[[[127.11312,37.543169],[127.109058,37.543165],[127.108285,37.542063],[127.108312,37.53956],[127.108263,37.528848],[127.105894,37.526543],[127.102974,37.524078],[127.103279,37.52391],[127.11686,37.523905],[127.119291,37.527872],[127.119093,37.52796],[127.120135,37.529663],[127.120488,37.53034],[127.121172,37.532366],[127.123437,37.538644],[127.122397,37.539016],[127.121847,37.539288],[127.120253,37.540329],[127.11974,37.540617],[127.11885,37.540992],[127.118953,37.541118],[127.118877,37.541071],[127.11737,37.541525],[127.117335,37.541487],[127.116498,37.541967],[127.113048,37.542979],[127.11312,37.543169]]]}},{"type":"Feature","properties":{"dong":"11710_송파동","sgg_cd":"11710","emd_cd":"11710104","umd_nm":"송파동","gu_name":"송파구"},"geometry":{"type":"Polygon","coordinates":[[[127.103973,37.508737],[127.111602,37.500353],[127.111841,37.500479],[127.11422,37.497842],[127.118744,37.500278],[127.119848,37.50101],[127.1217,37.50241],[127.122327,37.50298],[127.122976,37.503729],[127.12369,37.504829],[127.122745,37.505331],[127.116689,37.507764],[127.112395,37.510251],[127.108137,37.511984],[127.103973,37.508737]]]}},{"type":"Feature","properties":{"dong":"11710_석촌동","sgg_cd":"11710","emd_cd":"11710105","umd_nm":"석촌동","gu_name":"송파구"},"geometry":{"type":"Polygon","coordinates":[[[127.097285,37.506537],[127.09657,37.49719],[127.097386,37.496907],[127.097649,37.497391],[127.109609,37.50094],[127.109759,37.500936],[127.110743,37.499869],[127.111602,37.500353],[127.103973,37.508737],[127.103157,37.508162],[127.102241,37.507658],[127.099987,37.506717],[127.099311,37.506545],[127.098757,37.506471],[127.098136,37.506452],[127.097285,37.506537]]]}},{"type":"Feature","properties":{"dong":"11710_삼전동","sgg_cd":"11710","emd_cd":"11710106","umd_nm":"삼전동","gu_name":"송파구"},"geometry":{"type":"Polygon","coordinates":[[[127.08211,37.500362],[127.084154,37.499673],[127.094796,37.496678],[127.09584,37.496297],[127.096285,37.496298],[127.096939,37.496073],[127.097386,37.496907],[127.09657,37.49719],[127.097285,37.506537],[127.09074,37.507535],[127.085244,37.501093],[127.083607,37.50063],[127.08271,37.500892],[127.08211,37.500362]]]}},{"type":"Feature","properties":{"dong":"11710_가락동","sgg_cd":"11710","emd_cd":"11710107","umd_nm":"가락동","gu_name":"송파구"},"geometry":{"type":"Polygon","coordinates":[[[127.12369,37.504829],[127.122976,37.503729],[127.122327,37.50298],[127.1217,37.50241],[127.119848,37.50101],[127.118744,37.500278],[127.11422,37.497842],[127.111841,37.500479],[127.110743,37.499869],[127.109759,37.500936],[127.109609,37.50094],[127.097649,37.497391],[127.096939,37.496073],[127.096285,37.496298],[127.09584,37.496297],[127.097143,37.495829],[127.097799,37.49548],[127.097399,37.495187],[127.098791,37.494895],[127.099763,37.494509],[127.099823,37.494398],[127.100359,37.494218],[127.100455,37.494095],[127.100576,37.494077],[127.103305,37.492824],[127.107007,37.490294],[127.109122,37.487318],[127.109177,37.487313],[127.109147,37.487284],[127.109267,37.487113],[127.111658,37.48379],[127.111782,37.483827],[127.112054,37.483714],[127.112481,37.483984],[127.112909,37.484378],[127.113039,37.484441],[127.112217,37.485555],[127.112143,37.485529],[127.109264,37.489488],[127.113921,37.490957],[127.118427,37.492267],[127.118571,37.492252],[127.118817,37.491966],[127.119223,37.492304],[127.119888,37.491416],[127.120467,37.490471],[127.121294,37.488862],[127.12891,37.492916],[127.129576,37.493419],[127.13355,37.490507],[127.138009,37.494368],[127.137962,37.49446],[127.138633,37.49513],[127.13894,37.495318],[127.139123,37.495591],[127.139239,37.495529],[127.139367,37.49565],[127.130737,37.500268],[127.124638,37.504327],[127.12369,37.504829]]]}},{"type":"Feature","properties":{"dong":"11710_문정동","sgg_cd":"11710","emd_cd":"11710108","umd_nm":"문정동","gu_name":"송파구"},"geometry":{"type":"Polygon","coordinates":[[[127.135934,37.490203],[127.137354,37.491443],[127.137353,37.493346],[127.13819,37.493933],[127.138136,37.494196],[127.138009,37.494368],[127.13355,37.490507],[127.129576,37.493419],[127.12891,37.492916],[127.121294,37.488862],[127.120467,37.490471],[127.119888,37.491416],[127.119223,37.492304],[127.118817,37.491966],[127.118571,37.492252],[127.118427,37.492267],[127.113921,37.490957],[127.109264,37.489488],[127.112143,37.485529],[127.112217,37.485555],[127.113039,37.484441],[127.112104,37.48373],[127.111988,37.483725],[127.111782,37.483827],[127.111659,37.483787],[127.112967,37.481722],[127.116031,37.477598],[127.116621,37.477733],[127.117445,37.477632],[127.117444,37.478302],[127.118268,37.478303],[127.118411,37.478109],[127.120286,37.477509],[127.121144,37.477289],[127.125332,37.476561],[127.126651,37.476417],[127.126704,37.476476],[127.126656,37.476724],[127.126395,37.477561],[127.125427,37.479537],[127.125591,37.479488],[127.125748,37.479678],[127.125779,37.480068],[127.126087,37.479463],[127.126793,37.479661],[127.126837,37.479815],[127.127051,37.480073],[127.127189,37.480504],[127.127327,37.480706],[127.127838,37.481043],[127.128176,37.481521],[127.128524,37.481722],[127.129307,37.482383],[127.129446,37.482568],[127.129605,37.482656],[127.129507,37.482792],[127.129745,37.482934],[127.129995,37.483007],[127.129973,37.483182],[127.130089,37.483471],[127.130252,37.483728],[127.130553,37.483965],[127.130734,37.484402],[127.130923,37.484623],[127.131127,37.484532],[127.131655,37.484999],[127.132377,37.485419],[127.133249,37.486098],[127.133604,37.486279],[127.133918,37.486612],[127.134329,37.48718],[127.13476,37.487258],[127.134997,37.487455],[127.135032,37.487663],[127.135207,37.487905],[127.135223,37.488008],[127.135502,37.488347],[127.135541,37.488558],[127.135748,37.488698],[127.135801,37.488925],[127.135968,37.489],[127.135966,37.48918],[127.136131,37.489477],[127.13589,37.489542],[127.135934,37.490203]]]}},{"type":"Feature","properties":{"dong":"11710_장지동","sgg_cd":"11710","emd_cd":"11710109","umd_nm":"장지동","gu_name":"송파구"},"geometry":{"type":"Polygon","coordinates":[[[127.116031,37.477598],[127.118242,37.474699],[127.119719,37.472581],[127.119701,37.472764],[127.124209,37.466517],[127.124488,37.466643],[127.124531,37.466755],[127.124759,37.466916],[127.124938,37.467199],[127.125048,37.467265],[127.125103,37.467447],[127.12506,37.467476],[127.125072,37.467678],[127.125199,37.467833],[127.125182,37.468352],[127.125138,37.468469],[127.125168,37.468752],[127.125015,37.46903],[127.124897,37.469386],[127.124937,37.469491],[127.124851,37.469523],[127.124878,37.469597],[127.125203,37.46962],[127.126024,37.469106],[127.126373,37.468792],[127.126828,37.468532],[127.126832,37.468586],[127.12692,37.468641],[127.128268,37.46839],[127.129268,37.467976],[127.130544,37.467739],[127.130875,37.467758],[127.131959,37.468177],[127.132799,37.468394],[127.131982,37.469798],[127.132482,37.470599],[127.132656,37.471208],[127.132824,37.471201],[127.132829,37.471703],[127.132623,37.472395],[127.132592,37.472795],[127.132687,37.474286],[127.132739,37.474555],[127.132856,37.474626],[127.135287,37.474257],[127.136397,37.47417],[127.138335,37.474135],[127.143526,37.47393],[127.143615,37.475158],[127.143717,37.475433],[127.144263,37.476373],[127.144327,37.476652],[127.144371,37.477331],[127.147145,37.477222],[127.147479,37.481773],[127.144654,37.481885],[127.14463,37.481498],[127.143156,37.481556],[127.143175,37.481862],[127.142138,37.481903],[127.142041,37.481833],[127.142027,37.4816],[127.141778,37.48161],[127.141797,37.481916],[127.138861,37.481764],[127.137936,37.481867],[127.137604,37.481815],[127.136784,37.481516],[127.136615,37.481588],[127.136043,37.481555],[127.135571,37.481459],[127.135606,37.481607],[127.1358,37.481659],[127.135892,37.481995],[127.135767,37.48216],[127.135848,37.482202],[127.135854,37.482525],[127.135945,37.482755],[127.13593,37.482929],[127.136017,37.483042],[127.136062,37.483318],[127.136042,37.483446],[127.13591,37.483521],[127.135965,37.483882],[127.136077,37.48384],[127.136068,37.483879],[127.13616,37.483902],[127.136151,37.484113],[127.136257,37.48416],[127.136299,37.484251],[127.136269,37.484854],[127.136113,37.48475],[127.136181,37.48515],[127.136262,37.485252],[127.136219,37.485276],[127.136472,37.485421],[127.13639,37.485868],[127.136744,37.487383],[127.136729,37.4875],[127.136579,37.487492],[127.136616,37.48767],[127.136814,37.488531],[127.136964,37.488528],[127.137061,37.488644],[127.136984,37.488715],[127.137012,37.488769],[127.137174,37.488807],[127.137301,37.48938],[127.137125,37.489467],[127.137458,37.490196],[127.136987,37.490271],[127.136357,37.49061],[127.135934,37.490203],[127.13589,37.489542],[127.136131,37.489477],[127.135966,37.48918],[127.135968,37.489],[127.135801,37.488925],[127.135748,37.488698],[127.135541,37.488558],[127.135502,37.488347],[127.135223,37.488008],[127.135207,37.487905],[127.135032,37.487663],[127.134997,37.487455],[127.13476,37.487258],[127.134329,37.48718],[127.133918,37.486612],[127.133604,37.486279],[127.133249,37.486098],[127.132377,37.485419],[127.131655,37.484999],[127.131127,37.484532],[127.130923,37.484623],[127.130734,37.484402],[127.130553,37.483965],[127.130252,37.483728],[127.130089,37.483471],[127.129973,37.483182],[127.129995,37.483007],[127.129745,37.482934],[127.129507,37.482792],[127.129605,37.482656],[127.129446,37.482568],[127.129307,37.482383],[127.128524,37.481722],[127.128176,37.481521],[127.127838,37.481043],[127.127327,37.480706],[127.127189,37.480504],[127.127051,37.480073],[127.126837,37.479815],[127.126793,37.479661],[127.126087,37.479463],[127.125779,37.480068],[127.125748,37.479678],[127.125591,37.479488],[127.125427,37.479537],[127.126395,37.477561],[127.126656,37.476724],[127.126704,37.476476],[127.126651,37.476417],[127.125332,37.476561],[127.121144,37.477289],[127.120286,37.477509],[127.118411,37.478109],[127.118268,37.478303],[127.117444,37.478302],[127.117445,37.477632],[127.116621,37.477733],[127.116031,37.477598]]]}},{"type":"Feature","properties":{"dong":"11710_방이동","sgg_cd":"11710","emd_cd":"11710111","umd_nm":"방이동","gu_name":"송파구"},"geometry":{"type":"Polygon","coordinates":[[[127.106657,37.515468],[127.108137,37.511984],[127.112395,37.510251],[127.116689,37.507764],[127.122745,37.505331],[127.12369,37.504829],[127.127995,37.511806],[127.134109,37.509298],[127.134183,37.508909],[127.139357,37.506856],[127.139314,37.506985],[127.139354,37.506977],[127.139418,37.506715],[127.139606,37.506428],[127.139813,37.507224],[127.139845,37.507281],[127.139931,37.507287],[127.140291,37.508251],[127.140014,37.508474],[127.140014,37.508525],[127.139935,37.508523],[127.14017,37.509238],[127.140245,37.509586],[127.140237,37.509853],[127.140367,37.510109],[127.140343,37.510225],[127.140947,37.510398],[127.141217,37.510823],[127.14122,37.511047],[127.141105,37.511127],[127.141237,37.511677],[127.141278,37.512152],[127.141387,37.512355],[127.14151,37.512419],[127.142211,37.512528],[127.142884,37.512733],[127.143528,37.512657],[127.143363,37.513451],[127.143433,37.513613],[127.143372,37.513695],[127.143394,37.51387],[127.14343,37.51388],[127.142919,37.514098],[127.142642,37.514334],[127.142022,37.514701],[127.141669,37.514885],[127.14123,37.515027],[127.140614,37.515589],[127.14119,37.515546],[127.141704,37.515596],[127.141833,37.515653],[127.142625,37.515582],[127.143377,37.515575],[127.143882,37.515639],[127.144614,37.515602],[127.144855,37.515681],[127.145024,37.515862],[127.145439,37.516072],[127.145445,37.516331],[127.145436,37.516434],[127.145328,37.516608],[127.145124,37.51679],[127.1451,37.516886],[127.143828,37.517039],[127.138569,37.519355],[127.138477,37.519304],[127.13834,37.519339],[127.138192,37.519402],[127.138139,37.519516],[127.138173,37.51953],[127.119291,37.527872],[127.112907,37.517448],[127.112701,37.517521],[127.106657,37.515468]]]}},{"type":"Feature","properties":{"dong":"11710_오금동","sgg_cd":"11710","emd_cd":"11710112","umd_nm":"오금동","gu_name":"송파구"},"geometry":{"type":"Polygon","coordinates":[[[127.12369,37.504829],[127.124638,37.504327],[127.130737,37.500268],[127.139367,37.49565],[127.139875,37.49632],[127.140211,37.496887],[127.143329,37.503215],[127.142937,37.50359],[127.143423,37.504093],[127.144103,37.504397],[127.143424,37.504414],[127.142233,37.504884],[127.142122,37.505076],[127.141016,37.505503],[127.141044,37.505643],[127.140813,37.505978],[127.141516,37.506708],[127.141353,37.506948],[127.140885,37.507438],[127.140687,37.507592],[127.140509,37.50764],[127.140347,37.507752],[127.140315,37.507826],[127.14038,37.508105],[127.140309,37.508305],[127.140014,37.508525],[127.140014,37.508474],[127.140291,37.508251],[127.139931,37.507287],[127.139845,37.507281],[127.139813,37.507224],[127.139606,37.506428],[127.139418,37.506715],[127.139354,37.506977],[127.139314,37.506985],[127.139357,37.506856],[127.134183,37.508909],[127.134109,37.509298],[127.127995,37.511806],[127.12369,37.504829]]]}},{"type":"Feature","properties":{"dong":"11710_거여동","sgg_cd":"11710","emd_cd":"11710113","umd_nm":"거여동","gu_name":"송파구"},"geometry":{"type":"Polygon","coordinates":[[[127.135571,37.481459],[127.136043,37.481555],[127.136615,37.481588],[127.136784,37.481516],[127.137604,37.481815],[127.137936,37.481867],[127.138861,37.481764],[127.141797,37.481916],[127.141778,37.48161],[127.142027,37.4816],[127.142041,37.481833],[127.142138,37.481903],[127.143175,37.481862],[127.143156,37.481556],[127.14463,37.481498],[127.144654,37.481885],[127.147479,37.481773],[127.147588,37.482222],[127.14777,37.482624],[127.148683,37.484043],[127.149094,37.483883],[127.149466,37.484427],[127.149921,37.484906],[127.15043,37.485249],[127.153162,37.486688],[127.153587,37.486921],[127.153741,37.48706],[127.156579,37.488575],[127.157623,37.489187],[127.158386,37.489571],[127.158506,37.489675],[127.158384,37.489882],[127.157593,37.489898],[127.157271,37.489949],[127.157659,37.490175],[127.157039,37.490654],[127.156231,37.491042],[127.155243,37.491633],[127.1552,37.491573],[127.153676,37.492311],[127.15373,37.492347],[127.153288,37.492573],[127.153188,37.492554],[127.152425,37.493059],[127.151654,37.493929],[127.150989,37.494778],[127.150179,37.495416],[127.148718,37.496371],[127.147995,37.496942],[127.146683,37.497823],[127.146666,37.497787],[127.145136,37.498847],[127.14521,37.498916],[127.144517,37.499399],[127.142489,37.499399],[127.142157,37.499502],[127.141659,37.499824],[127.140211,37.496887],[127.139781,37.496183],[127.139367,37.49565],[127.139239,37.495529],[127.139123,37.495591],[127.13894,37.495318],[127.138633,37.49513],[127.137962,37.49446],[127.138136,37.494196],[127.13819,37.493933],[127.137353,37.493346],[127.137354,37.491443],[127.136357,37.49061],[127.136987,37.490271],[127.137458,37.490196],[127.137125,37.489467],[127.137301,37.48938],[127.137174,37.488807],[127.137012,37.488769],[127.136984,37.488715],[127.137061,37.488644],[127.136964,37.488528],[127.136814,37.488531],[127.136616,37.48767],[127.136579,37.487492],[127.136729,37.4875],[127.136744,37.487383],[127.13639,37.485868],[127.136472,37.485421],[127.136219,37.485276],[127.136262,37.485252],[127.136181,37.48515],[127.136113,37.48475],[127.136269,37.484854],[127.136299,37.484251],[127.136257,37.48416],[127.136151,37.484113],[127.13616,37.483902],[127.136068,37.483879],[127.136077,37.48384],[127.135965,37.483882],[127.13591,37.483521],[127.136042,37.483446],[127.136062,37.483318],[127.136017,37.483042],[127.13593,37.482929],[127.135945,37.482755],[127.135854,37.482525],[127.135848,37.482202],[127.135767,37.48216],[127.135892,37.481995],[127.1358,37.481659],[127.135606,37.481607],[127.135571,37.481459]]]}},{"type":"Feature","properties":{"dong":"11710_마천동","sgg_cd":"11710","emd_cd":"11710114","umd_nm":"마천동","gu_name":"송파구"},"geometry":{"type":"Polygon","coordinates":[[[127.141659,37.499824],[127.142157,37.499502],[127.142489,37.499399],[127.144517,37.499399],[127.14521,37.498916],[127.145136,37.498847],[127.146666,37.497787],[127.146683,37.497823],[127.147995,37.496942],[127.148718,37.496371],[127.150179,37.495416],[127.150989,37.494778],[127.151654,37.493929],[127.152425,37.493059],[127.153188,37.492554],[127.153288,37.492573],[127.15373,37.492347],[127.153676,37.492311],[127.15382,37.492236],[127.1552,37.491573],[127.155243,37.491633],[127.155634,37.49143],[127.156231,37.491042],[127.157039,37.490654],[127.157659,37.490175],[127.15817,37.490519],[127.158273,37.490698],[127.158287,37.491276],[127.158479,37.492048],[127.158651,37.492426],[127.159115,37.493001],[127.159516,37.493274],[127.159757,37.493642],[127.15981,37.493922],[127.160026,37.494375],[127.159974,37.495423],[127.159865,37.495683],[127.159851,37.496155],[127.159738,37.496548],[127.15978,37.496824],[127.160008,37.497082],[127.160271,37.497239],[127.160567,37.497555],[127.160633,37.498548],[127.160807,37.498844],[127.161005,37.499066],[127.161069,37.499245],[127.161354,37.499537],[127.16142,37.499705],[127.161388,37.49971],[127.161431,37.500023],[127.16139,37.500201],[127.161257,37.500276],[127.161219,37.500395],[127.160504,37.501094],[127.159397,37.501363],[127.159074,37.501879],[127.158866,37.50239],[127.157729,37.503179],[127.156555,37.501894],[127.156388,37.501872],[127.153954,37.502664],[127.15323,37.502679],[127.152844,37.503055],[127.1525,37.503091],[127.15226,37.502978],[127.152109,37.50297],[127.150514,37.504375],[127.150204,37.504742],[127.148602,37.503723],[127.148054,37.503577],[127.147695,37.503212],[127.147194,37.503384],[127.146865,37.50326],[127.146509,37.503237],[127.146578,37.503317],[127.146542,37.503358],[127.14634,37.503351],[127.146239,37.503229],[127.145952,37.503227],[127.145502,37.503306],[127.145582,37.503416],[127.145416,37.503614],[127.145277,37.503557],[127.145203,37.503641],[127.145224,37.503752],[127.14491,37.504124],[127.144398,37.504317],[127.144116,37.504497],[127.143436,37.504422],[127.144103,37.504397],[127.143423,37.504093],[127.142937,37.50359],[127.143329,37.503215],[127.141659,37.499824]]]}},{"type":"Feature","properties":{"dong":"11740_명일동","sgg_cd":"11740","emd_cd":"11740101","umd_nm":"명일동","gu_name":"강동구"},"geometry":{"type":"Polygon","coordinates":[[[127.144702,37.555656],[127.144397,37.555549],[127.144305,37.554962],[127.144207,37.5549],[127.143524,37.554902],[127.14311,37.554473],[127.142848,37.553816],[127.142692,37.553603],[127.14254,37.553466],[127.14186,37.553057],[127.141322,37.552389],[127.140995,37.55188],[127.140448,37.551312],[127.140424,37.551344],[127.140315,37.551235],[127.140516,37.550941],[127.14153,37.5508],[127.142737,37.550668],[127.143952,37.550785],[127.143187,37.546371],[127.142721,37.545073],[127.145752,37.544353],[127.145637,37.544491],[127.145722,37.544532],[127.14671,37.544641],[127.147261,37.544791],[127.147897,37.544881],[127.14805,37.544999],[127.148896,37.545023],[127.149192,37.54529],[127.149374,37.545615],[127.150429,37.545672],[127.150619,37.545401],[127.150738,37.545337],[127.150935,37.544797],[127.151843,37.544979],[127.152102,37.544168],[127.152259,37.544043],[127.152941,37.54381],[127.153482,37.543687],[127.153493,37.543243],[127.15379,37.542497],[127.153844,37.542459],[127.153664,37.542337],[127.153811,37.542087],[127.153893,37.542078],[127.155729,37.542827],[127.155981,37.542846],[127.156602,37.543461],[127.157547,37.54316],[127.15828,37.542681],[127.158693,37.54266],[127.159358,37.542487],[127.159599,37.54206],[127.160096,37.541515],[127.16031,37.541626],[127.161262,37.542949],[127.161709,37.54346],[127.16218,37.543827],[127.16248,37.544141],[127.162715,37.544485],[127.16282,37.544558],[127.163162,37.544991],[127.16294,37.545141],[127.162793,37.545594],[127.162569,37.545802],[127.162407,37.5458],[127.162022,37.545647],[127.161731,37.545591],[127.161313,37.545542],[127.160841,37.545591],[127.160568,37.545566],[127.159945,37.545369],[127.159058,37.545406],[127.158306,37.545503],[127.156624,37.545988],[127.155916,37.546088],[127.156536,37.555376],[127.151589,37.554699],[127.148077,37.554706],[127.148108,37.554823],[127.14467,37.554901],[127.144592,37.554956],[127.144702,37.555656]]]}},{"type":"Feature","properties":{"dong":"11740_고덕동","sgg_cd":"11740","emd_cd":"11740102","umd_nm":"고덕동","gu_name":"강동구"},"geometry":{"type":"Polygon","coordinates":[[[127.171416,37.557338],[127.170971,37.559309],[127.170999,37.559588],[127.170691,37.56121],[127.170623,37.561372],[127.170589,37.561738],[127.170529,37.561849],[127.170317,37.561893],[127.170031,37.562145],[127.170305,37.562404],[127.170969,37.562462],[127.171212,37.562582],[127.172971,37.563703],[127.17271,37.564018],[127.172022,37.564672],[127.172124,37.56475],[127.170758,37.566316],[127.170373,37.566899],[127.170029,37.567154],[127.169611,37.56768],[127.168575,37.568809],[127.167767,37.569817],[127.167217,37.570334],[127.167535,37.570736],[127.167511,37.57087],[127.16734,37.571033],[127.167295,37.571287],[127.167121,37.571591],[127.166951,37.571717],[127.166716,37.572138],[127.166473,37.572247],[127.165997,37.572832],[127.165796,37.573197],[127.165773,37.573712],[127.165686,37.573873],[127.165039,37.573869],[127.16503,37.574264],[127.163995,37.574303],[127.163997,37.574592],[127.16409,37.574751],[127.163962,37.57499],[127.163763,37.575074],[127.162922,37.575652],[127.162007,37.576386],[127.160845,37.575652],[127.156899,37.572954],[127.154981,37.572043],[127.14895,37.568434],[127.145585,37.568431],[127.145586,37.567745],[127.145082,37.566629],[127.145115,37.566343],[127.145035,37.565949],[127.144773,37.56568],[127.145407,37.565279],[127.145239,37.564697],[127.145272,37.564428],[127.145482,37.563854],[127.146146,37.563473],[127.146555,37.562638],[127.146549,37.562237],[127.147175,37.56125],[127.147451,37.561078],[127.146798,37.560852],[127.146651,37.560744],[127.146039,37.560552],[127.143914,37.558644],[127.144448,37.558196],[127.144685,37.557762],[127.144703,37.557612],[127.144397,37.555549],[127.144702,37.555656],[127.144592,37.554956],[127.14467,37.554901],[127.148108,37.554823],[127.148077,37.554706],[127.151589,37.554699],[127.16502,37.556567],[127.171416,37.557338]]]}},{"type":"Feature","properties":{"dong":"11740_상일동","sgg_cd":"11740","emd_cd":"11740103","umd_nm":"상일동","gu_name":"강동구"},"geometry":{"type":"Polygon","coordinates":[[[127.155916,37.546088],[127.156624,37.545988],[127.158306,37.545503],[127.159058,37.545406],[127.159945,37.545369],[127.160568,37.545566],[127.160841,37.545591],[127.161313,37.545542],[127.161731,37.545591],[127.162022,37.545647],[127.162407,37.5458],[127.162569,37.545802],[127.162793,37.545594],[127.16294,37.545141],[127.163162,37.544991],[127.163487,37.545015],[127.164241,37.544825],[127.16437,37.544843],[127.164727,37.544689],[127.165168,37.544632],[127.165188,37.544486],[127.165298,37.544398],[127.166637,37.544252],[127.166894,37.544273],[127.166923,37.544322],[127.166746,37.544818],[127.166891,37.545126],[127.166978,37.545202],[127.167303,37.545191],[127.167587,37.545088],[127.167949,37.54506],[127.168248,37.545123],[127.168822,37.545148],[127.169387,37.544896],[127.169763,37.544805],[127.17037,37.544908],[127.171065,37.545121],[127.171514,37.545307],[127.171571,37.545386],[127.172107,37.545534],[127.173404,37.545571],[127.173615,37.545539],[127.173906,37.545581],[127.174138,37.545712],[127.174207,37.545411],[127.174314,37.545297],[127.175717,37.545208],[127.175768,37.545404],[127.175981,37.545636],[127.176201,37.545579],[127.176637,37.545336],[127.176784,37.545432],[127.176793,37.545754],[127.178292,37.546316],[127.178417,37.546279],[127.179331,37.546567],[127.181256,37.546579],[127.181693,37.546444],[127.181963,37.54615],[127.182202,37.545724],[127.182745,37.545514],[127.182846,37.545579],[127.183137,37.545356],[127.183539,37.54517],[127.183795,37.545574],[127.182825,37.546344],[127.182724,37.546704],[127.182759,37.546783],[127.182723,37.54741],[127.182656,37.547524],[127.182676,37.547875],[127.183076,37.548633],[127.182844,37.549429],[127.182896,37.549571],[127.182927,37.550235],[127.183022,37.550664],[127.183102,37.550658],[127.183119,37.551081],[127.182933,37.551753],[127.181704,37.552508],[127.181421,37.552757],[127.18134,37.552965],[127.181495,37.554331],[127.181487,37.554694],[127.181392,37.554921],[127.181486,37.555443],[127.181683,37.555996],[127.181675,37.556827],[127.181553,37.557553],[127.181757,37.55838],[127.181614,37.558365],[127.181646,37.558542],[127.181544,37.558613],[127.176043,37.557421],[127.176061,37.557366],[127.176021,37.557331],[127.175723,37.557523],[127.175424,37.557514],[127.175499,37.557299],[127.174043,37.557056],[127.171984,37.557058],[127.171627,37.557032],[127.171546,37.556968],[127.171474,37.556981],[127.171499,37.557108],[127.171416,37.557338],[127.16502,37.556567],[127.156536,37.555376],[127.155916,37.546088]]]}},{"type":"Feature","properties":{"dong":"11740_길동","sgg_cd":"11740","emd_cd":"11740105","umd_nm":"길동","gu_name":"강동구"},"geometry":{"type":"Polygon","coordinates":[[[127.150429,37.545672],[127.149374,37.545615],[127.149192,37.54529],[127.148896,37.545023],[127.14805,37.544999],[127.147897,37.544881],[127.147261,37.544791],[127.14671,37.544641],[127.145722,37.544532],[127.145637,37.544491],[127.145752,37.544353],[127.142721,37.545073],[127.141188,37.540981],[127.137939,37.541169],[127.137498,37.541097],[127.137128,37.540894],[127.136886,37.540592],[127.13678,37.540625],[127.134986,37.536921],[127.134865,37.53677],[127.134721,37.536499],[127.134614,37.536275],[127.134244,37.535557],[127.134202,37.535478],[127.134231,37.535533],[127.134086,37.535461],[127.133956,37.535465],[127.133886,37.535384],[127.139015,37.533854],[127.13977,37.533752],[127.140535,37.533731],[127.141297,37.533793],[127.142042,37.533937],[127.142755,37.534159],[127.145378,37.535256],[127.145254,37.535083],[127.145126,37.535022],[127.145165,37.534897],[127.14563,37.535084],[127.152309,37.537927],[127.153994,37.538596],[127.15397,37.538617],[127.159583,37.541028],[127.159663,37.541346],[127.159924,37.541392],[127.160096,37.541515],[127.159599,37.54206],[127.159358,37.542487],[127.158693,37.54266],[127.15828,37.542681],[127.157547,37.54316],[127.156602,37.543461],[127.155981,37.542846],[127.155729,37.542827],[127.153893,37.542078],[127.153811,37.542087],[127.153664,37.542337],[127.153844,37.542459],[127.15379,37.542497],[127.153493,37.543243],[127.153482,37.543687],[127.152941,37.54381],[127.152259,37.544043],[127.152102,37.544168],[127.151843,37.544979],[127.150935,37.544797],[127.150738,37.545337],[127.150619,37.545401],[127.150429,37.545672]]]}},{"type":"Feature","properties":{"dong":"11740_둔촌동","sgg_cd":"11740","emd_cd":"11740106","umd_nm":"둔촌동","gu_name":"강동구"},"geometry":{"type":"Polygon","coordinates":[[[127.133868,37.521433],[127.138157,37.519524],[127.138189,37.519405],[127.138335,37.51934],[127.138477,37.519305],[127.138559,37.519349],[127.143827,37.517026],[127.144287,37.51697],[127.145117,37.51675],[127.145073,37.516899],[127.145083,37.517144],[127.144855,37.517747],[127.144827,37.517973],[127.144902,37.51839],[127.144805,37.518774],[127.144841,37.519111],[127.144786,37.519624],[127.145256,37.520848],[127.145642,37.521581],[127.145665,37.521932],[127.147797,37.52215],[127.147829,37.522392],[127.148179,37.522922],[127.148598,37.523191],[127.148595,37.523561],[127.149009,37.52412],[127.149025,37.524333],[127.149235,37.52483],[127.149476,37.52502],[127.149596,37.525293],[127.149455,37.525751],[127.149869,37.526207],[127.150402,37.526372],[127.150766,37.526841],[127.151637,37.527704],[127.152687,37.528529],[127.152779,37.528802],[127.153164,37.529109],[127.15329,37.529469],[127.153129,37.529948],[127.153539,37.530437],[127.153432,37.530914],[127.153325,37.531034],[127.153377,37.531331],[127.153725,37.531562],[127.153933,37.53192],[127.153566,37.533665],[127.153817,37.533971],[127.154021,37.534515],[127.154526,37.534869],[127.154865,37.535358],[127.155261,37.536216],[127.15594,37.537059],[127.156032,37.537342],[127.156338,37.53737],[127.15654,37.537446],[127.156789,37.537658],[127.156941,37.537967],[127.156941,37.538371],[127.157174,37.538441],[127.157395,37.538951],[127.157651,37.53927],[127.158247,37.53975],[127.158959,37.540484],[127.159101,37.540725],[127.159583,37.541028],[127.15397,37.538617],[127.153994,37.538596],[127.152309,37.537927],[127.145165,37.534897],[127.145126,37.535022],[127.145254,37.535083],[127.145378,37.535256],[127.142755,37.534159],[127.142042,37.533937],[127.141297,37.533793],[127.140025,37.533736],[127.139264,37.533811],[127.138559,37.533959],[127.133868,37.521433]]]}},{"type":"Feature","properties":{"dong":"11740_암사동","sgg_cd":"11740","emd_cd":"11740107","umd_nm":"암사동","gu_name":"강동구"},"geometry":{"type":"Polygon","coordinates":[[[127.145585,37.568431],[127.137666,37.568424],[127.134267,37.567954],[127.12861,37.56616],[127.122955,37.563489],[127.120096,37.561199],[127.117339,37.559463],[127.115645,37.557699],[127.114309,37.554366],[127.111557,37.550498],[127.111554,37.550377],[127.115849,37.55016],[127.116423,37.550029],[127.116916,37.550054],[127.118159,37.549968],[127.119117,37.549766],[127.119699,37.549698],[127.121245,37.549599],[127.121406,37.549622],[127.122227,37.549472],[127.122496,37.54954],[127.122271,37.548914],[127.126734,37.547899],[127.127535,37.55013],[127.134516,37.547136],[127.135136,37.547916],[127.136314,37.549065],[127.137084,37.549767],[127.137459,37.549914],[127.137677,37.550086],[127.138125,37.550268],[127.139046,37.55041],[127.139681,37.550568],[127.139655,37.550505],[127.140609,37.550605],[127.140622,37.550688],[127.14153,37.5508],[127.140516,37.550941],[127.140315,37.551235],[127.140424,37.551344],[127.140448,37.551312],[127.140995,37.55188],[127.141322,37.552389],[127.14186,37.553057],[127.14254,37.553466],[127.142692,37.553603],[127.142848,37.553816],[127.14311,37.554473],[127.143524,37.554902],[127.144207,37.5549],[127.144305,37.554962],[127.144696,37.55769],[127.144624,37.55793],[127.144448,37.558196],[127.143914,37.558644],[127.146039,37.560552],[127.146651,37.560744],[127.146798,37.560852],[127.147451,37.561078],[127.147175,37.56125],[127.146549,37.562237],[127.146555,37.562638],[127.146146,37.563473],[127.145482,37.563854],[127.145272,37.564428],[127.145239,37.564697],[127.145407,37.565279],[127.144773,37.56568],[127.145035,37.565949],[127.145115,37.566343],[127.145082,37.566629],[127.145586,37.567745],[127.145585,37.568431]]]}},{"type":"Feature","properties":{"dong":"11740_성내동","sgg_cd":"11740","emd_cd":"11740108","umd_nm":"성내동","gu_name":"강동구"},"geometry":{"type":"Polygon","coordinates":[[[127.123465,37.539369],[127.123314,37.538945],[127.122502,37.539209],[127.122405,37.539014],[127.123442,37.538646],[127.121172,37.532368],[127.120605,37.530628],[127.120135,37.529663],[127.119093,37.52796],[127.133868,37.521433],[127.138559,37.533959],[127.133886,37.535384],[127.133956,37.535465],[127.134086,37.535461],[127.134231,37.535533],[127.134202,37.535478],[127.134244,37.535557],[127.129489,37.536991],[127.126671,37.537895],[127.126606,37.537825],[127.126533,37.537887],[127.126562,37.537932],[127.123636,37.538845],[127.123682,37.539154],[127.123465,37.539369]]]}},{"type":"Feature","properties":{"dong":"11740_천호동","sgg_cd":"11740","emd_cd":"11740109","umd_nm":"천호동","gu_name":"강동구"},"geometry":{"type":"Polygon","coordinates":[[[127.141543,37.550801],[127.140622,37.550688],[127.140609,37.550605],[127.139655,37.550505],[127.139681,37.550568],[127.139046,37.55041],[127.138125,37.550268],[127.137677,37.550086],[127.137459,37.549914],[127.137084,37.549767],[127.136314,37.549065],[127.135136,37.547916],[127.134516,37.547136],[127.127535,37.55013],[127.126734,37.547899],[127.122271,37.548914],[127.122496,37.54954],[127.122227,37.549472],[127.121406,37.549622],[127.121245,37.549599],[127.119699,37.549698],[127.119117,37.549766],[127.118159,37.549968],[127.116916,37.550054],[127.116423,37.550029],[127.115849,37.55016],[127.11166,37.550377],[127.11166,37.550336],[127.111516,37.550378],[127.111458,37.546956],[127.110191,37.545035],[127.109067,37.543166],[127.113105,37.543171],[127.113044,37.542983],[127.116525,37.541959],[127.117334,37.541489],[127.117365,37.541528],[127.118871,37.541076],[127.118949,37.541124],[127.118846,37.540997],[127.119734,37.540625],[127.12026,37.540329],[127.121853,37.539288],[127.122406,37.539016],[127.122502,37.539209],[127.123314,37.538945],[127.123465,37.539369],[127.123682,37.539154],[127.123636,37.538845],[127.126562,37.537932],[127.126533,37.537887],[127.126606,37.537825],[127.126671,37.537895],[127.129489,37.536991],[127.134244,37.535557],[127.134915,37.536862],[127.134986,37.536921],[127.13678,37.540625],[127.136886,37.540592],[127.137053,37.540826],[127.1373,37.54101],[127.137826,37.541164],[127.141188,37.540981],[127.143187,37.546371],[127.143952,37.550785],[127.142737,37.550668],[127.141543,37.550801]]]}},{"type":"Feature","properties":{"dong":"11740_강일동","sgg_cd":"11740","emd_cd":"11740110","umd_nm":"강일동","gu_name":"강동구"},"geometry":{"type":"Polygon","coordinates":[[[127.162007,37.576386],[127.162922,37.575652],[127.163763,37.575074],[127.163962,37.57499],[127.16409,37.574751],[127.163997,37.574592],[127.163995,37.574303],[127.16503,37.574264],[127.165039,37.573869],[127.165686,37.573873],[127.165773,37.573712],[127.165796,37.573197],[127.165997,37.572832],[127.166473,37.572247],[127.166716,37.572138],[127.166951,37.571717],[127.167121,37.571591],[127.167295,37.571287],[127.16734,37.571033],[127.167511,37.57087],[127.167535,37.570736],[127.167217,37.570334],[127.167767,37.569817],[127.168575,37.568809],[127.169611,37.56768],[127.170029,37.567154],[127.170373,37.566899],[127.170758,37.566316],[127.172124,37.56475],[127.172022,37.564672],[127.17271,37.564018],[127.172971,37.563703],[127.171212,37.562582],[127.170969,37.562462],[127.170305,37.562404],[127.170031,37.562145],[127.170317,37.561893],[127.170529,37.561849],[127.170589,37.561738],[127.170623,37.561372],[127.170691,37.56121],[127.170999,37.559588],[127.170971,37.559309],[127.171499,37.557108],[127.171474,37.556981],[127.171984,37.557058],[127.174043,37.557056],[127.175499,37.557299],[127.175424,37.557514],[127.175723,37.557523],[127.176021,37.557331],[127.176061,37.557366],[127.176043,37.557421],[127.181544,37.558613],[127.181646,37.558542],[127.181614,37.558365],[127.181757,37.55838],[127.181812,37.558989],[127.182021,37.559947],[127.182041,37.560405],[127.18197,37.560722],[127.181995,37.560992],[127.181622,37.561814],[127.181505,37.562144],[127.181514,37.562267],[127.181185,37.563017],[127.180994,37.563322],[127.180846,37.563469],[127.180625,37.563919],[127.180194,37.564587],[127.179784,37.565055],[127.179584,37.565496],[127.179468,37.56627],[127.179429,37.567172],[127.179438,37.5676],[127.179496,37.56773],[127.179339,37.568137],[127.179216,37.568918],[127.179063,37.569237],[127.178654,37.569768],[127.178384,37.57041],[127.178321,37.570707],[127.177982,37.571153],[127.177839,37.571463],[127.177795,37.571794],[127.177876,37.57187],[127.177819,37.572058],[127.177387,37.572523],[127.176943,37.573294],[127.176637,37.573585],[127.176498,37.573801],[127.176131,37.574088],[127.176026,37.574359],[127.175683,37.574899],[127.175764,37.575661],[127.175528,37.576681],[127.175498,37.57702],[127.175327,37.577235],[127.17536,37.577523],[127.175331,37.577705],[127.175415,37.578299],[127.175591,37.578455],[127.175962,37.578559],[127.176179,37.578743],[127.176537,37.578932],[127.176988,37.579416],[127.177142,37.579858],[127.177082,37.580477],[127.177155,37.5812],[127.176518,37.581034],[127.175074,37.580255],[127.171837,37.579262],[127.170251,37.579016],[127.166747,37.578975],[127.162555,37.57673],[127.162007,37.576386]]]}}]}
