{"type":"FeatureCollection","source":"행정구역 경계: GIS Developer(gisdeveloper.co.kr), 원본 도로명주소 DB","features":[{"type":"Feature","properties":{"sgg_cd":"11110","gu_name":"종로구","label":[126.97732,37.59492]},"geometry":{"type":"Polygon","coordinates":[[[126.96557,37.56691],[126.9667,37.56582],[126.9691,37.56825],[126.96927,37.56813],[126.96942,37.56828],[126.96951,37.56816],[126.97034,37.56852],[126.97077,37.5686],[126.97118,37.56882],[126.97151,37.56871],[126.97166,37.56841],[126.97255,37.56847],[126.97242,37.56883],[126.97259,37.56906],[126.97281,37.569],[126.97288,37.56919],[126.97319,37.56916],[126.9732,37.56932],[126.9742,37.56934],[126.97429,37.56933],[126.97428,37.56925],[126.97471,37.5692],[126.97638,37.56948],[126.97644,37.56924],[126.97757,37.56926],[126.97758,37.56931],[126.97801,37.56918],[126.98056,37.56899],[126.98268,37.56901],[126.98664,37.56823],[126.98892,37.5681],[126.99015,37.56814],[126.99796,37.56884],[127.00226,37.56962],[127.00597,37.56961],[127.01004,37.56977],[127.01308,37.5697],[127.01559,37.56973],[127.01728,37.57006],[127.01902,37.57101],[127.02075,37.57172],[127.0222,37.57202],[127.02336,37.57191],[127.02314,37.57802],[127.02298,37.57783],[127.02288,37.57783],[127.02253,37.57808],[127.02276,37.57834],[127.02182,37.57886],[127.02148,37.57886],[127.01937,37.57808],[127.0195,37.57791],[127.01919,37.57781],[127.01877,37.57752],[127.01842,37.57767],[127.01811,37.57758],[127.0177,37.57814],[127.01815,37.57861],[127.01828,37.57903],[127.01797,37.57952],[127.01758,37.57972],[127.0173,37.58025],[127.01728,37.58055],[127.01687,37.58088],[127.01693,37.58104],[127.01681,37.58118],[127.01683,37.58143],[127.01668,37.58171],[127.01636,37.58194],[127.01561,37.58178],[127.01537,37.58182],[127.01532,37.58199],[127.01481,37.58233],[127.01422,37.58208],[127.01408,37.5818],[127.01345,37.58163],[127.01319,37.58142],[127.01285,37.58136],[127.01212,37.58157],[127.01176,37.58156],[127.01111,37.58104],[127.01059,37.58025],[127.00864,37.58047],[127.00833,37.58106],[127.00801,37.58123],[127.0078,37.5815],[127.00748,37.58165],[127.00732,37.58187],[127.00702,37.58201],[127.00675,37.58234],[127.00715,37.5829],[127.00727,37.58333],[127.00689,37.5847],[127.0069,37.58528],[127.00655,37.58555],[127.00663,37.58613],[127.00587,37.58697],[127.00512,37.58699],[127.00425,37.58718],[127.00413,37.58761],[127.00402,37.58772],[127.00408,37.58773],[127.004,37.5878],[127.00389,37.58775],[127.00399,37.58794],[127.00392,37.58803],[127.00369,37.58804],[127.00352,37.58814],[127.00339,37.58857],[127.00329,37.58866],[127.00282,37.58877],[127.00222,37.58917],[127.00201,37.58968],[127.00147,37.59015],[127.00146,37.59055],[127.00178,37.59102],[127.00173,37.59135],[127.00145,37.59183],[127.00095,37.5923],[126.99945,37.59223],[126.99873,37.59247],[126.99847,37.59247],[126.99744,37.59222],[126.99677,37.59222],[126.99641,37.5921],[126.99536,37.59228],[126.99475,37.59168],[126.99431,37.59146],[126.99382,37.59145],[126.99367,37.59152],[126.99356,37.59173],[126.99216,37.59199],[126.99186,37.59186],[126.99164,37.59147],[126.99143,37.59141],[126.99097,37.59153],[126.98987,37.59147],[126.98922,37.59126],[126.98852,37.59194],[126.98776,37.59226],[126.98717,37.59272],[126.9867,37.59275],[126.98627,37.59328],[126.98612,37.59378],[126.98578,37.59425],[126.98543,37.59445],[126.98515,37.5945],[126.9845,37.59437],[126.98384,37.59443],[126.98347,37.59468],[126.98292,37.59478],[126.98248,37.5952],[126.98149,37.59534],[126.98091,37.59584],[126.98026,37.59595],[126.97979,37.59622],[126.97911,37.59639],[126.97874,37.59663],[126.97857,37.59679],[126.97855,37.59699],[126.97863,37.59706],[126.97857,37.59725],[126.97795,37.59768],[126.97691,37.59772],[126.97672,37.59791],[126.97714,37.59846],[126.97741,37.5991],[126.97742,37.59942],[126.97768,37.60023],[126.97794,37.60031],[126.97825,37.6008],[126.9785,37.601],[126.97921,37.60104],[126.98013,37.60146],[126.98047,37.60147],[126.98067,37.60162],[126.98257,37.60226],[126.98285,37.60214],[126.98398,37.60321],[126.98434,37.60312],[126.98474,37.60337],[126.98576,37.60345],[126.98593,37.60364],[126.98667,37.60402],[126.98679,37.60451],[126.98667,37.60507],[126.98676,37.60609],[126.98631,37.60651],[126.98637,37.60686],[126.98611,37.60739],[126.98625,37.60772],[126.9867,37.60828],[126.98683,37.60887],[126.98587,37.60946],[126.98579,37.6109],[126.98565,37.61138],[126.98618,37.61298],[126.98614,37.61322],[126.98641,37.61355],[126.98658,37.61398],[126.98542,37.61514],[126.98516,37.6155],[126.98454,37.616],[126.9844,37.61687],[126.98372,37.61777],[126.98316,37.61925],[126.98318,37.6202],[126.98365,37.62115],[126.98183,37.62432],[126.98091,37.62539],[126.9796,37.62638],[126.97987,37.62745],[126.98019,37.62793],[126.97993,37.62856],[126.97953,37.62889],[126.97842,37.62929],[126.97496,37.629],[126.97467,37.6298],[126.97507,37.63118],[126.97539,37.63173],[126.97445,37.63198],[126.97367,37.63203],[126.97303,37.63238],[126.97133,37.63162],[126.97058,37.63148],[126.96939,37.63102],[126.96824,37.63073],[126.9668,37.63069],[126.96605,37.63082],[126.96523,37.63077],[126.96433,37.63036],[126.96377,37.62979],[126.96144,37.62996],[126.95881,37.62959],[126.95842,37.62947],[126.95747,37.62913],[126.95673,37.62862],[126.95638,37.62822],[126.95557,37.62825],[126.95521,37.62815],[126.95404,37.62736],[126.95349,37.62737],[126.95276,37.62707],[126.95198,37.62687],[126.95158,37.62656],[126.95041,37.62642],[126.949,37.62434],[126.9489,37.62325],[126.94923,37.62234],[126.9499,37.62092],[126.94984,37.61877],[126.95045,37.61608],[126.9507,37.61553],[126.95056,37.61512],[126.95077,37.61386],[126.95071,37.61352],[126.94981,37.61166],[126.95038,37.61058],[126.95033,37.60911],[126.95054,37.60887],[126.9506,37.60836],[126.95145,37.60802],[126.95174,37.60739],[126.95259,37.60666],[126.9527,37.60632],[126.95271,37.60591],[126.9531,37.6055],[126.95406,37.60507],[126.95396,37.6048],[126.95357,37.60448],[126.95342,37.60422],[126.95328,37.60366],[126.95271,37.60289],[126.95267,37.60271],[126.95238,37.60248],[126.95255,37.60189],[126.95247,37.60162],[126.9526,37.60123],[126.95286,37.6009],[126.95291,37.60071],[126.95323,37.60044],[126.95336,37.60017],[126.95332,37.59977],[126.95338,37.59953],[126.95305,37.59907],[126.95306,37.59876],[126.95324,37.5986],[126.95351,37.59858],[126.95384,37.59867],[126.95414,37.5991],[126.95488,37.59931],[126.95541,37.59927],[126.95601,37.59911],[126.95654,37.59883],[126.9566,37.59887],[126.95678,37.59875],[126.95675,37.59857],[126.95731,37.59853],[126.95771,37.59837],[126.95804,37.59816],[126.95827,37.59779],[126.9584,37.59714],[126.95871,37.59638],[126.95865,37.59586],[126.95905,37.59503],[126.95903,37.59479],[126.95865,37.59446],[126.95854,37.59418],[126.95752,37.59353],[126.95751,37.59306],[126.95781,37.59257],[126.95782,37.59146],[126.95748,37.59007],[126.95733,37.58872],[126.95746,37.58795],[126.95737,37.58697],[126.95746,37.58602],[126.95782,37.585],[126.95776,37.58491],[126.95799,37.58443],[126.95798,37.58412],[126.95765,37.58317],[126.95759,37.58286],[126.95768,37.58262],[126.95755,37.5823],[126.95816,37.58117],[126.95817,37.58098],[126.95803,37.58073],[126.9573,37.58044],[126.95722,37.58035],[126.9572,37.57982],[126.95568,37.57968],[126.95511,37.5793],[126.95398,37.57896],[126.95356,37.57875],[126.95545,37.57655],[126.95563,37.57659],[126.95637,37.57568],[126.95834,37.5741],[126.96378,37.56885],[126.96557,37.56691]]]}},{"type":"Feature","properties":{"sgg_cd":"11140","gu_name":"중구","label":[126.99597,37.56014]},"geometry":{"type":"Polygon","coordinates":[[[126.98258,37.56902],[126.98056,37.56899],[126.97801,37.56918],[126.97758,37.56931],[126.97757,37.56926],[126.97644,37.56924],[126.97638,37.56948],[126.97471,37.5692],[126.97428,37.56925],[126.97429,37.56933],[126.9742,37.56934],[126.9732,37.56932],[126.97319,37.56916],[126.97288,37.56919],[126.97281,37.569],[126.97259,37.56906],[126.97242,37.56883],[126.97255,37.56847],[126.97166,37.56841],[126.97151,37.56871],[126.97118,37.56882],[126.97077,37.5686],[126.97034,37.56852],[126.96951,37.56816],[126.96942,37.56828],[126.96927,37.56813],[126.9691,37.56825],[126.9667,37.56582],[126.96756,37.56488],[126.9686,37.56346],[126.96946,37.56198],[126.96815,37.56162],[126.96744,37.56151],[126.96683,37.56127],[126.96559,37.56037],[126.96396,37.55945],[126.96321,37.5592],[126.96167,37.55903],[126.96174,37.55881],[126.96155,37.55862],[126.96157,37.55842],[126.96208,37.55846],[126.9628,37.55807],[126.96308,37.5582],[126.96305,37.55741],[126.96325,37.55727],[126.96344,37.55685],[126.96277,37.556],[126.96248,37.55591],[126.96214,37.55553],[126.96198,37.55513],[126.96178,37.55498],[126.96229,37.55291],[126.96229,37.55188],[126.96241,37.55165],[126.96234,37.55155],[126.96338,37.55226],[126.96463,37.55337],[126.96571,37.55415],[126.96702,37.55455],[126.96918,37.55566],[126.96917,37.55488],[126.97241,37.55488],[126.97241,37.55465],[126.97435,37.55355],[126.97583,37.55339],[126.97643,37.55309],[126.97655,37.55522],[126.97726,37.55501],[126.9781,37.55441],[126.9788,37.55409],[126.97871,37.5538],[126.97873,37.5532],[126.98035,37.55339],[126.98085,37.55386],[126.98119,37.55381],[126.98172,37.55386],[126.98202,37.55379],[126.98248,37.55348],[126.98331,37.55336],[126.98368,37.55312],[126.98403,37.55304],[126.98462,37.55314],[126.98542,37.55371],[126.98611,37.55334],[126.9866,37.55258],[126.98708,37.55227],[126.98756,37.55149],[126.98772,37.55145],[126.98866,37.55155],[126.98938,37.55128],[126.99025,37.55128],[126.99076,37.55108],[126.991,37.55077],[126.99165,37.55027],[126.99237,37.55006],[126.99296,37.54952],[126.99311,37.5491],[126.99337,37.54881],[126.99401,37.54841],[126.99446,37.54749],[126.99522,37.54723],[126.99635,37.54745],[126.9967,37.54782],[126.99675,37.54852],[126.99738,37.549],[126.99743,37.54916],[126.99766,37.54936],[126.99832,37.54969],[126.99891,37.5498],[126.99909,37.54973],[127.00012,37.54982],[127.00052,37.55002],[127.00111,37.5499],[127.00135,37.55003],[127.00168,37.55006],[127.002,37.54995],[127.0022,37.54971],[127.00283,37.54963],[127.00342,37.55002],[127.00434,37.55021],[127.00458,37.5498],[127.00469,37.54868],[127.00496,37.54843],[127.0057,37.54828],[127.00608,37.54837],[127.00613,37.54821],[127.00557,37.54753],[127.00533,37.54735],[127.00543,37.54706],[127.00502,37.54617],[127.00726,37.54386],[127.00899,37.54413],[127.00892,37.54448],[127.00854,37.54458],[127.00815,37.54506],[127.00871,37.54601],[127.00921,37.54638],[127.0091,37.54705],[127.00932,37.54747],[127.00968,37.54789],[127.01002,37.5479],[127.01059,37.54827],[127.01093,37.54818],[127.01159,37.54849],[127.01183,37.54875],[127.01217,37.54942],[127.01243,37.54949],[127.01364,37.55044],[127.01598,37.55259],[127.01616,37.55261],[127.01637,37.55311],[127.01699,37.55366],[127.01694,37.5538],[127.01702,37.55408],[127.01686,37.55447],[127.01711,37.5549],[127.01724,37.55497],[127.01736,37.55592],[127.01772,37.55651],[127.01804,37.55685],[127.01941,37.55744],[127.01968,37.55726],[127.01958,37.5575],[127.0209,37.55783],[127.02093,37.55776],[127.02192,37.55748],[127.02255,37.55783],[127.02289,37.55783],[127.02292,37.55833],[127.02285,37.55898],[127.02241,37.55904],[127.02279,37.55937],[127.02322,37.56],[127.02339,37.56073],[127.0245,37.56186],[127.02594,37.56262],[127.02651,37.56337],[127.02675,37.56389],[127.02669,37.56415],[127.0268,37.5642],[127.02667,37.5645],[127.02673,37.56477],[127.02666,37.56479],[127.02679,37.56504],[127.02358,37.56518],[127.02339,37.5719],[127.02292,37.57199],[127.022,37.572],[127.02075,37.57172],[127.01902,37.57101],[127.01728,37.57006],[127.01611,37.56979],[127.0153,37.5697],[127.01004,37.56977],[127.00597,37.56961],[127.00226,37.56962],[126.99734,37.56877],[126.98952,37.56811],[126.98664,37.56823],[126.98258,37.56902]]]}},{"type":"Feature","properties":{"sgg_cd":"11170","gu_name":"용산구","label":[126.97991,37.53139]},"geometry":{"type":"Polygon","coordinates":[[[126.95664,37.54061],[126.95573,37.53947],[126.95519,37.53919],[126.9541,37.53893],[126.95365,37.53833],[126.95338,37.53755],[126.95211,37.53677],[126.95155,37.53654],[126.95129,37.53629],[126.9506,37.5361],[126.94991,37.53605],[126.949,37.53575],[126.94879,37.53558],[126.94828,37.53565],[126.94785,37.53562],[126.94759,37.53584],[126.94749,37.53583],[126.94739,37.53538],[126.94747,37.53531],[126.94738,37.53522],[126.94719,37.53537],[126.94652,37.53558],[126.94642,37.53574],[126.94627,37.53569],[126.94544,37.53518],[126.94556,37.53498],[126.94509,37.53496],[126.94482,37.53452],[126.94493,37.53424],[126.94459,37.53378],[126.94988,37.52703],[126.94989,37.51751],[126.95471,37.51603],[126.96119,37.51346],[126.9619,37.51309],[126.96259,37.51262],[126.96497,37.51082],[126.96686,37.5099],[126.97012,37.50901],[126.97525,37.50702],[126.97819,37.50656],[126.98554,37.50654],[126.99068,37.5131],[127.00079,37.5195],[127.00646,37.52344],[127.00987,37.5269],[127.01229,37.52954],[127.01335,37.53055],[127.01502,37.53213],[127.01555,37.53243],[127.01744,37.53399],[127.01753,37.53765],[127.01645,37.5379],[127.01567,37.53827],[127.01548,37.53823],[127.01545,37.5383],[127.01523,37.53833],[127.01503,37.53827],[127.015,37.53854],[127.01479,37.5388],[127.01403,37.53883],[127.01387,37.53907],[127.01322,37.53889],[127.01282,37.53927],[127.01261,37.53934],[127.01148,37.53901],[127.01072,37.53928],[127.00983,37.53945],[127.00941,37.54003],[127.00925,37.54057],[127.00928,37.54105],[127.00921,37.54127],[127.00876,37.542],[127.00897,37.5423],[127.00903,37.54274],[127.009,37.54414],[127.00726,37.54386],[127.00502,37.54617],[127.00543,37.54706],[127.00533,37.54735],[127.00557,37.54753],[127.00613,37.54821],[127.00608,37.54837],[127.0057,37.54828],[127.00496,37.54843],[127.00469,37.54868],[127.00458,37.5498],[127.00434,37.55021],[127.00342,37.55002],[127.00283,37.54963],[127.0022,37.54971],[127.002,37.54995],[127.00168,37.55006],[127.00135,37.55003],[127.00111,37.5499],[127.00052,37.55002],[127.00012,37.54982],[126.99909,37.54973],[126.99891,37.5498],[126.99832,37.54969],[126.99766,37.54936],[126.99743,37.54916],[126.99738,37.549],[126.99675,37.54852],[126.9967,37.54782],[126.99635,37.54745],[126.99522,37.54723],[126.99446,37.54749],[126.99401,37.54841],[126.99337,37.54881],[126.99311,37.5491],[126.99296,37.54952],[126.99237,37.55006],[126.99165,37.55027],[126.991,37.55077],[126.99076,37.55108],[126.99025,37.55128],[126.98938,37.55128],[126.98866,37.55155],[126.98772,37.55145],[126.98756,37.55149],[126.98708,37.55227],[126.9866,37.55258],[126.98611,37.55334],[126.98542,37.55371],[126.98462,37.55314],[126.98403,37.55304],[126.98368,37.55312],[126.98331,37.55336],[126.98248,37.55348],[126.98202,37.55379],[126.98172,37.55386],[126.98119,37.55381],[126.98085,37.55386],[126.98035,37.55339],[126.97873,37.5532],[126.97871,37.5538],[126.9788,37.55409],[126.9781,37.55441],[126.97726,37.55501],[126.97655,37.55522],[126.97643,37.55309],[126.97583,37.55339],[126.97435,37.55355],[126.97241,37.55465],[126.97241,37.55488],[126.96917,37.55488],[126.96918,37.55566],[126.96702,37.55455],[126.96571,37.55415],[126.96463,37.55337],[126.96338,37.55226],[126.96234,37.55155],[126.9624,37.55138],[126.96319,37.55066],[126.96323,37.55046],[126.96349,37.55018],[126.96355,37.54995],[126.9639,37.54976],[126.96371,37.54925],[126.96373,37.54879],[126.96334,37.54864],[126.96294,37.54869],[126.96224,37.54862],[126.96222,37.54813],[126.9617,37.54759],[126.96108,37.54742],[126.96013,37.54637],[126.96005,37.54607],[126.95953,37.54597],[126.95932,37.54604],[126.95897,37.54574],[126.95841,37.54551],[126.95791,37.54546],[126.95782,37.54514],[126.95811,37.54442],[126.95757,37.54422],[126.95745,37.544],[126.95754,37.54371],[126.95741,37.54323],[126.95758,37.54297],[126.95809,37.54291],[126.95835,37.54276],[126.95818,37.54231],[126.95699,37.54164],[126.95685,37.54114],[126.95672,37.54086],[126.95652,37.54071],[126.95664,37.54061]]]}},{"type":"Feature","properties":{"sgg_cd":"11200","gu_name":"성동구","label":[127.04106,37.55103]},"geometry":{"type":"Polygon","coordinates":[[[127.03813,37.57227],[127.03676,37.57224],[127.03565,37.572],[127.03418,37.57139],[127.03306,37.57051],[127.03257,37.57024],[127.03155,37.56986],[127.03096,37.56978],[127.03029,37.56981],[127.02768,37.57041],[127.02728,37.57091],[127.02616,37.57125],[127.02572,37.5709],[127.02519,37.57085],[127.0246,37.57104],[127.02417,37.57144],[127.02339,37.57191],[127.02358,37.56518],[127.02679,37.56504],[127.02666,37.56479],[127.02673,37.56477],[127.02667,37.5645],[127.0268,37.5642],[127.02669,37.56415],[127.02675,37.56389],[127.02661,37.56357],[127.02594,37.56262],[127.0245,37.56186],[127.02339,37.56073],[127.02322,37.56],[127.02279,37.55937],[127.02241,37.55904],[127.02285,37.55898],[127.02289,37.55783],[127.02255,37.55783],[127.02192,37.55748],[127.02093,37.55776],[127.0209,37.55783],[127.01958,37.5575],[127.01968,37.55726],[127.01941,37.55744],[127.01804,37.55685],[127.01772,37.55651],[127.01736,37.55592],[127.01724,37.55497],[127.01711,37.5549],[127.01686,37.55447],[127.01702,37.55408],[127.01694,37.5538],[127.01699,37.55366],[127.01637,37.55311],[127.01616,37.55261],[127.01598,37.55259],[127.01364,37.55044],[127.01243,37.54949],[127.01217,37.54942],[127.01183,37.54875],[127.01159,37.54849],[127.01093,37.54818],[127.01059,37.54827],[127.01002,37.5479],[127.00968,37.54789],[127.00932,37.54747],[127.0091,37.54705],[127.00921,37.54638],[127.00871,37.54601],[127.00815,37.54506],[127.00854,37.54458],[127.00892,37.54448],[127.00903,37.54398],[127.00903,37.54274],[127.00897,37.5423],[127.00876,37.542],[127.00921,37.54127],[127.00928,37.54105],[127.00925,37.54057],[127.00941,37.54003],[127.00995,37.53939],[127.01072,37.53928],[127.01148,37.53901],[127.01261,37.53934],[127.01282,37.53927],[127.01322,37.53889],[127.01387,37.53907],[127.01403,37.53883],[127.01479,37.5388],[127.015,37.53854],[127.01503,37.53827],[127.01523,37.53833],[127.01545,37.5383],[127.01548,37.53823],[127.01567,37.53827],[127.01645,37.5379],[127.01753,37.53765],[127.01744,37.53399],[127.01775,37.53425],[127.02118,37.53582],[127.03968,37.53584],[127.04019,37.53577],[127.04601,37.53426],[127.04949,37.53222],[127.05513,37.52867],[127.05622,37.52832],[127.07373,37.55941],[127.07086,37.56058],[127.05876,37.56231],[127.04795,37.57038],[127.04191,37.57297],[127.03818,37.57302],[127.03813,37.57227]]]}},{"type":"Feature","properties":{"sgg_cd":"11215","gu_name":"광진구","label":[127.08575,37.54672]},"geometry":{"type":"Polygon","coordinates":[[[127.11386,37.55843],[127.1123,37.559],[127.11142,37.55852],[127.11035,37.55825],[127.10953,37.55855],[127.10922,37.55839],[127.10854,37.55824],[127.10831,37.55803],[127.10765,37.55771],[127.10715,37.55711],[127.10668,37.55682],[127.1064,37.55646],[127.1054,37.55633],[127.10493,37.55642],[127.10428,37.55756],[127.1039,37.5578],[127.10285,37.55871],[127.10271,37.55902],[127.10234,37.55915],[127.10186,37.55949],[127.10128,37.56047],[127.10112,37.56105],[127.1012,37.56158],[127.10167,37.56263],[127.10162,37.56329],[127.10184,37.56382],[127.10223,37.56431],[127.10239,37.56564],[127.10345,37.57005],[127.10385,37.57049],[127.10423,37.57139],[127.10368,37.57191],[127.10313,37.57228],[127.10224,37.57216],[127.10166,37.5724],[127.10094,37.57335],[127.10089,37.57376],[127.09947,37.57275],[127.09858,37.57263],[127.09832,37.57234],[127.09638,37.57135],[127.0959,37.57139],[127.09561,37.57062],[127.0948,37.57076],[127.094,37.57063],[127.0905,37.5697],[127.0884,37.57018],[127.08818,37.57085],[127.08617,37.57083],[127.08334,37.57137],[127.07823,37.57189],[127.07688,37.56793],[127.07409,37.56459],[127.07238,37.55996],[127.07373,37.55941],[127.05622,37.52832],[127.06016,37.52709],[127.06546,37.52507],[127.06646,37.52496],[127.06746,37.52461],[127.06866,37.52387],[127.07206,37.52341],[127.07432,37.52287],[127.07694,37.52251],[127.07998,37.52295],[127.0811,37.52341],[127.08563,37.52476],[127.09012,37.527],[127.10203,37.53645],[127.10197,37.53649],[127.10203,37.53645],[127.10828,37.54141],[127.10845,37.54204],[127.11021,37.54502],[127.11147,37.54694],[127.11155,37.55051],[127.1141,37.55409],[127.11525,37.55676],[127.11332,37.55683],[127.11335,37.55718],[127.11353,37.55753],[127.11357,37.55796],[127.11386,37.55843]]]}},{"type":"Feature","properties":{"sgg_cd":"11230","gu_name":"동대문구","label":[127.05485,37.58196]},"geometry":{"type":"Polygon","coordinates":[[[127.02441,37.57919],[127.0233,37.57843],[127.02327,37.5782],[127.02314,37.57802],[127.02336,37.57191],[127.02417,37.57144],[127.0246,37.57104],[127.02519,37.57085],[127.02552,37.57084],[127.02574,37.57091],[127.02616,37.57125],[127.02728,37.57091],[127.02768,37.57041],[127.03029,37.56981],[127.03126,37.5698],[127.03257,37.57024],[127.03306,37.57051],[127.03418,37.57139],[127.03559,37.57198],[127.03671,37.57224],[127.03813,37.57227],[127.03818,37.57302],[127.04191,37.57297],[127.04796,37.57038],[127.05876,37.56231],[127.07086,37.56058],[127.07239,37.55996],[127.07409,37.56459],[127.07688,37.56793],[127.07823,37.57189],[127.07723,37.57292],[127.07722,37.57354],[127.07646,37.57934],[127.07618,37.5803],[127.07582,37.58094],[127.07525,37.58099],[127.07483,37.58179],[127.07216,37.58496],[127.07264,37.58651],[127.07238,37.58667],[127.07236,37.58683],[127.0719,37.58763],[127.07104,37.58896],[127.0706,37.58915],[127.0703,37.58954],[127.07023,37.58996],[127.07061,37.59096],[127.07072,37.59148],[127.07072,37.59189],[127.07044,37.59291],[127.06943,37.59512],[127.06949,37.59724],[127.06984,37.59773],[127.07079,37.59862],[127.07151,37.5991],[127.072,37.59963],[127.07249,37.60024],[127.07287,37.60107],[127.07287,37.60133],[127.07241,37.60288],[127.07153,37.60464],[127.07106,37.60763],[127.07067,37.60756],[127.07039,37.60719],[127.07037,37.60704],[127.07026,37.60703],[127.07012,37.60726],[127.06977,37.60726],[127.06867,37.60675],[127.06861,37.60663],[127.06769,37.60651],[127.06637,37.60585],[127.06619,37.60558],[127.06552,37.60548],[127.06498,37.60583],[127.06363,37.60523],[127.06309,37.60525],[127.06219,37.60513],[127.06218,37.60494],[127.06196,37.60489],[127.06149,37.60447],[127.06146,37.60426],[127.06077,37.60348],[127.06071,37.60353],[127.06043,37.60341],[127.06017,37.60316],[127.0601,37.60305],[127.06014,37.60283],[127.05993,37.60228],[127.06018,37.6017],[127.06001,37.60157],[127.05966,37.60152],[127.05934,37.60135],[127.05916,37.60106],[127.05733,37.60117],[127.05722,37.60128],[127.05733,37.60153],[127.05628,37.60134],[127.0554,37.60102],[127.05508,37.60134],[127.05424,37.60065],[127.05382,37.60061],[127.05389,37.60042],[127.05362,37.60048],[127.05208,37.60015],[127.0518,37.60049],[127.05169,37.60078],[127.0512,37.60116],[127.05102,37.6011],[127.0504,37.60058],[127.05044,37.6001],[127.04975,37.59976],[127.04913,37.59874],[127.04914,37.5984],[127.04906,37.59813],[127.04856,37.59763],[127.04796,37.59727],[127.04782,37.59676],[127.04745,37.59651],[127.0473,37.59615],[127.04677,37.59604],[127.04619,37.59619],[127.04551,37.59662],[127.04479,37.59636],[127.04412,37.59639],[127.04371,37.59626],[127.04302,37.59696],[127.04269,37.59673],[127.04184,37.59646],[127.04139,37.59549],[127.04108,37.59556],[127.04076,37.59529],[127.04064,37.59541],[127.04016,37.59457],[127.03874,37.59128],[127.03622,37.59119],[127.03633,37.59013],[127.03554,37.58893],[127.03388,37.58752],[127.03332,37.58672],[127.03303,37.58645],[127.03207,37.58586],[127.0323,37.58567],[127.03164,37.58536],[127.03159,37.58517],[127.03098,37.58428],[127.02955,37.58269],[127.02441,37.57919]]]}},{"type":"Feature","properties":{"sgg_cd":"11260","gu_name":"중랑구","label":[127.09288,37.59782]},"geometry":{"type":"Polygon","coordinates":[[[127.08817,37.61988],[127.08736,37.62015],[127.08668,37.62027],[127.08607,37.62029],[127.08495,37.6201],[127.08379,37.61978],[127.08382,37.61971],[127.08279,37.6194],[127.0814,37.61919],[127.08065,37.61857],[127.08044,37.61848],[127.08007,37.61842],[127.08008,37.61862],[127.07911,37.61839],[127.0777,37.61791],[127.07773,37.61787],[127.07757,37.61774],[127.07749,37.61783],[127.07554,37.61716],[127.07441,37.61703],[127.07416,37.61683],[127.07139,37.6164],[127.07109,37.61621],[127.07112,37.61595],[127.07019,37.61545],[127.07014,37.61535],[127.07107,37.61475],[127.07145,37.61418],[127.07173,37.61351],[127.07166,37.61241],[127.0711,37.60847],[127.07108,37.60732],[127.07153,37.60464],[127.07241,37.60288],[127.07287,37.60133],[127.07287,37.60107],[127.07249,37.60024],[127.07189,37.59951],[127.07117,37.59881],[127.07079,37.59862],[127.06958,37.59742],[127.06949,37.59724],[127.06943,37.59521],[127.07044,37.59291],[127.07072,37.59189],[127.07072,37.59148],[127.07103,37.59147],[127.07072,37.59148],[127.07023,37.58996],[127.0703,37.58953],[127.0706,37.58915],[127.07104,37.58896],[127.0719,37.58763],[127.07236,37.58683],[127.07238,37.58667],[127.07264,37.58651],[127.07216,37.58496],[127.07483,37.58179],[127.07525,37.58099],[127.07582,37.58094],[127.07629,37.58002],[127.07646,37.57934],[127.07677,37.57697],[127.07722,37.57354],[127.07723,37.57292],[127.07822,37.57189],[127.08334,37.57137],[127.08617,37.57083],[127.08818,37.57085],[127.0884,37.57018],[127.0905,37.5697],[127.094,37.57063],[127.0948,37.57076],[127.09561,37.57062],[127.0959,37.57139],[127.09638,37.57135],[127.09832,37.57234],[127.09858,37.57263],[127.09947,37.57275],[127.10073,37.57359],[127.10095,37.57382],[127.1009,37.57439],[127.10125,37.57517],[127.10114,37.57607],[127.10173,37.57697],[127.10196,37.57755],[127.10303,37.57891],[127.10289,37.57991],[127.10344,37.5806],[127.10599,37.58194],[127.10724,37.58232],[127.10781,37.58288],[127.10844,37.58324],[127.10897,37.58338],[127.10938,37.58409],[127.10938,37.58456],[127.10973,37.58524],[127.10999,37.58602],[127.11015,37.58743],[127.10993,37.58787],[127.11016,37.58743],[127.11043,37.58807],[127.11068,37.58916],[127.11334,37.59326],[127.11367,37.59336],[127.11541,37.59353],[127.11666,37.59402],[127.11688,37.5955],[127.11549,37.59765],[127.11406,37.59952],[127.11402,37.59997],[127.11408,37.60012],[127.11496,37.60077],[127.11558,37.60172],[127.11572,37.60211],[127.11687,37.60305],[127.11738,37.60394],[127.11805,37.6046],[127.11809,37.60557],[127.118,37.60589],[127.11806,37.60659],[127.11848,37.60761],[127.11803,37.60817],[127.11726,37.60865],[127.1167,37.60885],[127.11688,37.60951],[127.11677,37.60984],[127.11679,37.61028],[127.11696,37.61071],[127.11721,37.61102],[127.11748,37.61177],[127.11724,37.61263],[127.11706,37.61414],[127.11668,37.61467],[127.1168,37.61496],[127.11667,37.61601],[127.11726,37.61673],[127.11701,37.61737],[127.11715,37.61789],[127.11587,37.61858],[127.1162,37.61893],[127.11571,37.61963],[127.11502,37.61954],[127.11351,37.62004],[127.11214,37.62031],[127.11052,37.62105],[127.11002,37.6207],[127.10913,37.62051],[127.10708,37.62047],[127.10644,37.62056],[127.10556,37.62016],[127.10556,37.62037],[127.10488,37.62008],[127.10492,37.62004],[127.10405,37.62004],[127.1038,37.62024],[127.10339,37.62027],[127.10319,37.62015],[127.10169,37.62002],[127.10179,37.61968],[127.10168,37.61947],[127.10087,37.6194],[127.09966,37.61991],[127.09959,37.62],[127.09964,37.61989],[127.09882,37.62039],[127.09849,37.6202],[127.09665,37.61956],[127.09662,37.61943],[127.0962,37.61902],[127.09555,37.61917],[127.09445,37.619],[127.09365,37.61807],[127.09321,37.61802],[127.09233,37.61835],[127.09138,37.61896],[127.08946,37.61965],[127.08871,37.62024],[127.08835,37.61992],[127.08817,37.61988]]]}},{"type":"Feature","properties":{"sgg_cd":"11290","gu_name":"성북구","label":[127.01758,37.6057]},"geometry":{"type":"Polygon","coordinates":[[[127.01691,37.61482],[127.01652,37.61494],[127.01596,37.61476],[127.01525,37.61467],[127.01445,37.61468],[127.01362,37.61542],[127.01209,37.616],[127.01181,37.61632],[127.01141,37.61643],[127.01094,37.61629],[127.01023,37.6168],[127.01014,37.6168],[127.01014,37.61706],[127.01,37.61727],[127.01005,37.61766],[127.00954,37.61821],[127.00907,37.61829],[127.00855,37.61867],[127.0084,37.61911],[127.00794,37.61941],[127.00775,37.61963],[127.00786,37.61986],[127.0076,37.62001],[127.00721,37.62051],[127.00732,37.62069],[127.0072,37.62086],[127.00741,37.62139],[127.00758,37.6215],[127.00744,37.62176],[127.00763,37.62226],[127.00755,37.62269],[127.00779,37.62294],[127.00774,37.62335],[127.0079,37.62376],[127.00786,37.62402],[127.00733,37.62413],[127.00571,37.62398],[127.00557,37.62385],[127.00518,37.624],[127.00488,37.62382],[127.00456,37.62408],[127.00441,37.62406],[127.00389,37.62423],[127.00352,37.62493],[127.00298,37.62527],[127.00213,37.62543],[127.00176,37.62564],[127.0007,37.6257],[127.0002,37.62582],[126.99985,37.62604],[126.99927,37.62619],[126.99849,37.62708],[126.99789,37.62754],[126.99756,37.62806],[126.99678,37.62866],[126.9965,37.62909],[126.99604,37.62935],[126.99539,37.63025],[126.99474,37.63052],[126.99426,37.63085],[126.99411,37.63111],[126.99372,37.63145],[126.99184,37.63228],[126.99137,37.63261],[126.98993,37.6328],[126.98985,37.63345],[126.98946,37.634],[126.98874,37.63394],[126.98857,37.63379],[126.98818,37.63449],[126.98743,37.63496],[126.98633,37.63547],[126.98592,37.63579],[126.98396,37.63644],[126.98359,37.63641],[126.98279,37.63581],[126.98252,37.63579],[126.98216,37.63528],[126.98168,37.63493],[126.98151,37.63472],[126.98141,37.63483],[126.98061,37.63482],[126.97965,37.63421],[126.9792,37.63408],[126.97846,37.63405],[126.9778,37.63391],[126.97733,37.63358],[126.97701,37.63297],[126.97622,37.63223],[126.97583,37.63201],[126.97558,37.63175],[126.97536,37.6317],[126.97507,37.63118],[126.97467,37.6298],[126.97496,37.629],[126.97842,37.62929],[126.97953,37.62889],[126.97993,37.62856],[126.98019,37.62793],[126.97987,37.62745],[126.9796,37.62638],[126.98091,37.62539],[126.98183,37.62432],[126.98365,37.62115],[126.98318,37.6202],[126.98316,37.61925],[126.98372,37.61777],[126.9844,37.61687],[126.98454,37.616],[126.98516,37.6155],[126.98541,37.61514],[126.98658,37.61398],[126.98641,37.61355],[126.98614,37.61322],[126.98618,37.61298],[126.98565,37.61138],[126.98579,37.6109],[126.98587,37.60946],[126.98683,37.60887],[126.9867,37.60828],[126.98625,37.60772],[126.98611,37.60739],[126.98637,37.60686],[126.98631,37.60651],[126.98676,37.60609],[126.98667,37.60507],[126.98679,37.60451],[126.98667,37.60402],[126.98593,37.60364],[126.98576,37.60345],[126.98474,37.60337],[126.98434,37.60312],[126.98398,37.60321],[126.98285,37.60214],[126.98257,37.60226],[126.98067,37.60162],[126.98047,37.60147],[126.98013,37.60146],[126.97921,37.60104],[126.9785,37.601],[126.97825,37.6008],[126.97794,37.60031],[126.97768,37.60023],[126.97742,37.59942],[126.97741,37.5991],[126.97714,37.59846],[126.97672,37.59791],[126.97691,37.59772],[126.97795,37.59768],[126.97857,37.59725],[126.97863,37.59706],[126.97855,37.59699],[126.97857,37.59679],[126.97874,37.59663],[126.97911,37.59639],[126.97979,37.59622],[126.98026,37.59595],[126.98091,37.59584],[126.98149,37.59534],[126.98248,37.5952],[126.98292,37.59478],[126.98347,37.59468],[126.98384,37.59443],[126.9845,37.59437],[126.98515,37.5945],[126.98543,37.59445],[126.98578,37.59425],[126.98612,37.59378],[126.98627,37.59328],[126.9867,37.59275],[126.98717,37.59272],[126.98776,37.59226],[126.98852,37.59194],[126.98922,37.59126],[126.98987,37.59147],[126.99097,37.59153],[126.99143,37.59141],[126.99164,37.59147],[126.99186,37.59186],[126.99216,37.59199],[126.99356,37.59173],[126.99367,37.59152],[126.99382,37.59145],[126.99431,37.59146],[126.99475,37.59168],[126.99536,37.59228],[126.99641,37.5921],[126.99677,37.59222],[126.99744,37.59222],[126.99847,37.59247],[126.99873,37.59247],[126.99945,37.59223],[127.00095,37.5923],[127.00145,37.59183],[127.00173,37.59135],[127.00178,37.59102],[127.00146,37.59055],[127.00147,37.59015],[127.00201,37.58968],[127.00222,37.58917],[127.00282,37.58877],[127.00329,37.58866],[127.00339,37.58857],[127.00352,37.58814],[127.00369,37.58804],[127.00392,37.58803],[127.00399,37.58794],[127.00389,37.58775],[127.004,37.5878],[127.00408,37.58773],[127.00402,37.58772],[127.00413,37.58761],[127.00425,37.58718],[127.00512,37.58699],[127.00587,37.58697],[127.00663,37.58613],[127.00655,37.58555],[127.0069,37.58528],[127.00689,37.5847],[127.00727,37.58333],[127.00715,37.5829],[127.00675,37.58234],[127.00702,37.58201],[127.00732,37.58187],[127.00748,37.58165],[127.0078,37.5815],[127.00801,37.58123],[127.00833,37.58106],[127.00864,37.58047],[127.01059,37.58025],[127.01111,37.58104],[127.01176,37.58156],[127.01212,37.58157],[127.01285,37.58136],[127.01319,37.58142],[127.01345,37.58163],[127.01408,37.5818],[127.01422,37.58208],[127.01481,37.58233],[127.01532,37.58199],[127.01537,37.58182],[127.01561,37.58178],[127.01636,37.58194],[127.01668,37.58171],[127.01683,37.58143],[127.01681,37.58118],[127.01693,37.58104],[127.01687,37.58088],[127.01728,37.58055],[127.0173,37.58025],[127.01758,37.57972],[127.01797,37.57952],[127.01827,37.57906],[127.01815,37.57861],[127.0177,37.57814],[127.01811,37.57758],[127.01842,37.57767],[127.01877,37.57752],[127.01919,37.57781],[127.0195,37.57791],[127.01937,37.57808],[127.02148,37.57886],[127.02182,37.57886],[127.02276,37.57834],[127.02253,37.57808],[127.02298,37.57783],[127.02322,37.57811],[127.0233,37.57843],[127.02954,37.58268],[127.03098,37.58428],[127.03159,37.58517],[127.03164,37.58536],[127.0323,37.58567],[127.03207,37.58586],[127.03303,37.58645],[127.03332,37.58672],[127.03388,37.58752],[127.03554,37.58893],[127.03633,37.59013],[127.03622,37.59119],[127.03874,37.59128],[127.04016,37.59457],[127.04064,37.59541],[127.04076,37.59529],[127.04108,37.59556],[127.04139,37.59549],[127.04184,37.59646],[127.04269,37.59673],[127.04302,37.59696],[127.04371,37.59626],[127.04412,37.59639],[127.04479,37.59636],[127.04551,37.59662],[127.04619,37.59619],[127.04676,37.59604],[127.0473,37.59615],[127.04746,37.59651],[127.04782,37.59676],[127.04796,37.59727],[127.04856,37.59763],[127.04906,37.59813],[127.04914,37.5984],[127.04913,37.59874],[127.04975,37.59976],[127.05044,37.6001],[127.0504,37.60058],[127.05102,37.6011],[127.0512,37.60116],[127.05169,37.60078],[127.0518,37.60049],[127.05209,37.60015],[127.05362,37.60048],[127.05389,37.60042],[127.05383,37.60061],[127.05424,37.60065],[127.05508,37.60134],[127.0554,37.60102],[127.05628,37.60134],[127.05733,37.60153],[127.05722,37.60128],[127.05733,37.60117],[127.05916,37.60106],[127.05934,37.60135],[127.05966,37.60152],[127.06001,37.60157],[127.06018,37.6017],[127.05993,37.60228],[127.06014,37.60283],[127.0601,37.60305],[127.06017,37.60316],[127.06043,37.60341],[127.06071,37.60353],[127.06077,37.60348],[127.06146,37.60426],[127.06149,37.60447],[127.06196,37.60489],[127.06218,37.60494],[127.06219,37.60513],[127.06309,37.60525],[127.06367,37.60524],[127.06498,37.60583],[127.06552,37.60548],[127.06619,37.60558],[127.0663,37.60579],[127.06681,37.60611],[127.06732,37.60627],[127.06769,37.60651],[127.06861,37.60663],[127.06867,37.60675],[127.06977,37.60726],[127.07012,37.60726],[127.07026,37.60703],[127.07037,37.60704],[127.07039,37.60719],[127.07067,37.60756],[127.07106,37.60763],[127.07126,37.60992],[127.07166,37.61241],[127.07173,37.61351],[127.07145,37.61418],[127.07107,37.61475],[127.0697,37.61572],[127.06486,37.61477],[127.06328,37.61427],[127.06203,37.61443],[127.06146,37.61464],[127.06109,37.61494],[127.06067,37.61566],[127.05742,37.61748],[127.05593,37.61892],[127.05441,37.6198],[127.05271,37.62159],[127.05208,37.62214],[127.05211,37.62224],[127.0512,37.62305],[127.05059,37.62347],[127.04974,37.62427],[127.04772,37.62312],[127.04656,37.62235],[127.04571,37.62136],[127.04468,37.61944],[127.04395,37.61864],[127.04097,37.61657],[127.04052,37.61615],[127.04041,37.61611],[127.04005,37.61622],[127.04002,37.61577],[127.03988,37.61543],[127.03899,37.61453],[127.03791,37.61377],[127.03772,37.61325],[127.0375,37.61295],[127.03678,37.61243],[127.0361,37.61234],[127.03611,37.61243],[127.036,37.61241],[127.03588,37.61222],[127.03551,37.61208],[127.03336,37.61065],[127.03293,37.61046],[127.03274,37.61028],[127.03026,37.60897],[127.03034,37.6113],[127.03018,37.61236],[127.0291,37.6124],[127.02771,37.61261],[127.02747,37.61254],[127.02643,37.61269],[127.02616,37.61248],[127.02604,37.61224],[127.02574,37.61214],[127.02518,37.61201],[127.02456,37.61214],[127.02392,37.61196],[127.0225,37.61137],[127.02242,37.61144],[127.02214,37.61138],[127.02191,37.61233],[127.0204,37.6126],[127.02034,37.61286],[127.02001,37.61301],[127.01987,37.61323],[127.01952,37.61333],[127.01923,37.6138],[127.01847,37.61383],[127.01815,37.614],[127.01756,37.61462],[127.01691,37.61482]]]}},{"type":"Feature","properties":{"sgg_cd":"11305","gu_name":"강북구","label":[127.01118,37.64348]},"geometry":{"type":"Polygon","coordinates":[[[127.0399,37.61557],[127.04,37.61572],[127.04005,37.61622],[127.04041,37.61611],[127.04052,37.61615],[127.04097,37.61657],[127.04396,37.61865],[127.04468,37.61944],[127.04571,37.62136],[127.04656,37.62235],[127.04772,37.62312],[127.04974,37.62427],[127.04865,37.62584],[127.04706,37.62752],[127.04634,37.62793],[127.04443,37.62882],[127.04326,37.62994],[127.0426,37.63045],[127.04252,37.63041],[127.04171,37.63081],[127.0408,37.63155],[127.03977,37.6322],[127.03814,37.63426],[127.03788,37.6354],[127.03782,37.63604],[127.03733,37.63648],[127.03686,37.63675],[127.03515,37.63727],[127.03459,37.63776],[127.03318,37.64084],[127.03283,37.64141],[127.03242,37.64183],[127.03195,37.64217],[127.02755,37.64496],[127.02589,37.64572],[127.02509,37.64671],[127.02469,37.64734],[127.02263,37.64786],[127.02214,37.64816],[127.02177,37.64863],[127.02141,37.64889],[127.02113,37.649],[127.02021,37.64909],[127.01857,37.64869],[127.0177,37.64858],[127.01731,37.64865],[127.01509,37.64928],[127.01468,37.6496],[127.0143,37.6503],[127.014,37.65025],[127.01368,37.65049],[127.01334,37.65043],[127.01314,37.65049],[127.01291,37.65075],[127.01244,37.65218],[127.01266,37.65343],[127.01289,37.65408],[127.01291,37.65455],[127.0138,37.65795],[127.01402,37.65923],[127.0143,37.65991],[127.01438,37.66038],[127.01442,37.66046],[127.01457,37.66046],[127.01466,37.66148],[127.01452,37.66202],[127.01489,37.66162],[127.01524,37.6614],[127.01588,37.66132],[127.01625,37.66145],[127.0165,37.66166],[127.01694,37.66223],[127.01665,37.66221],[127.01618,37.66254],[127.01598,37.66277],[127.01595,37.66329],[127.01556,37.66344],[127.01551,37.66367],[127.01537,37.66367],[127.01533,37.66407],[127.01565,37.66451],[127.01579,37.66494],[127.01537,37.66555],[127.01547,37.66608],[127.01575,37.66654],[127.01579,37.66703],[127.01637,37.66737],[127.01622,37.6675],[127.0166,37.66788],[127.01745,37.66812],[127.01758,37.6683],[127.01841,37.66889],[127.01837,37.6692],[127.01854,37.66954],[127.0185,37.67016],[127.01874,37.67052],[127.01871,37.67086],[127.01825,37.67069],[127.01787,37.67088],[127.01759,37.67144],[127.01736,37.67164],[127.0173,37.67191],[127.0174,37.67217],[127.0173,37.67245],[127.01669,37.67291],[127.01622,37.67393],[127.01611,37.6739],[127.01559,37.67409],[127.01512,37.67415],[127.01484,37.67434],[127.01457,37.67478],[127.01436,37.67482],[127.01391,37.67524],[127.01386,37.67557],[127.01398,37.67588],[127.01348,37.67719],[127.01331,37.67783],[127.01239,37.6787],[127.01213,37.6791],[127.00938,37.67959],[127.0089,37.68059],[127.00903,37.68164],[127.0087,37.68223],[127.00842,37.68322],[127.00864,37.68395],[127.00866,37.68445],[127.00766,37.68447],[127.00707,37.68476],[127.00651,37.68487],[127.00605,37.68505],[127.00553,37.68486],[127.00453,37.68509],[127.00428,37.68494],[127.00378,37.68482],[127.00358,37.68424],[127.00324,37.68395],[127.00274,37.68395],[127.00224,37.68359],[127.0019,37.68372],[127.00189,37.68408],[127.00169,37.68434],[127.00104,37.68427],[127.00051,37.68397],[126.99943,37.68391],[126.99775,37.68359],[126.99762,37.68345],[126.99731,37.68347],[126.99703,37.68311],[126.99697,37.68265],[126.99674,37.68239],[126.99585,37.68187],[126.9955,37.68151],[126.9952,37.68133],[126.99473,37.68124],[126.99416,37.68057],[126.99417,37.68046],[126.99408,37.68032],[126.99351,37.68006],[126.99243,37.67976],[126.9922,37.67963],[126.99243,37.67915],[126.99292,37.67882],[126.99325,37.67766],[126.99312,37.67722],[126.99327,37.677],[126.99307,37.67658],[126.99316,37.67614],[126.99313,37.67583],[126.99381,37.67525],[126.99398,37.67491],[126.9938,37.67423],[126.99354,37.6741],[126.99407,37.67276],[126.9938,37.6702],[126.99435,37.66981],[126.99436,37.66957],[126.99383,37.66862],[126.99356,37.6678],[126.99413,37.66703],[126.99402,37.66678],[126.99312,37.66606],[126.99275,37.66553],[126.99223,37.66523],[126.99124,37.66499],[126.99,37.6645],[126.98945,37.66453],[126.98827,37.66439],[126.9878,37.66359],[126.98775,37.66273],[126.98736,37.66162],[126.98722,37.66085],[126.98728,37.6606],[126.98654,37.65948],[126.98602,37.65894],[126.98462,37.65823],[126.98434,37.65773],[126.98374,37.65733],[126.98301,37.657],[126.98286,37.65645],[126.98119,37.65649],[126.97966,37.65604],[126.97994,37.65481],[126.98105,37.65271],[126.98168,37.65232],[126.98187,37.65169],[126.9823,37.65125],[126.9825,37.65054],[126.98394,37.64961],[126.98402,37.64932],[126.98388,37.6486],[126.98398,37.64818],[126.9846,37.64761],[126.98471,37.64725],[126.98468,37.64696],[126.98481,37.64684],[126.98476,37.64676],[126.98493,37.64607],[126.9851,37.64593],[126.98572,37.64609],[126.98568,37.64599],[126.98541,37.64595],[126.98486,37.6456],[126.98482,37.64537],[126.98464,37.64534],[126.98419,37.6446],[126.98419,37.64443],[126.9839,37.64427],[126.98373,37.64405],[126.98347,37.64394],[126.98325,37.64368],[126.98369,37.64304],[126.98387,37.64256],[126.98383,37.64215],[126.98426,37.64164],[126.98496,37.64146],[126.98522,37.64164],[126.98533,37.64155],[126.98527,37.64135],[126.98566,37.64074],[126.98613,37.64043],[126.98568,37.64004],[126.98553,37.6397],[126.98543,37.63928],[126.98539,37.63859],[126.98519,37.6383],[126.98523,37.63807],[126.98496,37.63781],[126.98508,37.63731],[126.98494,37.63717],[126.98486,37.63681],[126.98474,37.63665],[126.98446,37.63655],[126.9842,37.63634],[126.98591,37.6358],[126.98636,37.63546],[126.98743,37.63496],[126.98818,37.63449],[126.98857,37.63379],[126.98874,37.63394],[126.98946,37.634],[126.98985,37.63345],[126.98993,37.6328],[126.99137,37.63261],[126.99184,37.63228],[126.99372,37.63145],[126.99411,37.63111],[126.99426,37.63085],[126.99474,37.63052],[126.99539,37.63025],[126.99604,37.62935],[126.9965,37.62909],[126.99678,37.62866],[126.99756,37.62806],[126.99789,37.62754],[126.99849,37.62708],[126.99927,37.62619],[126.99985,37.62604],[127.0002,37.62582],[127.0007,37.6257],[127.00176,37.62564],[127.00213,37.62543],[127.00298,37.62527],[127.00352,37.62493],[127.00389,37.62423],[127.00441,37.62406],[127.00456,37.62408],[127.00488,37.62382],[127.00518,37.624],[127.00557,37.62385],[127.00571,37.62398],[127.00733,37.62413],[127.00786,37.62402],[127.0079,37.62376],[127.00774,37.62335],[127.00779,37.62294],[127.00755,37.62269],[127.00763,37.62226],[127.00744,37.62176],[127.00758,37.6215],[127.00741,37.62139],[127.0072,37.62086],[127.00732,37.62069],[127.00721,37.62051],[127.0076,37.62001],[127.00786,37.61986],[127.00775,37.61963],[127.00794,37.61941],[127.0084,37.61911],[127.00855,37.61867],[127.00907,37.61829],[127.00954,37.61821],[127.01005,37.61766],[127.01,37.61727],[127.01014,37.61706],[127.01014,37.6168],[127.01023,37.6168],[127.01094,37.61629],[127.01141,37.61643],[127.01181,37.61632],[127.01209,37.616],[127.01362,37.61542],[127.01445,37.61468],[127.01525,37.61467],[127.01596,37.61476],[127.01653,37.61494],[127.01756,37.61462],[127.01815,37.614],[127.01847,37.61383],[127.01923,37.6138],[127.01952,37.61333],[127.01987,37.61323],[127.02001,37.61301],[127.02034,37.61286],[127.0204,37.6126],[127.02191,37.61233],[127.02214,37.61138],[127.02242,37.61144],[127.0225,37.61137],[127.02392,37.61196],[127.02456,37.61214],[127.02518,37.61201],[127.02574,37.61214],[127.02604,37.61224],[127.02616,37.61248],[127.02643,37.61269],[127.02747,37.61254],[127.02771,37.61261],[127.0291,37.6124],[127.03018,37.61236],[127.03034,37.6113],[127.03026,37.60897],[127.03274,37.61028],[127.03293,37.61046],[127.03336,37.61065],[127.03551,37.61208],[127.03588,37.61222],[127.036,37.61241],[127.03611,37.61243],[127.0361,37.61234],[127.03678,37.61243],[127.0375,37.61295],[127.03772,37.61325],[127.03791,37.61377],[127.03899,37.61453],[127.03936,37.61496],[127.03964,37.61514],[127.03988,37.61543],[127.0399,37.61557]]]}},{"type":"Feature","properties":{"sgg_cd":"11320","gu_name":"도봉구","label":[127.03237,37.66911]},"geometry":{"type":"Polygon","coordinates":[[[127.03086,37.64287],[127.03242,37.64183],[127.03283,37.64141],[127.0334,37.64043],[127.03457,37.63778],[127.03478,37.63757],[127.03515,37.63727],[127.03686,37.63675],[127.03733,37.63648],[127.03782,37.63604],[127.03788,37.6354],[127.03814,37.63426],[127.03977,37.6322],[127.0408,37.63155],[127.04171,37.63081],[127.04252,37.63041],[127.0426,37.63045],[127.04255,37.63061],[127.04266,37.63091],[127.04166,37.63147],[127.04243,37.63227],[127.04257,37.63233],[127.04269,37.63262],[127.04351,37.63309],[127.04349,37.63325],[127.04374,37.63333],[127.04414,37.63382],[127.0443,37.63437],[127.04444,37.63449],[127.04461,37.63536],[127.04499,37.63587],[127.04503,37.63669],[127.04536,37.6374],[127.04533,37.63749],[127.04555,37.6377],[127.046,37.6379],[127.04624,37.63886],[127.04667,37.63937],[127.04665,37.6395],[127.04677,37.63971],[127.04663,37.63981],[127.04662,37.64004],[127.04648,37.64034],[127.04652,37.64105],[127.04672,37.64122],[127.04781,37.6412],[127.04779,37.6414],[127.04904,37.64215],[127.04929,37.64268],[127.0494,37.64276],[127.04972,37.64351],[127.05025,37.64361],[127.05069,37.64381],[127.05035,37.64459],[127.05047,37.64483],[127.05093,37.6447],[127.05135,37.64482],[127.05233,37.64261],[127.05285,37.64181],[127.05369,37.64098],[127.05466,37.64019],[127.05473,37.64014],[127.05578,37.64063],[127.05512,37.64133],[127.05499,37.64236],[127.05516,37.64348],[127.05565,37.6446],[127.05587,37.64595],[127.05582,37.64705],[127.05544,37.64824],[127.05395,37.65058],[127.05375,37.65205],[127.05394,37.65317],[127.05405,37.65448],[127.05401,37.6553],[127.05358,37.65615],[127.0536,37.65677],[127.05341,37.65752],[127.05254,37.65891],[127.05179,37.65992],[127.05148,37.65987],[127.05145,37.66042],[127.05161,37.6607],[127.05156,37.66303],[127.05141,37.66397],[127.05117,37.66398],[127.05087,37.66482],[127.05031,37.66581],[127.04966,37.66656],[127.04892,37.66758],[127.04819,37.6705],[127.04816,37.67119],[127.04833,37.67234],[127.04876,37.67381],[127.04874,37.67479],[127.04886,37.67518],[127.04972,37.67672],[127.04996,37.67741],[127.05013,37.6784],[127.0504,37.67917],[127.05092,37.68009],[127.05123,37.682],[127.0518,37.6826],[127.05194,37.68295],[127.05207,37.68452],[127.0518,37.68581],[127.05137,37.68592],[127.05092,37.68616],[127.05064,37.68651],[127.04982,37.68798],[127.04975,37.68921],[127.05001,37.69042],[127.04997,37.69087],[127.04937,37.69169],[127.04892,37.69281],[127.04863,37.69406],[127.04821,37.69394],[127.04814,37.69372],[127.04781,37.69329],[127.04753,37.69331],[127.04727,37.69301],[127.04708,37.693],[127.04676,37.69272],[127.04565,37.69237],[127.0449,37.69241],[127.04482,37.69294],[127.04453,37.69307],[127.04407,37.69313],[127.04389,37.69342],[127.04375,37.69351],[127.04304,37.69362],[127.04336,37.69407],[127.0434,37.6944],[127.04307,37.69523],[127.04233,37.69505],[127.04202,37.69507],[127.04181,37.69538],[127.04111,37.6953],[127.04084,37.69508],[127.04,37.69468],[127.03991,37.69408],[127.03895,37.69398],[127.03881,37.69363],[127.0385,37.69329],[127.03753,37.69322],[127.037,37.69295],[127.03676,37.69264],[127.03578,37.69237],[127.03562,37.69249],[127.03426,37.69223],[127.03396,37.692],[127.0336,37.69202],[127.03241,37.69184],[127.03217,37.69282],[127.03203,37.69295],[127.03154,37.69283],[127.03103,37.69308],[127.03097,37.69356],[127.03083,37.69369],[127.03045,37.69478],[127.03017,37.6952],[127.02973,37.69627],[127.0296,37.69817],[127.02929,37.69929],[127.02899,37.69966],[127.02831,37.70016],[127.02769,37.70094],[127.02702,37.70112],[127.0269,37.70025],[127.02532,37.69958],[127.02339,37.70007],[127.02215,37.69972],[127.01983,37.70102],[127.01542,37.70146],[127.01496,37.70043],[127.01388,37.6988],[127.01212,37.69738],[127.00967,37.6967],[127.00971,37.69336],[127.00762,37.69162],[127.00829,37.69011],[127.00833,37.68851],[127.00859,37.68744],[127.00844,37.68543],[127.00867,37.68449],[127.00864,37.68395],[127.00842,37.68322],[127.0087,37.68223],[127.00903,37.68164],[127.0089,37.68059],[127.00938,37.67959],[127.01213,37.6791],[127.01239,37.6787],[127.01331,37.67783],[127.01348,37.67719],[127.01398,37.67588],[127.01386,37.67557],[127.01391,37.67524],[127.01436,37.67482],[127.01457,37.67478],[127.01484,37.67434],[127.01512,37.67415],[127.01559,37.67409],[127.01611,37.6739],[127.01622,37.67393],[127.01669,37.67291],[127.0173,37.67245],[127.0174,37.67217],[127.0173,37.67191],[127.01736,37.67164],[127.01759,37.67144],[127.01787,37.67088],[127.01825,37.67069],[127.01871,37.67086],[127.01874,37.67052],[127.0185,37.67016],[127.01854,37.66954],[127.01837,37.6692],[127.0184,37.66888],[127.01758,37.6683],[127.01745,37.66812],[127.01663,37.66791],[127.01622,37.6675],[127.01637,37.66737],[127.01576,37.66699],[127.01575,37.66654],[127.01547,37.66608],[127.01537,37.6656],[127.01579,37.66494],[127.01565,37.66451],[127.01533,37.66407],[127.01534,37.66375],[127.01537,37.66367],[127.01551,37.66367],[127.01556,37.66344],[127.01595,37.66329],[127.01598,37.66277],[127.01618,37.66254],[127.01665,37.66221],[127.01694,37.66223],[127.0165,37.66166],[127.01625,37.66145],[127.01588,37.66132],[127.01524,37.6614],[127.01489,37.66162],[127.01452,37.66202],[127.01466,37.66148],[127.01457,37.66046],[127.01442,37.66046],[127.01438,37.66038],[127.0143,37.65991],[127.01402,37.65923],[127.0138,37.65795],[127.01291,37.65455],[127.01289,37.65408],[127.01266,37.65343],[127.01244,37.65218],[127.0125,37.65188],[127.01271,37.65148],[127.01291,37.65075],[127.01314,37.65049],[127.01334,37.65043],[127.01368,37.65049],[127.014,37.65025],[127.0143,37.6503],[127.01468,37.6496],[127.01509,37.64928],[127.01646,37.64885],[127.0177,37.64858],[127.01857,37.64869],[127.02017,37.64908],[127.02113,37.649],[127.02174,37.64866],[127.02214,37.64816],[127.02267,37.64785],[127.02469,37.64734],[127.02509,37.64671],[127.02589,37.64572],[127.02755,37.64496],[127.03086,37.64287]]]}},{"type":"Feature","properties":{"sgg_cd":"11350","gu_name":"노원구","label":[127.07503,37.65252]},"geometry":{"type":"Polygon","coordinates":[[[127.11085,37.63841],[127.11057,37.63936],[127.11114,37.63994],[127.1117,37.6399],[127.11199,37.64001],[127.11222,37.64038],[127.11171,37.6408],[127.11162,37.64125],[127.11135,37.6415],[127.11142,37.64209],[127.11115,37.64256],[127.11075,37.64273],[127.1099,37.64249],[127.10929,37.64286],[127.10801,37.64446],[127.10769,37.64497],[127.10658,37.64538],[127.10392,37.64549],[127.10288,37.64541],[127.1028,37.6452],[127.10159,37.64477],[127.09977,37.64446],[127.09891,37.64403],[127.09756,37.64397],[127.09457,37.64457],[127.09438,37.64496],[127.09454,37.64551],[127.09448,37.64585],[127.09405,37.64611],[127.09363,37.64663],[127.09383,37.64732],[127.09367,37.64751],[127.09307,37.64784],[127.09292,37.64836],[127.0927,37.64858],[127.09264,37.64897],[127.09272,37.64935],[127.09247,37.64971],[127.09327,37.65062],[127.09337,37.65123],[127.094,37.6523],[127.09404,37.65254],[127.09392,37.65296],[127.09307,37.65378],[127.09287,37.65445],[127.09235,37.65549],[127.09189,37.65743],[127.09113,37.65824],[127.09121,37.65933],[127.09217,37.66079],[127.09326,37.66197],[127.09414,37.6633],[127.09541,37.66389],[127.09468,37.66492],[127.09458,37.66617],[127.09498,37.6676],[127.09624,37.66883],[127.09645,37.66969],[127.09601,37.67008],[127.09575,37.67062],[127.09581,37.67116],[127.09572,37.67135],[127.09602,37.67185],[127.09575,37.67267],[127.09515,37.67289],[127.09492,37.67308],[127.09462,37.67354],[127.09396,37.67562],[127.09401,37.6758],[127.09389,37.67614],[127.09385,37.67666],[127.09353,37.67674],[127.09297,37.67735],[127.09261,37.67748],[127.09248,37.67764],[127.09219,37.67803],[127.09194,37.67869],[127.09195,37.67919],[127.09217,37.67921],[127.09253,37.67952],[127.09279,37.68004],[127.09297,37.6812],[127.09292,37.68155],[127.09415,37.68308],[127.09429,37.68342],[127.09581,37.68464],[127.09605,37.6852],[127.09642,37.68564],[127.09642,37.68626],[127.09629,37.68717],[127.09608,37.68791],[127.09558,37.68839],[127.096,37.68907],[127.0951,37.68939],[127.09429,37.68913],[127.09304,37.68997],[127.09238,37.68993],[127.09055,37.68957],[127.08845,37.6899],[127.08653,37.68991],[127.08518,37.69039],[127.08391,37.69178],[127.08384,37.69427],[127.0811,37.69614],[127.0782,37.69599],[127.07491,37.69522],[127.07393,37.69464],[127.0734,37.6941],[127.07266,37.6938],[127.07088,37.6937],[127.06982,37.69398],[127.06956,37.69379],[127.06915,37.69369],[127.06903,37.69387],[127.06855,37.694],[127.0683,37.69436],[127.06803,37.69448],[127.06783,37.69477],[127.06631,37.69444],[127.06533,37.69476],[127.06458,37.69455],[127.06339,37.69492],[127.06273,37.69468],[127.06239,37.69355],[127.06237,37.69302],[127.06221,37.6928],[127.06174,37.69257],[127.06167,37.69241],[127.06121,37.69217],[127.06062,37.69127],[127.05966,37.69033],[127.05839,37.68969],[127.05719,37.68963],[127.05618,37.6892],[127.05518,37.68921],[127.05469,37.68872],[127.05223,37.68742],[127.0518,37.68707],[127.0518,37.68581],[127.05207,37.68452],[127.05194,37.68295],[127.0518,37.6826],[127.05123,37.682],[127.05092,37.68009],[127.0504,37.67917],[127.05013,37.6784],[127.04996,37.67741],[127.04972,37.67672],[127.04886,37.67518],[127.04874,37.6748],[127.04876,37.67381],[127.04833,37.67234],[127.04816,37.67119],[127.04819,37.6705],[127.04892,37.66758],[127.04966,37.66656],[127.05031,37.66581],[127.05087,37.66482],[127.05117,37.66398],[127.05141,37.66397],[127.05156,37.66303],[127.05161,37.6607],[127.05145,37.66042],[127.05148,37.65987],[127.0518,37.65992],[127.05254,37.65891],[127.05341,37.65752],[127.0536,37.65677],[127.05358,37.65615],[127.05401,37.6553],[127.05405,37.65448],[127.05394,37.65317],[127.05375,37.65205],[127.05395,37.65058],[127.05465,37.64956],[127.05544,37.64824],[127.05582,37.64705],[127.05587,37.64595],[127.05565,37.6446],[127.05516,37.64348],[127.05499,37.64236],[127.05512,37.64133],[127.05578,37.64063],[127.05473,37.64014],[127.05466,37.64019],[127.05369,37.64098],[127.05285,37.64181],[127.05232,37.64262],[127.05136,37.64482],[127.05093,37.6447],[127.05047,37.64483],[127.05036,37.64459],[127.05069,37.64381],[127.05025,37.64361],[127.04972,37.64351],[127.0494,37.64276],[127.04929,37.64268],[127.04904,37.64215],[127.04779,37.6414],[127.04781,37.6412],[127.04672,37.64122],[127.04653,37.64105],[127.04648,37.64034],[127.04662,37.64004],[127.04663,37.63981],[127.04677,37.63971],[127.04665,37.6395],[127.04667,37.63937],[127.04624,37.63886],[127.046,37.6379],[127.04555,37.6377],[127.04533,37.63749],[127.04536,37.6374],[127.04503,37.63669],[127.04499,37.63587],[127.04461,37.63536],[127.04444,37.63449],[127.0443,37.63437],[127.0443,37.63418],[127.04414,37.63382],[127.04374,37.63333],[127.04349,37.63325],[127.04351,37.63309],[127.04269,37.63262],[127.04257,37.63233],[127.04243,37.63227],[127.04166,37.63147],[127.04266,37.63091],[127.04255,37.63061],[127.0426,37.63045],[127.04326,37.62994],[127.04443,37.62882],[127.04634,37.62793],[127.04706,37.62752],[127.04865,37.62584],[127.04966,37.62434],[127.05049,37.62355],[127.0512,37.62305],[127.05211,37.62224],[127.05208,37.62214],[127.05271,37.62159],[127.05441,37.6198],[127.05593,37.61892],[127.05742,37.61748],[127.06067,37.61566],[127.06109,37.61494],[127.06146,37.61464],[127.06203,37.61443],[127.06325,37.61427],[127.06486,37.61477],[127.06966,37.61573],[127.07016,37.6154],[127.07112,37.61595],[127.07109,37.61621],[127.07139,37.6164],[127.07416,37.61683],[127.07441,37.61703],[127.07554,37.61716],[127.07749,37.61783],[127.07757,37.61774],[127.0777,37.61791],[127.07911,37.61839],[127.08008,37.61862],[127.08007,37.61842],[127.08044,37.61848],[127.08065,37.61857],[127.0814,37.61919],[127.08279,37.6194],[127.08382,37.61971],[127.08379,37.61978],[127.08495,37.6201],[127.08607,37.62029],[127.08698,37.62023],[127.08823,37.61988],[127.08871,37.62024],[127.08946,37.61965],[127.09138,37.61896],[127.09233,37.61835],[127.09321,37.61802],[127.09365,37.61807],[127.09445,37.619],[127.09555,37.61917],[127.0962,37.61902],[127.09662,37.61943],[127.09665,37.61956],[127.09849,37.6202],[127.09882,37.62039],[127.09964,37.61989],[127.09958,37.62],[127.09966,37.61991],[127.10087,37.6194],[127.10168,37.61947],[127.10179,37.61968],[127.10169,37.62002],[127.10319,37.62015],[127.10339,37.62027],[127.1038,37.62024],[127.10405,37.62004],[127.10492,37.62004],[127.10488,37.62008],[127.10566,37.62042],[127.10538,37.6209],[127.10494,37.62142],[127.10491,37.62157],[127.10407,37.62165],[127.10433,37.62327],[127.10491,37.62398],[127.10501,37.62526],[127.1054,37.62573],[127.10596,37.62733],[127.10591,37.62759],[127.10702,37.62805],[127.10889,37.6293],[127.11015,37.63036],[127.11083,37.63078],[127.11163,37.6315],[127.1122,37.63264],[127.1116,37.63385],[127.11241,37.63425],[127.11235,37.63476],[127.11255,37.63525],[127.11225,37.63556],[127.11221,37.63628],[127.11248,37.63649],[127.11223,37.6371],[127.11208,37.63713],[127.1116,37.63799],[127.1109,37.63826],[127.11085,37.63841]]]}},{"type":"Feature","properties":{"sgg_cd":"11380","gu_name":"은평구","label":[126.92703,37.61922]},"geometry":{"type":"Polygon","coordinates":[[[126.9088,37.62909],[126.9089,37.62746],[126.90861,37.62627],[126.90744,37.62509],[126.90663,37.6245],[126.907,37.62394],[126.90714,37.62331],[126.90712,37.62194],[126.90628,37.62135],[126.90556,37.62062],[126.90519,37.61981],[126.90523,37.61908],[126.90427,37.61883],[126.90336,37.61884],[126.90334,37.61831],[126.90305,37.61809],[126.90301,37.61779],[126.90313,37.6173],[126.90248,37.6169],[126.90247,37.61667],[126.90215,37.61637],[126.90182,37.61575],[126.90192,37.61509],[126.90173,37.61478],[126.9018,37.61447],[126.90173,37.61407],[126.90091,37.61272],[126.90096,37.61235],[126.9003,37.61119],[126.90071,37.61032],[126.9006,37.60932],[126.90078,37.60844],[126.90141,37.60619],[126.90174,37.60576],[126.90151,37.60536],[126.90203,37.60427],[126.90211,37.60374],[126.90131,37.6034],[126.90077,37.60337],[126.90015,37.60312],[126.9002,37.60257],[126.89998,37.60204],[126.90029,37.60123],[126.90101,37.60018],[126.90102,37.59987],[126.90132,37.59937],[126.90126,37.59849],[126.90117,37.59821],[126.90125,37.59791],[126.90101,37.59734],[126.90108,37.59694],[126.9012,37.59675],[126.90121,37.5963],[126.90163,37.596],[126.90178,37.59556],[126.90183,37.59514],[126.90036,37.59421],[126.90002,37.59383],[126.89978,37.59339],[126.89941,37.59314],[126.8993,37.59287],[126.89896,37.59268],[126.8997,37.59136],[126.89971,37.59099],[126.89957,37.59067],[126.89975,37.58994],[126.89964,37.58982],[126.89808,37.58954],[126.89796,37.58909],[126.89757,37.58896],[126.89686,37.58857],[126.89641,37.58874],[126.89595,37.58873],[126.89523,37.58886],[126.89427,37.58882],[126.89384,37.58907],[126.89333,37.58907],[126.89224,37.58852],[126.89144,37.58846],[126.89094,37.58857],[126.89023,37.58893],[126.88958,37.58913],[126.88925,37.58883],[126.88834,37.58879],[126.88716,37.58853],[126.88656,37.58916],[126.88575,37.58957],[126.88588,37.58994],[126.88581,37.59002],[126.88578,37.59052],[126.88571,37.59081],[126.88549,37.59097],[126.88547,37.5911],[126.88559,37.5915],[126.88614,37.5921],[126.88622,37.59233],[126.88627,37.59231],[126.88656,37.59271],[126.88671,37.59317],[126.88718,37.59368],[126.8873,37.59392],[126.88673,37.59381],[126.88636,37.59395],[126.8858,37.59395],[126.88514,37.59375],[126.88357,37.59185],[126.88268,37.59138],[126.88203,37.59082],[126.88588,37.58705],[126.88872,37.58475],[126.89753,37.5791],[126.90208,37.57601],[126.90264,37.57639],[126.90183,37.57654],[126.90417,37.57874],[126.90412,37.57849],[126.9119,37.58581],[126.91245,37.58648],[126.91285,37.58722],[126.9157,37.58598],[126.91531,37.58542],[126.91602,37.58562],[126.91637,37.58588],[126.91603,37.58531],[126.91568,37.58499],[126.91568,37.58436],[126.9156,37.5842],[126.91576,37.58397],[126.91594,37.58309],[126.91703,37.58326],[126.91775,37.58323],[126.91889,37.58338],[126.91955,37.58321],[126.91986,37.5833],[126.92025,37.58296],[126.92086,37.58294],[126.92119,37.58331],[126.92175,37.58346],[126.92172,37.58373],[126.92199,37.58408],[126.92185,37.58469],[126.92242,37.58535],[126.92274,37.58547],[126.92286,37.58564],[126.92365,37.58615],[126.92386,37.5871],[126.92507,37.58724],[126.92573,37.58714],[126.92631,37.58729],[126.92774,37.58807],[126.928,37.58839],[126.9276,37.58939],[126.92794,37.58994],[126.92765,37.59052],[126.92797,37.59105],[126.92776,37.59158],[126.92854,37.59228],[126.92884,37.59285],[126.92932,37.59333],[126.92996,37.59416],[126.93039,37.59434],[126.93025,37.59455],[126.93131,37.59502],[126.9316,37.59541],[126.93221,37.5958],[126.93279,37.59631],[126.93384,37.59665],[126.93452,37.59663],[126.93671,37.59763],[126.93754,37.59787],[126.93872,37.59752],[126.93968,37.59798],[126.94088,37.59872],[126.94139,37.60065],[126.94107,37.60115],[126.9401,37.60178],[126.93984,37.60187],[126.93981,37.60277],[126.93996,37.60308],[126.94124,37.60313],[126.94213,37.60494],[126.94367,37.60504],[126.94374,37.60621],[126.94621,37.60739],[126.94705,37.60813],[126.9482,37.60863],[126.94872,37.60903],[126.9489,37.60946],[126.94934,37.61002],[126.95036,37.61062],[126.94981,37.61166],[126.95071,37.61352],[126.95077,37.61386],[126.95056,37.61512],[126.9507,37.61553],[126.95045,37.61608],[126.94984,37.61877],[126.9499,37.62092],[126.94923,37.62234],[126.9489,37.62325],[126.949,37.62434],[126.95041,37.62642],[126.95158,37.62656],[126.95198,37.62687],[126.95276,37.62707],[126.95349,37.62737],[126.95404,37.62736],[126.95521,37.62815],[126.95557,37.62825],[126.95638,37.62822],[126.95673,37.62862],[126.95747,37.62913],[126.95876,37.62959],[126.95982,37.62976],[126.96162,37.63189],[126.96333,37.63325],[126.96254,37.63582],[126.9616,37.63712],[126.9616,37.63799],[126.96086,37.63876],[126.96051,37.63983],[126.96013,37.64054],[126.95997,37.64146],[126.95927,37.64213],[126.95937,37.6432],[126.95902,37.64388],[126.95912,37.64435],[126.95891,37.64476],[126.95915,37.64575],[126.95892,37.64614],[126.95903,37.64678],[126.95838,37.64765],[126.95784,37.64805],[126.95785,37.64845],[126.95756,37.64904],[126.95779,37.64981],[126.95768,37.65071],[126.95746,37.65187],[126.95711,37.65284],[126.95641,37.65317],[126.95653,37.65317],[126.95616,37.65336],[126.95585,37.65366],[126.95553,37.65378],[126.95524,37.65431],[126.95435,37.6546],[126.95404,37.65498],[126.95403,37.65508],[126.95419,37.65521],[126.95395,37.6553],[126.95321,37.65493],[126.95186,37.65487],[126.95138,37.65495],[126.95077,37.65549],[126.94979,37.65591],[126.94949,37.65625],[126.9492,37.65677],[126.94883,37.65697],[126.94788,37.65713],[126.94776,37.65728],[126.94804,37.65789],[126.94791,37.65826],[126.948,37.65857],[126.94756,37.65922],[126.94643,37.65876],[126.94502,37.65832],[126.94412,37.65812],[126.94334,37.65806],[126.9421,37.65772],[126.94034,37.65677],[126.93967,37.65624],[126.93881,37.65528],[126.93846,37.65477],[126.93774,37.65345],[126.93743,37.65269],[126.93716,37.65232],[126.93614,37.65149],[126.93571,37.6512],[126.93527,37.65106],[126.93222,37.65039],[126.9319,37.65023],[126.93143,37.65033],[126.93086,37.6503],[126.9297,37.65005],[126.92928,37.64984],[126.92799,37.64888],[126.92713,37.6481],[126.92412,37.64611],[126.92339,37.64594],[126.92147,37.64578],[126.91734,37.64526],[126.91519,37.64512],[126.91461,37.64491],[126.91372,37.64476],[126.9134,37.645],[126.91256,37.64512],[126.91202,37.64533],[126.91131,37.64582],[126.91044,37.64628],[126.90973,37.64688],[126.90864,37.64742],[126.90841,37.64726],[126.90609,37.64863],[126.90554,37.64889],[126.90516,37.64897],[126.9048,37.6492],[126.90729,37.64695],[126.90771,37.64629],[126.90991,37.64525],[126.91014,37.64508],[126.91119,37.64476],[126.91228,37.64431],[126.91089,37.64028],[126.91009,37.63851],[126.91121,37.63591],[126.91085,37.63532],[126.90981,37.63494],[126.90912,37.63433],[126.9071,37.6334],[126.9062,37.63322],[126.90676,37.63274],[126.90693,37.6318],[126.90729,37.63087],[126.90812,37.63006],[126.90838,37.62999],[126.90877,37.62933],[126.9088,37.62909]]]}},{"type":"Feature","properties":{"sgg_cd":"11410","gu_name":"서대문구","label":[126.93906,37.57779]},"geometry":{"type":"Polygon","coordinates":[[[126.96545,37.5603],[126.96683,37.56127],[126.96744,37.56151],[126.96815,37.56162],[126.96946,37.56198],[126.96884,37.56311],[126.96756,37.56488],[126.964,37.56863],[126.95834,37.5741],[126.95637,37.57568],[126.95563,37.57659],[126.95545,37.57655],[126.95356,37.57875],[126.95398,37.57896],[126.95511,37.5793],[126.95568,37.57968],[126.9572,37.57982],[126.95722,37.58035],[126.9573,37.58044],[126.95803,37.58073],[126.95817,37.58098],[126.95816,37.58117],[126.95755,37.5823],[126.95768,37.58262],[126.95759,37.58286],[126.95765,37.58317],[126.95798,37.58412],[126.95799,37.58443],[126.95776,37.58491],[126.95782,37.585],[126.95746,37.58602],[126.95737,37.58697],[126.95746,37.58795],[126.95733,37.58872],[126.95748,37.59007],[126.95782,37.59146],[126.95781,37.59257],[126.95751,37.59306],[126.95752,37.59353],[126.95854,37.59418],[126.95865,37.59446],[126.95903,37.59479],[126.95905,37.59503],[126.95865,37.59586],[126.95871,37.59638],[126.9584,37.59714],[126.95827,37.59779],[126.95804,37.59816],[126.95771,37.59837],[126.95731,37.59853],[126.95675,37.59857],[126.95678,37.59875],[126.9566,37.59887],[126.95654,37.59883],[126.95601,37.59911],[126.95541,37.59927],[126.95488,37.59931],[126.95414,37.5991],[126.95384,37.59867],[126.95351,37.59858],[126.95324,37.5986],[126.95306,37.59876],[126.95305,37.59907],[126.95338,37.59953],[126.95332,37.59977],[126.95336,37.60017],[126.95323,37.60044],[126.95291,37.60071],[126.95286,37.6009],[126.9526,37.60123],[126.95247,37.60162],[126.95255,37.60189],[126.95238,37.60248],[126.95267,37.60271],[126.95271,37.60289],[126.95328,37.60366],[126.95342,37.60422],[126.95357,37.60448],[126.95396,37.6048],[126.95406,37.60507],[126.9531,37.6055],[126.95271,37.60591],[126.9527,37.60632],[126.95259,37.60666],[126.95174,37.60739],[126.95145,37.60802],[126.9506,37.60836],[126.95054,37.60887],[126.95033,37.60911],[126.95036,37.61062],[126.94934,37.61002],[126.9489,37.60946],[126.94872,37.60903],[126.9482,37.60863],[126.94705,37.60813],[126.94621,37.60739],[126.94374,37.60621],[126.94367,37.60504],[126.94213,37.60494],[126.94124,37.60313],[126.93996,37.60308],[126.93981,37.60277],[126.93984,37.60187],[126.9401,37.60178],[126.94107,37.60115],[126.94139,37.60065],[126.94088,37.59872],[126.93968,37.59798],[126.93872,37.59752],[126.93754,37.59787],[126.93671,37.59763],[126.93452,37.59663],[126.93384,37.59665],[126.93279,37.59631],[126.93221,37.5958],[126.9316,37.59541],[126.93131,37.59502],[126.93025,37.59455],[126.93039,37.59434],[126.92996,37.59416],[126.92932,37.59333],[126.92884,37.59285],[126.92854,37.59228],[126.92776,37.59158],[126.92797,37.59105],[126.92765,37.59052],[126.92794,37.58994],[126.9276,37.58939],[126.928,37.58839],[126.92774,37.58807],[126.92631,37.58729],[126.92573,37.58714],[126.92507,37.58724],[126.92386,37.5871],[126.92365,37.58615],[126.92286,37.58564],[126.92274,37.58547],[126.92242,37.58535],[126.92185,37.58469],[126.92199,37.58408],[126.92172,37.58373],[126.92175,37.58346],[126.92119,37.58331],[126.92086,37.58294],[126.92025,37.58296],[126.91986,37.5833],[126.91955,37.58321],[126.91889,37.58338],[126.91775,37.58323],[126.91703,37.58326],[126.91594,37.58309],[126.91576,37.58397],[126.9156,37.5842],[126.91568,37.58436],[126.91568,37.58499],[126.91603,37.58531],[126.91637,37.58588],[126.91602,37.58562],[126.91531,37.58542],[126.9157,37.58598],[126.91285,37.58722],[126.91244,37.58647],[126.9119,37.58581],[126.90412,37.57849],[126.90417,37.57874],[126.90183,37.57654],[126.90264,37.57639],[126.90208,37.57601],[126.90666,37.57296],[126.90776,37.57212],[126.9091,37.57129],[126.91163,37.57019],[126.91575,37.56825],[126.91844,37.56711],[126.92018,37.56664],[126.92156,37.56644],[126.92358,37.566],[126.92473,37.56567],[126.92601,37.56511],[126.92828,37.56333],[126.92677,37.56109],[126.92667,37.56064],[126.9266,37.55885],[126.93686,37.5551],[126.94107,37.55648],[126.94102,37.55662],[126.94107,37.55648],[126.95619,37.55741],[126.95913,37.55724],[126.95964,37.55766],[126.9598,37.55755],[126.96012,37.5577],[126.96115,37.55875],[126.96169,37.55898],[126.96158,37.55915],[126.96168,37.55903],[126.96331,37.55922],[126.96402,37.55948],[126.96545,37.5603]]]}},{"type":"Feature","properties":{"sgg_cd":"11440","gu_name":"마포구","label":[126.90826,37.55931]},"geometry":{"type":"Polygon","coordinates":[[[126.91286,37.5696],[126.90878,37.57145],[126.90666,37.57296],[126.90209,37.576],[126.90166,37.57567],[126.90133,37.57514],[126.90166,37.57567],[126.90209,37.576],[126.89753,37.5791],[126.88872,37.58475],[126.88587,37.58706],[126.88206,37.59079],[126.88189,37.59064],[126.88199,37.59054],[126.88075,37.58983],[126.88035,37.58951],[126.88004,37.58907],[126.87944,37.58787],[126.87913,37.58677],[126.87847,37.58637],[126.87754,37.58625],[126.87727,37.58557],[126.87719,37.58494],[126.87654,37.58444],[126.87662,37.58416],[126.87717,37.58424],[126.87729,37.58417],[126.87733,37.58405],[126.87725,37.58377],[126.87699,37.58339],[126.8771,37.58289],[126.87705,37.58221],[126.87667,37.58163],[126.87663,37.58138],[126.87666,37.58126],[126.87742,37.58064],[126.87747,37.58031],[126.87737,37.58011],[126.87763,37.57975],[126.87708,37.5789],[126.87626,37.57896],[126.87626,37.57818],[126.87391,37.57828],[126.8706,37.57801],[126.86838,37.57752],[126.86494,37.57747],[126.85929,37.57524],[126.85929,37.57491],[126.85363,37.5738],[126.85363,37.57179],[126.85502,37.57026],[126.85608,37.56944],[126.85862,37.5678],[126.86383,37.56449],[126.86629,37.56305],[126.86895,37.56202],[126.87304,37.56005],[126.88683,37.55309],[126.88826,37.55221],[126.89468,37.54939],[126.89894,37.54801],[126.90182,37.54502],[126.9022,37.54411],[126.90483,37.54142],[126.92444,37.54143],[126.92242,37.54142],[126.92284,37.54062],[126.92308,37.54045],[126.92482,37.53974],[126.9271,37.53903],[126.92728,37.53914],[126.92765,37.53907],[126.93033,37.54136],[126.9301,37.54143],[126.92841,37.54143],[126.93011,37.54143],[126.9329,37.54052],[126.93856,37.53784],[126.94422,37.53424],[126.94459,37.53378],[126.94493,37.53424],[126.94482,37.53452],[126.9451,37.53496],[126.94556,37.53498],[126.94544,37.53518],[126.94627,37.53569],[126.94642,37.53574],[126.94652,37.53558],[126.94719,37.53537],[126.94738,37.53522],[126.94747,37.5353],[126.94739,37.53538],[126.94749,37.53583],[126.94759,37.53584],[126.94785,37.53562],[126.94828,37.53565],[126.94879,37.53558],[126.949,37.53575],[126.94991,37.53605],[126.9506,37.5361],[126.95128,37.53629],[126.95155,37.53654],[126.95211,37.53677],[126.95338,37.53755],[126.95365,37.53833],[126.9541,37.53893],[126.95519,37.53919],[126.95573,37.53947],[126.95607,37.53996],[126.95664,37.54059],[126.95652,37.54071],[126.95672,37.54086],[126.95695,37.54136],[126.95699,37.54164],[126.95818,37.54231],[126.95835,37.54276],[126.95808,37.54291],[126.95758,37.54297],[126.95741,37.54323],[126.95754,37.5437],[126.95745,37.544],[126.95757,37.54422],[126.95811,37.54442],[126.95782,37.54514],[126.95791,37.54546],[126.95841,37.54551],[126.95897,37.54574],[126.95932,37.54604],[126.95953,37.54597],[126.96005,37.54607],[126.96013,37.54637],[126.96108,37.54742],[126.9617,37.54759],[126.96222,37.54813],[126.96224,37.54862],[126.96294,37.54869],[126.96334,37.54864],[126.96373,37.54879],[126.96371,37.54925],[126.9639,37.54976],[126.96355,37.54995],[126.96349,37.55018],[126.96323,37.55046],[126.96319,37.55066],[126.9624,37.55138],[126.96235,37.55151],[126.96241,37.55165],[126.96229,37.55188],[126.96229,37.55291],[126.96204,37.55406],[126.96177,37.55479],[126.96178,37.55498],[126.96198,37.55513],[126.96215,37.55554],[126.96248,37.55591],[126.96277,37.556],[126.96279,37.55611],[126.96336,37.55669],[126.96343,37.55695],[126.96322,37.55732],[126.96305,37.55741],[126.96308,37.5582],[126.9628,37.55807],[126.96208,37.55846],[126.96157,37.55842],[126.96155,37.55862],[126.96174,37.55881],[126.96169,37.55898],[126.96115,37.55875],[126.96012,37.5577],[126.9598,37.55755],[126.95964,37.55766],[126.95913,37.55724],[126.95619,37.55741],[126.94137,37.55655],[126.93686,37.5551],[126.93279,37.55658],[126.93277,37.55637],[126.93279,37.55658],[126.9266,37.55885],[126.92667,37.56064],[126.92677,37.56109],[126.92828,37.56333],[126.92601,37.56511],[126.92473,37.56567],[126.92358,37.566],[126.92156,37.56644],[126.92018,37.56664],[126.91844,37.56711],[126.91575,37.56825],[126.91286,37.5696]]]}},{"type":"Feature","properties":{"sgg_cd":"11470","gu_name":"양천구","label":[126.85548,37.5248]},"geometry":{"type":"Polygon","coordinates":[[[126.86503,37.55099],[126.86447,37.55124],[126.86421,37.55115],[126.86212,37.54449],[126.86212,37.54415],[126.86228,37.54366],[126.8629,37.54252],[126.86343,37.54172],[126.86339,37.54161],[126.86374,37.54094],[126.86378,37.54071],[126.86344,37.5361],[126.86397,37.52979],[126.84887,37.5279],[126.84049,37.52648],[126.83441,37.53646],[126.83511,37.53673],[126.83521,37.53713],[126.83516,37.53753],[126.83373,37.53984],[126.8331,37.54185],[126.83054,37.54176],[126.83031,37.54148],[126.83018,37.54155],[126.83025,37.54163],[126.82998,37.54166],[126.83001,37.54252],[126.83027,37.54254],[126.82971,37.54374],[126.82963,37.54409],[126.83003,37.54464],[126.83029,37.54562],[126.83046,37.54577],[126.83024,37.54617],[126.83011,37.54621],[126.83007,37.54642],[126.82996,37.54655],[126.82975,37.54771],[126.82789,37.54753],[126.82758,37.54767],[126.82745,37.54726],[126.82749,37.54696],[126.82712,37.54669],[126.82696,37.54597],[126.82662,37.54546],[126.82601,37.54488],[126.82574,37.5443],[126.82574,37.54389],[126.82612,37.54327],[126.82608,37.54295],[126.82534,37.54207],[126.82538,37.54161],[126.82444,37.54129],[126.82399,37.54132],[126.82215,37.54067],[126.82161,37.53975],[126.82232,37.53792],[126.82234,37.53699],[126.82243,37.53654],[126.82187,37.5349],[126.82262,37.5342],[126.8227,37.53375],[126.82355,37.53376],[126.82343,37.53262],[126.82391,37.53202],[126.82396,37.53181],[126.82458,37.53122],[126.82474,37.5306],[126.82531,37.52996],[126.82556,37.52985],[126.82707,37.52971],[126.8283,37.52908],[126.82794,37.52835],[126.828,37.52798],[126.82844,37.52671],[126.82886,37.52653],[126.82828,37.5263],[126.82818,37.5261],[126.82818,37.52583],[126.82731,37.52528],[126.82675,37.52513],[126.82651,37.52493],[126.82648,37.52476],[126.82613,37.5243],[126.82582,37.52371],[126.82516,37.52305],[126.82519,37.52281],[126.82566,37.52224],[126.82548,37.52175],[126.82559,37.52175],[126.82554,37.52145],[126.8257,37.52105],[126.82568,37.52025],[126.82459,37.51805],[126.8245,37.51772],[126.8231,37.51622],[126.8234,37.51495],[126.8238,37.51466],[126.82425,37.51447],[126.8243,37.51369],[126.82444,37.51317],[126.82416,37.51241],[126.82389,37.51084],[126.82405,37.51049],[126.82695,37.51039],[126.82674,37.50975],[126.82646,37.50952],[126.82709,37.5093],[126.82705,37.50854],[126.82811,37.5088],[126.8295,37.50832],[126.82984,37.50835],[126.83065,37.50822],[126.83102,37.50803],[126.83102,37.50782],[126.83066,37.50687],[126.83061,37.50631],[126.83123,37.50587],[126.83126,37.50572],[126.83154,37.50545],[126.83165,37.50508],[126.83201,37.50468],[126.83291,37.50426],[126.83308,37.50404],[126.83364,37.50388],[126.83399,37.50338],[126.83525,37.50287],[126.83639,37.50308],[126.83692,37.50332],[126.83749,37.50328],[126.83815,37.50381],[126.83849,37.50442],[126.8388,37.50455],[126.83932,37.50445],[126.83959,37.5045],[126.83995,37.50489],[126.84011,37.50538],[126.8405,37.50552],[126.84074,37.50604],[126.84118,37.50583],[126.84207,37.50567],[126.84243,37.50548],[126.84269,37.50549],[126.84358,37.50582],[126.84441,37.50568],[126.84468,37.50574],[126.84438,37.50649],[126.84461,37.50673],[126.84487,37.50732],[126.84506,37.50753],[126.84536,37.50779],[126.84605,37.50809],[126.84628,37.50854],[126.84623,37.50898],[126.84664,37.50906],[126.84694,37.50932],[126.8473,37.5095],[126.84871,37.50888],[126.84903,37.50907],[126.84952,37.50964],[126.85009,37.51013],[126.85076,37.51001],[126.85139,37.51013],[126.85216,37.51048],[126.85254,37.51051],[126.85287,37.51069],[126.8552,37.50971],[126.85561,37.50915],[126.85833,37.50992],[126.86032,37.50662],[126.86043,37.50675],[126.86269,37.5074],[126.86315,37.50786],[126.8641,37.50836],[126.8637,37.5078],[126.86314,37.50737],[126.86264,37.50679],[126.86298,37.50652],[126.86276,37.5064],[126.86284,37.50594],[126.86302,37.50556],[126.86334,37.50515],[126.86352,37.50505],[126.8642,37.50508],[126.86455,37.50499],[126.86471,37.50506],[126.86484,37.50551],[126.86525,37.50559],[126.86581,37.50557],[126.86675,37.5053],[126.86647,37.50529],[126.86657,37.50521],[126.86679,37.50529],[126.86714,37.5053],[126.86796,37.50489],[126.86901,37.50486],[126.86914,37.5049],[126.87026,37.50585],[126.87065,37.50576],[126.87102,37.50527],[126.87146,37.50507],[126.87148,37.5047],[126.87187,37.50413],[126.87231,37.50408],[126.87268,37.50388],[126.87318,37.50378],[126.87358,37.50356],[126.87376,37.50421],[126.87371,37.50476],[126.87417,37.50531],[126.87442,37.50609],[126.87471,37.50663],[126.87446,37.50665],[126.87429,37.50677],[126.87418,37.50695],[126.87421,37.50718],[126.87447,37.50738],[126.87485,37.5075],[126.87503,37.50771],[126.8748,37.50826],[126.8739,37.50867],[126.87379,37.50881],[126.8738,37.50906],[126.87402,37.50939],[126.87422,37.50947],[126.87452,37.50947],[126.87502,37.50931],[126.87533,37.5094],[126.87553,37.50957],[126.8756,37.50974],[126.87534,37.51002],[126.87518,37.51053],[126.8752,37.51069],[126.87552,37.51108],[126.87576,37.51114],[126.87611,37.51105],[126.87652,37.51063],[126.87672,37.51068],[126.87684,37.51085],[126.87656,37.51115],[126.8757,37.51136],[126.87546,37.51163],[126.8752,37.51179],[126.87507,37.5118],[126.87487,37.51164],[126.87496,37.51115],[126.8749,37.5109],[126.87467,37.51069],[126.87419,37.51065],[126.874,37.51081],[126.87394,37.51117],[126.8751,37.51242],[126.87518,37.51245],[126.87532,37.51226],[126.8756,37.51218],[126.8761,37.51242],[126.87639,37.51281],[126.87645,37.51301],[126.87638,37.51331],[126.8765,37.51357],[126.87665,37.51368],[126.87695,37.51376],[126.87726,37.51373],[126.87748,37.5136],[126.87773,37.51329],[126.87791,37.51334],[126.87785,37.51357],[126.87766,37.51381],[126.87752,37.51467],[126.87758,37.51503],[126.8778,37.51544],[126.87777,37.51555],[126.87738,37.51582],[126.87732,37.51604],[126.87749,37.51617],[126.87833,37.51632],[126.8786,37.51651],[126.87896,37.51693],[126.87891,37.51707],[126.87865,37.51718],[126.87847,37.51739],[126.87848,37.51753],[126.87858,37.51763],[126.87874,37.51765],[126.87929,37.51752],[126.87942,37.51753],[126.87955,37.51766],[126.87945,37.51776],[126.8788,37.51788],[126.8786,37.518],[126.87836,37.51823],[126.87814,37.51878],[126.87812,37.51905],[126.87828,37.51949],[126.87851,37.51975],[126.87903,37.52003],[126.87938,37.52051],[126.87914,37.52204],[126.87889,37.5225],[126.87906,37.52254],[126.87889,37.52315],[126.87886,37.52408],[126.87861,37.52468],[126.87861,37.52507],[126.87875,37.52535],[126.87928,37.52572],[126.88054,37.52575],[126.88094,37.52591],[126.88113,37.52614],[126.88117,37.52652],[126.88068,37.52711],[126.8806,37.5274],[126.88067,37.52755],[126.8809,37.52771],[126.88135,37.52778],[126.88191,37.52763],[126.88273,37.52725],[126.88328,37.52727],[126.88374,37.52758],[126.88387,37.52788],[126.8839,37.52839],[126.88417,37.52866],[126.88522,37.52919],[126.886,37.52945],[126.88718,37.53019],[126.88769,37.53037],[126.88847,37.53043],[126.88937,37.53019],[126.88955,37.53001],[126.89068,37.53166],[126.89029,37.53187],[126.88909,37.53191],[126.88863,37.53212],[126.88853,37.53256],[126.88869,37.53281],[126.88977,37.53338],[126.89001,37.53366],[126.89015,37.53411],[126.89,37.53471],[126.88943,37.53554],[126.88859,37.53631],[126.88826,37.53672],[126.88767,37.53757],[126.88711,37.53859],[126.88685,37.53883],[126.88653,37.53936],[126.88551,37.54155],[126.88544,37.54232],[126.88509,37.54331],[126.88473,37.54329],[126.88443,37.54338],[126.88425,37.54357],[126.88424,37.5443],[126.88409,37.54464],[126.88275,37.54575],[126.88213,37.54673],[126.88081,37.54808],[126.88048,37.54819],[126.87995,37.54813],[126.88026,37.54774],[126.87796,37.5471],[126.87417,37.54693],[126.87264,37.54707],[126.8718,37.54728],[126.87065,37.54771],[126.86593,37.55055],[126.86503,37.55099]]]}},{"type":"Feature","properties":{"sgg_cd":"11500","gu_name":"강서구","label":[126.8228,37.56124]},"geometry":{"type":"Polygon","coordinates":[[[126.85264,37.57252],[126.84838,37.57516],[126.84324,37.57888],[126.84233,37.57928],[126.8381,37.58179],[126.83715,37.58256],[126.83176,37.58584],[126.82781,37.58749],[126.8193,37.59285],[126.81753,37.59533],[126.81656,37.59568],[126.81395,37.59762],[126.81137,37.59896],[126.80824,37.60121],[126.80586,37.60258],[126.80258,37.60503],[126.79994,37.60254],[126.79979,37.60191],[126.80002,37.60162],[126.79993,37.60144],[126.79922,37.60112],[126.79913,37.60087],[126.79867,37.60045],[126.79877,37.60039],[126.79854,37.60009],[126.79817,37.60034],[126.79805,37.60021],[126.79764,37.59928],[126.79755,37.59876],[126.79754,37.59779],[126.79748,37.59767],[126.79708,37.59774],[126.79745,37.59525],[126.79761,37.59488],[126.79808,37.59424],[126.79866,37.59367],[126.80009,37.59262],[126.8005,37.59241],[126.80041,37.59241],[126.80029,37.59204],[126.80005,37.59203],[126.79991,37.59223],[126.79961,37.59244],[126.79899,37.59243],[126.79905,37.5923],[126.7988,37.59132],[126.79945,37.59114],[126.80009,37.59035],[126.80052,37.59031],[126.80066,37.59],[126.80123,37.58935],[126.8011,37.58897],[126.80077,37.58904],[126.80088,37.58857],[126.801,37.58853],[126.80082,37.58828],[126.80094,37.58817],[126.80074,37.58783],[126.8005,37.58779],[126.80027,37.58794],[126.79945,37.58806],[126.79914,37.58819],[126.79877,37.58807],[126.7976,37.5864],[126.79753,37.58598],[126.79723,37.58539],[126.79716,37.58539],[126.79668,37.58491],[126.79643,37.58503],[126.79629,37.5849],[126.7971,37.58427],[126.79687,37.58404],[126.7963,37.58374],[126.79572,37.58312],[126.79554,37.58516],[126.79522,37.58535],[126.79524,37.58521],[126.79493,37.5852],[126.79487,37.58476],[126.79493,37.58343],[126.7947,37.58262],[126.7945,37.5826],[126.79441,37.58268],[126.79452,37.583],[126.79454,37.58355],[126.79422,37.58407],[126.79378,37.58447],[126.79344,37.58452],[126.79375,37.58346],[126.79373,37.58304],[126.79391,37.58296],[126.79382,37.58183],[126.79353,37.58114],[126.79331,37.58025],[126.79285,37.58017],[126.79307,37.57903],[126.79307,37.57864],[126.79325,37.57853],[126.79315,37.57796],[126.79322,37.57689],[126.79274,37.57684],[126.79272,37.57743],[126.79237,37.57973],[126.7916,37.58132],[126.79135,37.58141],[126.79126,37.58092],[126.79118,37.58083],[126.79082,37.58076],[126.79073,37.58061],[126.79082,37.57954],[126.79069,37.57901],[126.79082,37.57899],[126.79059,37.57778],[126.79002,37.57735],[126.78996,37.57763],[126.78934,37.57772],[126.78847,37.5768],[126.7892,37.57558],[126.7886,37.57575],[126.78834,37.57605],[126.78805,37.57617],[126.78791,37.57612],[126.78784,37.57586],[126.78761,37.57558],[126.78525,37.57486],[126.78399,37.5742],[126.78241,37.57361],[126.78214,37.57317],[126.7821,37.57297],[126.78218,37.57267],[126.7819,37.57181],[126.78145,37.5715],[126.78137,37.57135],[126.78192,37.57111],[126.78263,37.57055],[126.78239,37.5703],[126.78132,37.57017],[126.78052,37.57046],[126.78048,37.57028],[126.781,37.5699],[126.78112,37.5696],[126.7818,37.56939],[126.7819,37.56924],[126.78163,37.5689],[126.78136,37.56893],[126.78093,37.56871],[126.78047,37.56829],[126.78046,37.56795],[126.78054,37.56789],[126.78032,37.5675],[126.78024,37.56744],[126.77971,37.56796],[126.77917,37.56832],[126.77906,37.56821],[126.77902,37.56799],[126.77908,37.56733],[126.779,37.56715],[126.77867,37.56717],[126.77781,37.56699],[126.7772,37.56663],[126.77699,37.56637],[126.77696,37.56621],[126.77672,37.56605],[126.77657,37.56611],[126.7765,37.5668],[126.77639,37.56701],[126.77638,37.56687],[126.77634,37.56694],[126.77633,37.56709],[126.77562,37.56721],[126.7754,37.56732],[126.77556,37.56774],[126.77553,37.56826],[126.77476,37.56771],[126.77475,37.56731],[126.77499,37.56691],[126.77513,37.56588],[126.77544,37.56577],[126.77558,37.56559],[126.77534,37.56534],[126.77575,37.56535],[126.77594,37.56521],[126.77611,37.56481],[126.7771,37.56372],[126.77697,37.5637],[126.77674,37.56324],[126.77673,37.56277],[126.77661,37.56262],[126.77663,37.56237],[126.77695,37.56223],[126.77698,37.56229],[126.77751,37.56228],[126.77757,37.5615],[126.77793,37.56029],[126.77784,37.55993],[126.77735,37.56032],[126.77718,37.5607],[126.77611,37.56186],[126.77589,37.56177],[126.77576,37.56194],[126.77554,37.56183],[126.77546,37.56143],[126.77468,37.56132],[126.77495,37.56104],[126.77493,37.5609],[126.77466,37.5607],[126.77481,37.56046],[126.77445,37.56044],[126.77416,37.56016],[126.77425,37.56006],[126.77429,37.55976],[126.77419,37.55969],[126.77359,37.56006],[126.7735,37.55976],[126.77319,37.55929],[126.77274,37.55941],[126.77245,37.55872],[126.7722,37.55863],[126.77177,37.55863],[126.77318,37.55753],[126.77243,37.55701],[126.77199,37.55696],[126.77119,37.55717],[126.76987,37.55723],[126.769,37.5571],[126.76874,37.55682],[126.76735,37.55662],[126.76662,37.55697],[126.76628,37.55692],[126.76627,37.55685],[126.76675,37.5565],[126.76672,37.55632],[126.76601,37.55613],[126.76505,37.55562],[126.76456,37.55544],[126.76449,37.55528],[126.76478,37.55508],[126.76605,37.55499],[126.76634,37.55487],[126.7664,37.55464],[126.7662,37.55424],[126.76633,37.55402],[126.76636,37.55376],[126.76653,37.55381],[126.76673,37.55407],[126.76695,37.55406],[126.76741,37.55422],[126.76761,37.55412],[126.76764,37.55396],[126.76729,37.55368],[126.76735,37.55359],[126.76762,37.55353],[126.76762,37.55344],[126.76737,37.55313],[126.76754,37.55291],[126.76771,37.55283],[126.76747,37.55195],[126.76805,37.55179],[126.76808,37.55157],[126.76816,37.55164],[126.76856,37.5516],[126.76877,37.55149],[126.76932,37.55157],[126.76939,37.55132],[126.76979,37.55107],[126.77016,37.55117],[126.77027,37.55109],[126.76984,37.55065],[126.76981,37.55054],[126.76992,37.55018],[126.77027,37.55],[126.77048,37.54965],[126.77084,37.54935],[126.77101,37.54903],[126.77099,37.54875],[126.77135,37.54863],[126.77155,37.54832],[126.77196,37.54838],[126.77258,37.54875],[126.77529,37.54897],[126.77674,37.5482],[126.77756,37.54671],[126.77783,37.54666],[126.77875,37.54671],[126.77921,37.54655],[126.78049,37.54639],[126.78184,37.54607],[126.78204,37.54633],[126.78256,37.54615],[126.78339,37.54601],[126.78395,37.54601],[126.78448,37.54612],[126.78548,37.54601],[126.78695,37.54598],[126.78726,37.54608],[126.78773,37.54574],[126.78819,37.54517],[126.78938,37.54446],[126.79076,37.54384],[126.79123,37.54373],[126.79182,37.54375],[126.79178,37.54331],[126.79158,37.54306],[126.79154,37.54283],[126.79159,37.54245],[126.79181,37.5419],[126.79213,37.54176],[126.79302,37.54159],[126.79494,37.54137],[126.79489,37.54105],[126.7944,37.54045],[126.79438,37.54023],[126.79427,37.54016],[126.79409,37.54017],[126.79326,37.5397],[126.79389,37.53955],[126.79394,37.53942],[126.79394,37.53902],[126.79417,37.53858],[126.79422,37.53829],[126.79404,37.53799],[126.79396,37.53736],[126.79437,37.53625],[126.79443,37.53583],[126.79479,37.53596],[126.79604,37.53675],[126.79662,37.53677],[126.79673,37.53683],[126.79673,37.53694],[126.79701,37.53706],[126.79781,37.53705],[126.79817,37.53733],[126.79825,37.53723],[126.79835,37.53725],[126.79825,37.53771],[126.79909,37.53757],[126.79929,37.53773],[126.79946,37.53773],[126.79941,37.53813],[126.79915,37.53889],[126.79944,37.53889],[126.79943,37.53902],[126.79924,37.53929],[126.79874,37.5394],[126.79886,37.54029],[126.79936,37.54019],[126.79942,37.54025],[126.79927,37.54063],[126.80082,37.54081],[126.80078,37.54104],[126.80033,37.54086],[126.8003,37.54119],[126.80066,37.54128],[126.80055,37.54147],[126.79965,37.54139],[126.80047,37.54177],[126.80164,37.5426],[126.80185,37.54272],[126.80349,37.54309],[126.80526,37.5433],[126.80681,37.5436],[126.80733,37.54359],[126.80622,37.5443],[126.80624,37.54441],[126.80585,37.5447],[126.80687,37.5439],[126.80865,37.54288],[126.81056,37.54151],[126.81233,37.54074],[126.81351,37.54063],[126.8135,37.5407],[126.81473,37.54068],[126.81535,37.54057],[126.81631,37.54055],[126.81932,37.54074],[126.82212,37.54068],[126.82399,37.54132],[126.82443,37.54136],[126.82539,37.54168],[126.82536,37.54209],[126.82608,37.54297],[126.82608,37.5433],[126.82572,37.54391],[126.82574,37.5443],[126.82601,37.54488],[126.82662,37.54546],[126.82696,37.54597],[126.82712,37.54669],[126.82745,37.547],[126.82743,37.54724],[126.82758,37.54768],[126.82798,37.54756],[126.83017,37.54774],[126.82976,37.54773],[126.83011,37.54621],[126.83024,37.54617],[126.83046,37.54577],[126.83003,37.54464],[126.82968,37.5441],[126.82972,37.54372],[126.83023,37.54263],[126.83001,37.54252],[126.82998,37.54166],[126.8302,37.5416],[126.83031,37.54148],[126.83054,37.54176],[126.8331,37.54185],[126.83373,37.53984],[126.83516,37.53753],[126.83521,37.53713],[126.83511,37.53673],[126.83441,37.53646],[126.84048,37.52649],[126.84887,37.5279],[126.86397,37.52979],[126.86344,37.5361],[126.86378,37.54071],[126.86367,37.54109],[126.86339,37.54161],[126.86343,37.54172],[126.8629,37.54252],[126.86228,37.54366],[126.86212,37.54436],[126.8642,37.55115],[126.86447,37.55124],[126.86575,37.55065],[126.87066,37.54772],[126.8716,37.54734],[126.87243,37.54711],[126.87417,37.54693],[126.87796,37.5471],[126.88026,37.54774],[126.87995,37.54813],[126.88048,37.54819],[126.88079,37.54809],[126.88036,37.54846],[126.87933,37.55015],[126.87805,37.5517],[126.87801,37.55304],[126.87793,37.55334],[126.878,37.5535],[126.87825,37.55358],[126.87922,37.55315],[126.87924,37.55475],[126.88046,37.55627],[126.87418,37.55948],[126.86906,37.56197],[126.86629,37.56305],[126.86304,37.565],[126.86166,37.56343],[126.86516,37.56135],[126.86589,37.56114],[126.86765,37.56016],[126.86743,37.55971],[126.86558,37.55909],[126.86533,37.5589],[126.86435,37.55804],[126.86332,37.55694],[126.86334,37.55685],[126.86363,37.55669],[126.86333,37.55669],[126.85518,37.56106],[126.84867,37.56443],[126.85518,37.56106],[126.86333,37.55669],[126.86363,37.55669],[126.86334,37.55685],[126.86332,37.55694],[126.86432,37.558],[126.86551,37.55904],[126.86728,37.55963],[126.86731,37.55972],[126.86743,37.55971],[126.86762,37.56003],[126.86764,37.56018],[126.86721,37.56044],[126.86589,37.56114],[126.86515,37.56135],[126.86165,37.56343],[126.86304,37.565],[126.85607,37.56944],[126.85502,37.57026],[126.85352,37.5719],[126.85264,37.57252]]]}},{"type":"Feature","properties":{"sgg_cd":"11530","gu_name":"구로구","label":[126.8563,37.4944]},"geometry":{"type":"Polygon","coordinates":[[[126.82852,37.50867],[126.82811,37.5088],[126.82692,37.50849],[126.82646,37.50875],[126.82627,37.50877],[126.82446,37.50826],[126.82359,37.50814],[126.82264,37.50774],[126.82222,37.50769],[126.82236,37.50623],[126.82238,37.50611],[126.82249,37.5061],[126.82255,37.50568],[126.82238,37.50535],[126.82202,37.50508],[126.82183,37.50454],[126.82198,37.5039],[126.82156,37.5029],[126.82156,37.50216],[126.82,37.50143],[126.81942,37.50079],[126.81938,37.50046],[126.81947,37.49978],[126.81964,37.49921],[126.81891,37.49875],[126.81821,37.49886],[126.81758,37.49823],[126.81689,37.49802],[126.81658,37.49781],[126.8161,37.49764],[126.81577,37.49764],[126.81514,37.49801],[126.81464,37.498],[126.81428,37.49827],[126.81414,37.49813],[126.81404,37.49735],[126.81325,37.49673],[126.81301,37.4964],[126.81387,37.4949],[126.81435,37.49442],[126.81432,37.49376],[126.81458,37.49319],[126.81549,37.4932],[126.81587,37.49263],[126.81789,37.49154],[126.81857,37.49156],[126.81925,37.49131],[126.81953,37.49105],[126.82021,37.49075],[126.82098,37.49079],[126.82079,37.49053],[126.82096,37.49067],[126.82093,37.49058],[126.82147,37.49035],[126.82276,37.48998],[126.82283,37.48964],[126.82305,37.48929],[126.82301,37.48815],[126.82351,37.48774],[126.82359,37.48774],[126.82248,37.48692],[126.82239,37.48672],[126.82164,37.48652],[126.82129,37.48618],[126.81929,37.48548],[126.81949,37.48481],[126.81947,37.48452],[126.81931,37.48418],[126.81957,37.48365],[126.81939,37.48331],[126.8195,37.48306],[126.81955,37.48252],[126.81996,37.48189],[126.81999,37.48164],[126.81958,37.48079],[126.81954,37.48032],[126.81937,37.47986],[126.819,37.47916],[126.81826,37.47816],[126.81721,37.47814],[126.81641,37.47754],[126.81607,37.47708],[126.81611,37.47675],[126.8153,37.47636],[126.81497,37.47586],[126.81463,37.47465],[126.81547,37.47405],[126.81656,37.47399],[126.81695,37.47368],[126.81708,37.47329],[126.81764,37.47319],[126.81792,37.47369],[126.81863,37.47408],[126.81832,37.4753],[126.81881,37.47524],[126.81882,37.47533],[126.81941,37.47518],[126.81905,37.4755],[126.81908,37.47613],[126.81942,37.47633],[126.81958,37.47636],[126.82006,37.47621],[126.82016,37.47627],[126.82107,37.4763],[126.82124,37.47621],[126.82157,37.47626],[126.82178,37.4762],[126.82167,37.47548],[126.82172,37.47522],[126.82191,37.47529],[126.82195,37.47553],[126.82211,37.47575],[126.82295,37.47597],[126.82318,37.47595],[126.82315,37.47612],[126.82365,37.47613],[126.82395,37.47647],[126.82417,37.47619],[126.82528,37.47627],[126.82612,37.47622],[126.82787,37.47599],[126.8292,37.4762],[126.82954,37.4766],[126.82962,37.4769],[126.83046,37.47734],[126.83175,37.47765],[126.83348,37.47716],[126.83393,37.47678],[126.83408,37.47642],[126.83487,37.47575],[126.83461,37.47487],[126.83464,37.47436],[126.83483,37.47442],[126.83572,37.47438],[126.83588,37.47446],[126.83618,37.47481],[126.8372,37.47488],[126.8383,37.47539],[126.83923,37.47517],[126.83957,37.47519],[126.84011,37.47476],[126.84082,37.47466],[126.84278,37.47497],[126.84311,37.47487],[126.84354,37.47454],[126.84405,37.47447],[126.84425,37.4746],[126.84434,37.47452],[126.84432,37.4743],[126.84449,37.47398],[126.8447,37.47376],[126.84482,37.47375],[126.84495,37.47347],[126.84536,37.47381],[126.84598,37.48064],[126.84605,37.48092],[126.84642,37.48151],[126.84701,37.48191],[126.8478,37.48208],[126.84847,37.48209],[126.8507,37.48153],[126.85167,37.48159],[126.8527,37.48182],[126.85313,37.48231],[126.85296,37.48248],[126.85316,37.48262],[126.85364,37.48262],[126.85386,37.48284],[126.85487,37.48479],[126.85516,37.48517],[126.85573,37.4855],[126.85642,37.4857],[126.85745,37.4858],[126.85797,37.48609],[126.86177,37.49033],[126.86281,37.49083],[126.86403,37.49102],[126.86452,37.4912],[126.86455,37.49102],[126.86477,37.49117],[126.8648,37.49132],[126.86505,37.49154],[126.86515,37.49159],[126.8654,37.49151],[126.86581,37.49215],[126.8662,37.49256],[126.8663,37.49263],[126.86669,37.49266],[126.8666,37.49289],[126.86704,37.49289],[126.86737,37.49307],[126.86754,37.49337],[126.86776,37.49358],[126.86778,37.49408],[126.86761,37.49426],[126.86704,37.49395],[126.86678,37.4942],[126.86689,37.49433],[126.86759,37.49465],[126.86755,37.49505],[126.86759,37.49482],[126.86799,37.49506],[126.86835,37.49511],[126.8695,37.49433],[126.86971,37.4941],[126.8698,37.49382],[126.87002,37.49366],[126.87007,37.49349],[126.86958,37.49311],[126.86937,37.49272],[126.86946,37.4926],[126.87001,37.49248],[126.87002,37.49226],[126.86946,37.49211],[126.8693,37.49185],[126.86935,37.49164],[126.8698,37.49135],[126.86999,37.49102],[126.86999,37.49087],[126.86968,37.49043],[126.87023,37.49011],[126.87013,37.48976],[126.87023,37.4896],[126.87066,37.48956],[126.87134,37.48983],[126.87155,37.49009],[126.87156,37.49036],[126.87147,37.49057],[126.87157,37.49076],[126.87183,37.49078],[126.87225,37.4906],[126.87272,37.49082],[126.8733,37.49085],[126.87377,37.49122],[126.87413,37.49134],[126.87437,37.49122],[126.87467,37.49084],[126.87484,37.49074],[126.87445,37.49043],[126.87443,37.49029],[126.87465,37.4899],[126.87458,37.48977],[126.87432,37.4897],[126.87411,37.48978],[126.87409,37.49021],[126.87393,37.49043],[126.87375,37.49048],[126.87337,37.49039],[126.87284,37.49001],[126.87244,37.48954],[126.87241,37.48933],[126.87264,37.48898],[126.87267,37.48855],[126.87275,37.48843],[126.87308,37.48825],[126.87327,37.4883],[126.87373,37.48864],[126.87434,37.48886],[126.87449,37.48886],[126.87472,37.48858],[126.87519,37.48851],[126.87582,37.48903],[126.87604,37.48905],[126.87638,37.48894],[126.87679,37.48857],[126.87669,37.48785],[126.87597,37.48691],[126.87536,37.4869],[126.87514,37.48679],[126.875,37.48649],[126.87502,37.48601],[126.87486,37.48567],[126.87456,37.48537],[126.87762,37.48608],[126.87846,37.48666],[126.87945,37.48622],[126.88135,37.48556],[126.88272,37.48475],[126.88616,37.48235],[126.88773,37.48044],[126.88878,37.47979],[126.88988,37.47939],[126.89508,37.4785],[126.89585,37.47851],[126.89621,37.47867],[126.89899,37.47915],[126.89927,37.47995],[126.89973,37.48074],[126.9032,37.485],[126.90274,37.48502],[126.90171,37.48523],[126.89993,37.48601],[126.89814,37.48693],[126.89612,37.48934],[126.89601,37.49021],[126.8957,37.49085],[126.8946,37.49516],[126.89403,37.49819],[126.89363,37.49959],[126.89293,37.50036],[126.89276,37.50083],[126.89293,37.50158],[126.89273,37.50207],[126.89313,37.50268],[126.89269,37.50331],[126.8933,37.50395],[126.89311,37.50446],[126.89317,37.5046],[126.89378,37.50473],[126.89393,37.50482],[126.89397,37.50501],[126.89367,37.50585],[126.89325,37.5067],[126.89301,37.50693],[126.89297,37.5074],[126.89228,37.50906],[126.89233,37.5091],[126.89213,37.50934],[126.89189,37.51012],[126.8917,37.51031],[126.89148,37.51039],[126.89109,37.51035],[126.89067,37.51067],[126.89064,37.51089],[126.89024,37.51137],[126.88998,37.51148],[126.88993,37.51167],[126.88967,37.51182],[126.8898,37.51208],[126.88971,37.51223],[126.88861,37.51226],[126.88836,37.51234],[126.88798,37.51291],[126.88751,37.51319],[126.88634,37.51336],[126.88568,37.51358],[126.8846,37.51371],[126.88442,37.51381],[126.88431,37.51399],[126.88431,37.51436],[126.88409,37.51439],[126.88271,37.51514],[126.88268,37.51581],[126.88245,37.51597],[126.88202,37.5161],[126.88173,37.51642],[126.87948,37.51778],[126.87958,37.51761],[126.87939,37.5175],[126.87873,37.51759],[126.87856,37.51754],[126.87855,37.51735],[126.87894,37.51708],[126.879,37.5169],[126.87848,37.51635],[126.87795,37.51613],[126.87784,37.51544],[126.87765,37.51502],[126.87758,37.51466],[126.87771,37.51376],[126.87791,37.51334],[126.87773,37.51329],[126.87748,37.5136],[126.87726,37.51373],[126.87695,37.51376],[126.87665,37.51368],[126.8765,37.51357],[126.87638,37.51331],[126.87645,37.51301],[126.87639,37.51281],[126.8761,37.51242],[126.8756,37.51218],[126.87532,37.51226],[126.87518,37.51245],[126.87394,37.51117],[126.87408,37.51082],[126.87419,37.51073],[126.87439,37.51067],[126.87468,37.51075],[126.87489,37.51103],[126.87482,37.51163],[126.87501,37.51182],[126.87518,37.51183],[126.8757,37.51136],[126.87656,37.51115],[126.87685,37.51084],[126.87673,37.51067],[126.87652,37.51062],[126.87612,37.51105],[126.87576,37.51114],[126.87552,37.51107],[126.87521,37.51069],[126.87519,37.51052],[126.87534,37.51002],[126.8756,37.50974],[126.87551,37.50955],[126.87529,37.50938],[126.87501,37.50931],[126.87441,37.50949],[126.87422,37.50947],[126.87402,37.50938],[126.8738,37.50906],[126.87379,37.50881],[126.8739,37.50867],[126.8748,37.50826],[126.87504,37.50771],[126.87486,37.5075],[126.87448,37.50738],[126.87421,37.50718],[126.87434,37.5068],[126.87448,37.50669],[126.87471,37.50667],[126.87442,37.50609],[126.87417,37.50531],[126.87371,37.50476],[126.87376,37.50421],[126.87357,37.50355],[126.87314,37.50377],[126.87274,37.50384],[126.87243,37.50404],[126.87187,37.50413],[126.87147,37.50469],[126.87145,37.50507],[126.87101,37.50527],[126.87064,37.50575],[126.87026,37.50585],[126.86901,37.50485],[126.86796,37.50488],[126.86714,37.50529],[126.86679,37.50529],[126.86657,37.5052],[126.86645,37.50526],[126.86659,37.50529],[126.8665,37.50535],[126.86605,37.50552],[126.86544,37.50557],[126.86484,37.5055],[126.86471,37.50506],[126.86455,37.50499],[126.8642,37.50508],[126.86351,37.50501],[126.86314,37.50532],[126.86284,37.50594],[126.86276,37.5064],[126.86294,37.50656],[126.86258,37.50678],[126.86314,37.50737],[126.8637,37.5078],[126.86408,37.50834],[126.86317,37.50785],[126.8627,37.5074],[126.86044,37.50674],[126.86032,37.50662],[126.85833,37.50992],[126.85561,37.50915],[126.8552,37.50971],[126.85287,37.51069],[126.85254,37.51051],[126.85216,37.51048],[126.85139,37.51013],[126.85076,37.51001],[126.85009,37.51013],[126.84952,37.50964],[126.84903,37.50907],[126.84871,37.50888],[126.84729,37.50948],[126.84694,37.50932],[126.84662,37.50905],[126.84623,37.50898],[126.84628,37.50854],[126.84605,37.50809],[126.84537,37.50779],[126.8454,37.50762],[126.84534,37.50777],[126.84506,37.50753],[126.84487,37.50732],[126.84461,37.50673],[126.84438,37.50649],[126.84468,37.50574],[126.84441,37.50568],[126.84358,37.50582],[126.84269,37.50549],[126.84243,37.50548],[126.84207,37.50567],[126.84118,37.50583],[126.84074,37.50604],[126.8405,37.50552],[126.84012,37.50538],[126.83995,37.50489],[126.83959,37.5045],[126.83932,37.50445],[126.8388,37.50455],[126.83849,37.50442],[126.83815,37.50381],[126.83749,37.50328],[126.83692,37.50332],[126.8364,37.50308],[126.83652,37.50256],[126.8364,37.50308],[126.83525,37.50287],[126.83399,37.50338],[126.83362,37.50387],[126.83308,37.50404],[126.83291,37.50426],[126.83201,37.50468],[126.8316,37.50511],[126.8315,37.50545],[126.8312,37.50577],[126.83119,37.50587],[126.83057,37.50636],[126.83061,37.50694],[126.83102,37.50782],[126.83102,37.50803],[126.83065,37.50822],[126.82984,37.50835],[126.82949,37.50832],[126.82852,37.50867]]]}},{"type":"Feature","properties":{"sgg_cd":"11545","gu_name":"금천구","label":[126.90082,37.46057]},"geometry":{"type":"Polygon","coordinates":[[[126.87456,37.48537],[126.87422,37.48519],[126.87394,37.48525],[126.87314,37.48615],[126.87289,37.48625],[126.87244,37.48611],[126.87223,37.48576],[126.87176,37.48527],[126.8718,37.485],[126.87221,37.48443],[126.87278,37.48437],[126.8733,37.48418],[126.87323,37.484],[126.87286,37.48366],[126.87279,37.48349],[126.87274,37.48242],[126.87297,37.48227],[126.87319,37.48228],[126.87338,37.48243],[126.87421,37.48061],[126.8742,37.48048],[126.87599,37.4771],[126.87801,37.47383],[126.8802,37.47093],[126.88159,37.46942],[126.88145,37.469],[126.88163,37.46846],[126.88195,37.46821],[126.88253,37.46793],[126.88272,37.46771],[126.88301,37.46706],[126.88328,37.46686],[126.88399,37.46667],[126.88425,37.46653],[126.88462,37.46601],[126.88457,37.46565],[126.88434,37.46546],[126.88315,37.46513],[126.88287,37.46496],[126.88277,37.46483],[126.88275,37.46439],[126.88378,37.46318],[126.88432,37.46272],[126.88514,37.46247],[126.88625,37.4628],[126.88712,37.4629],[126.88888,37.46095],[126.88863,37.46079],[126.88834,37.46078],[126.88786,37.461],[126.88747,37.46107],[126.88683,37.46093],[126.88613,37.4609],[126.88544,37.46012],[126.88535,37.45986],[126.88538,37.45947],[126.88551,37.45937],[126.8861,37.4593],[126.88623,37.45921],[126.88634,37.45896],[126.88632,37.45845],[126.88595,37.45789],[126.88587,37.45759],[126.88626,37.45636],[126.8864,37.45617],[126.88724,37.4555],[126.88737,37.45546],[126.88802,37.45558],[126.8882,37.4554],[126.88834,37.45509],[126.88876,37.45477],[126.8892,37.45472],[126.88926,37.45448],[126.88902,37.45417],[126.88908,37.45397],[126.88952,37.45377],[126.88965,37.4536],[126.8895,37.4527],[126.88964,37.45231],[126.88985,37.45228],[126.89021,37.4525],[126.89105,37.45224],[126.89136,37.45221],[126.89196,37.4523],[126.89222,37.4522],[126.89239,37.452],[126.89259,37.45195],[126.89276,37.45204],[126.89305,37.45259],[126.89325,37.45276],[126.89361,37.45282],[126.89398,37.45272],[126.8946,37.45116],[126.89481,37.45086],[126.89605,37.44804],[126.89558,37.44833],[126.89523,37.44837],[126.895,37.44822],[126.89473,37.44763],[126.89465,37.4467],[126.89531,37.44621],[126.8955,37.44578],[126.89578,37.44563],[126.89633,37.44573],[126.89676,37.4457],[126.89727,37.44544],[126.89878,37.44206],[126.899,37.44118],[126.89922,37.44106],[126.89936,37.44085],[126.89993,37.43956],[126.89928,37.43964],[126.8988,37.43935],[126.89876,37.43928],[126.89898,37.4387],[126.89915,37.43867],[126.89993,37.43799],[126.90034,37.43773],[126.90055,37.43732],[126.90085,37.43698],[126.90107,37.43693],[126.90275,37.43586],[126.90279,37.43478],[126.90299,37.43407],[126.90353,37.43416],[126.90482,37.43399],[126.90611,37.434],[126.90637,37.4337],[126.90647,37.43381],[126.90675,37.43367],[126.90693,37.4337],[126.90709,37.43355],[126.90725,37.43352],[126.90793,37.43373],[126.90855,37.43368],[126.90941,37.43386],[126.91003,37.43432],[126.91022,37.43482],[126.91061,37.43526],[126.91068,37.4355],[126.91133,37.43617],[126.9112,37.4372],[126.91143,37.43762],[126.9118,37.43777],[126.91231,37.43858],[126.91281,37.43872],[126.91319,37.4391],[126.91389,37.43931],[126.91483,37.43938],[126.91612,37.44005],[126.91786,37.44015],[126.91926,37.43985],[126.92028,37.44047],[126.92117,37.44255],[126.92166,37.44281],[126.92236,37.4437],[126.92276,37.44404],[126.92295,37.44487],[126.9229,37.44517],[126.92325,37.44577],[126.92399,37.44614],[126.924,37.44621],[126.92498,37.44678],[126.92602,37.4477],[126.92652,37.44839],[126.92775,37.44898],[126.92828,37.44935],[126.92851,37.45055],[126.92839,37.45099],[126.92788,37.45109],[126.92731,37.45101],[126.92669,37.45173],[126.92628,37.45254],[126.9257,37.45291],[126.92543,37.45299],[126.92479,37.45283],[126.92427,37.45338],[126.92418,37.45368],[126.92335,37.4542],[126.92309,37.45451],[126.9228,37.45525],[126.92253,37.45633],[126.92219,37.45663],[126.92089,37.45683],[126.91968,37.45676],[126.91914,37.45689],[126.91832,37.45693],[126.91746,37.45712],[126.91728,37.45734],[126.9169,37.45752],[126.91626,37.45734],[126.9156,37.45743],[126.91495,37.45731],[126.91457,37.45745],[126.91403,37.45789],[126.91402,37.45845],[126.91424,37.45894],[126.914,37.45947],[126.91425,37.45995],[126.91419,37.46096],[126.91439,37.46158],[126.91395,37.46194],[126.91371,37.46279],[126.91329,37.46306],[126.91296,37.46356],[126.91289,37.46394],[126.91295,37.46422],[126.91369,37.46543],[126.91354,37.46543],[126.91307,37.46567],[126.91255,37.46574],[126.91238,37.46588],[126.91238,37.46625],[126.91164,37.4668],[126.91161,37.46712],[126.91109,37.46773],[126.91104,37.46808],[126.90996,37.46876],[126.91024,37.46924],[126.90955,37.47045],[126.90959,37.47069],[126.9082,37.47268],[126.90856,37.47296],[126.90994,37.4733],[126.91003,37.47343],[126.91054,37.4736],[126.91075,37.4736],[126.91103,37.47389],[126.91108,37.47419],[126.91136,37.47448],[126.91133,37.47491],[126.91118,37.47522],[126.91137,37.47599],[126.91162,37.4763],[126.9118,37.47686],[126.91182,37.47781],[126.91066,37.47795],[126.91043,37.47836],[126.90983,37.4782],[126.90948,37.47802],[126.90862,37.47908],[126.90881,37.47956],[126.9091,37.47964],[126.90898,37.48009],[126.90994,37.48025],[126.90979,37.48077],[126.90552,37.47998],[126.90529,37.47999],[126.90524,37.48011],[126.89894,37.47894],[126.89899,37.47915],[126.89621,37.47867],[126.89585,37.47851],[126.89508,37.4785],[126.88988,37.47939],[126.88878,37.47979],[126.88773,37.48044],[126.88616,37.48235],[126.88272,37.48475],[126.88135,37.48556],[126.87945,37.48622],[126.87846,37.48666],[126.87762,37.48608],[126.87456,37.48537]]]}},{"type":"Feature","properties":{"sgg_cd":"11560","gu_name":"영등포구","label":[126.91017,37.52231]},"geometry":{"type":"Polygon","coordinates":[[[126.90749,37.53642],[126.90654,37.53935],[126.90483,37.54142],[126.9022,37.54411],[126.90182,37.54502],[126.89894,37.54801],[126.89468,37.54939],[126.88826,37.55221],[126.88683,37.55309],[126.88046,37.55627],[126.87924,37.55475],[126.87922,37.55315],[126.87825,37.55358],[126.87795,37.55345],[126.87805,37.5517],[126.87933,37.55015],[126.88036,37.54845],[126.88125,37.54765],[126.88213,37.54673],[126.88275,37.54575],[126.88409,37.54464],[126.88425,37.54424],[126.88425,37.54357],[126.88443,37.54338],[126.88473,37.54329],[126.88509,37.54331],[126.88544,37.54232],[126.88551,37.54155],[126.88653,37.53936],[126.88685,37.53883],[126.88711,37.53859],[126.88767,37.53757],[126.88826,37.53672],[126.88859,37.53631],[126.88943,37.53554],[126.88992,37.53486],[126.89015,37.53423],[126.89004,37.53371],[126.8898,37.5334],[126.88869,37.53281],[126.88853,37.53256],[126.88863,37.53212],[126.88909,37.53191],[126.89029,37.53187],[126.89068,37.53166],[126.88954,37.53],[126.88935,37.53017],[126.88894,37.53033],[126.88846,37.53041],[126.88769,37.53037],[126.88718,37.53019],[126.886,37.52945],[126.88518,37.52917],[126.88417,37.52866],[126.88391,37.52839],[126.88388,37.52791],[126.88375,37.52758],[126.88343,37.52733],[126.88312,37.52723],[126.88273,37.52725],[126.88191,37.52763],[126.88119,37.52779],[126.88067,37.52755],[126.8806,37.5274],[126.88067,37.52713],[126.88117,37.52651],[126.88113,37.52614],[126.88094,37.52591],[126.88054,37.52575],[126.87928,37.52572],[126.87882,37.52543],[126.87861,37.52507],[126.87862,37.52464],[126.87889,37.5239],[126.87889,37.52315],[126.87906,37.52254],[126.879,37.52246],[126.87919,37.52206],[126.87944,37.5206],[126.8794,37.52036],[126.8791,37.52002],[126.87857,37.51971],[126.87835,37.51949],[126.8782,37.5191],[126.8782,37.51875],[126.87842,37.51825],[126.87874,37.51794],[126.87948,37.51778],[126.88173,37.51642],[126.88202,37.5161],[126.88245,37.51597],[126.88268,37.51581],[126.88271,37.51514],[126.88409,37.51439],[126.88431,37.51436],[126.88431,37.51399],[126.88442,37.51381],[126.8846,37.51371],[126.88568,37.51358],[126.88634,37.51336],[126.88751,37.51319],[126.88798,37.51291],[126.88836,37.51234],[126.88861,37.51226],[126.88971,37.51223],[126.8898,37.51208],[126.88967,37.51182],[126.88993,37.51167],[126.88998,37.51148],[126.89024,37.51137],[126.89064,37.51089],[126.89067,37.51067],[126.89109,37.51035],[126.89148,37.51039],[126.8917,37.51031],[126.89189,37.51012],[126.89213,37.50934],[126.89233,37.5091],[126.89228,37.50906],[126.89297,37.5074],[126.89301,37.50693],[126.89325,37.5067],[126.89367,37.50585],[126.89397,37.50501],[126.89393,37.50482],[126.89378,37.50473],[126.89317,37.5046],[126.89311,37.50446],[126.8933,37.50395],[126.89269,37.50331],[126.89313,37.50268],[126.89273,37.50207],[126.89293,37.50158],[126.89276,37.50083],[126.89293,37.50036],[126.89363,37.49959],[126.89403,37.49819],[126.8946,37.49516],[126.8957,37.49085],[126.89601,37.49021],[126.89612,37.48934],[126.89814,37.48693],[126.89993,37.48601],[126.90164,37.48526],[126.90274,37.48502],[126.9032,37.485],[126.90664,37.48922],[126.90682,37.4892],[126.9071,37.4895],[126.90841,37.49134],[126.91035,37.49362],[126.91084,37.49429],[126.91181,37.49588],[126.91213,37.49618],[126.9129,37.49642],[126.91486,37.49661],[126.91941,37.4976],[126.91982,37.4978],[126.92022,37.49834],[126.92029,37.50003],[126.92035,37.50003],[126.92539,37.51252],[126.92679,37.5128],[126.92676,37.51314],[126.92696,37.51322],[126.92702,37.51387],[126.92667,37.51439],[126.92676,37.51446],[126.92687,37.51441],[126.9269,37.51452],[126.9268,37.5147],[126.92686,37.51554],[126.929,37.51542],[126.92971,37.51545],[126.93239,37.51557],[126.93414,37.51591],[126.93928,37.51608],[126.94956,37.51762],[126.94989,37.51751],[126.94988,37.52703],[126.94714,37.5306],[126.94422,37.53424],[126.93856,37.53784],[126.9329,37.54052],[126.93033,37.54136],[126.92765,37.53907],[126.92728,37.53914],[126.9271,37.53903],[126.92482,37.53974],[126.92308,37.54045],[126.92284,37.54062],[126.92242,37.54142],[126.90483,37.54142],[126.90654,37.53935],[126.90749,37.53642]]]}},{"type":"Feature","properties":{"sgg_cd":"11590","gu_name":"동작구","label":[126.95164,37.49888]},"geometry":{"type":"Polygon","coordinates":[[[126.96188,37.5131],[126.96119,37.51346],[126.95471,37.51603],[126.94956,37.51762],[126.93928,37.51608],[126.93414,37.51591],[126.93239,37.51557],[126.92971,37.51545],[126.929,37.51542],[126.92686,37.51554],[126.9268,37.5147],[126.9269,37.51452],[126.92687,37.51441],[126.92676,37.51446],[126.92667,37.51439],[126.92702,37.51387],[126.92696,37.51322],[126.92676,37.51314],[126.92679,37.5128],[126.92539,37.51252],[126.92035,37.50003],[126.92029,37.50003],[126.92022,37.49834],[126.91982,37.4978],[126.91941,37.4976],[126.91486,37.49661],[126.9129,37.49642],[126.91213,37.49618],[126.91181,37.49588],[126.91084,37.49429],[126.91035,37.49362],[126.90841,37.49134],[126.90752,37.49001],[126.90682,37.4892],[126.90664,37.48922],[126.9032,37.485],[126.90553,37.48491],[126.9061,37.48496],[126.90939,37.4859],[126.90989,37.4859],[126.91127,37.48626],[126.91192,37.48651],[126.91231,37.48677],[126.91307,37.48738],[126.91357,37.48801],[126.91422,37.48835],[126.91665,37.48955],[126.91871,37.49014],[126.91946,37.49028],[126.9213,37.49033],[126.92281,37.49006],[126.92415,37.48996],[126.92415,37.49034],[126.92436,37.4906],[126.92482,37.49092],[126.92511,37.49166],[126.92534,37.49194],[126.92541,37.49247],[126.92558,37.4928],[126.92649,37.49349],[126.92664,37.49416],[126.92714,37.49455],[126.92745,37.49499],[126.92788,37.49507],[126.92847,37.49483],[126.92986,37.49399],[126.93007,37.49399],[126.93136,37.49321],[126.93244,37.49292],[126.93383,37.49315],[126.93438,37.49307],[126.93537,37.49276],[126.93584,37.49242],[126.93614,37.49232],[126.93635,37.49206],[126.93726,37.49193],[126.93785,37.49224],[126.93815,37.49225],[126.93834,37.49237],[126.93883,37.49234],[126.93923,37.49221],[126.93944,37.4923],[126.93949,37.49247],[126.93972,37.49264],[126.93974,37.49279],[126.94038,37.49296],[126.94056,37.49285],[126.94083,37.49289],[126.94107,37.49241],[126.94158,37.49219],[126.94229,37.49224],[126.94284,37.49216],[126.94337,37.49226],[126.94396,37.4925],[126.94444,37.4925],[126.94446,37.49308],[126.94454,37.49314],[126.94549,37.49335],[126.94587,37.49353],[126.9461,37.4935],[126.94679,37.4939],[126.94697,37.49408],[126.94754,37.49372],[126.94833,37.49368],[126.94878,37.49382],[126.94881,37.49314],[126.94942,37.49297],[126.94957,37.49274],[126.94996,37.49258],[126.9517,37.49218],[126.95207,37.49193],[126.95224,37.49166],[126.9528,37.49146],[126.95284,37.49133],[126.95372,37.49063],[126.95418,37.49094],[126.95487,37.49099],[126.95516,37.49131],[126.95541,37.49144],[126.95623,37.4915],[126.95696,37.49172],[126.95748,37.49198],[126.9576,37.49236],[126.95845,37.49262],[126.9587,37.49292],[126.95895,37.49361],[126.95932,37.4938],[126.96029,37.49374],[126.96105,37.49326],[126.96095,37.49292],[126.96138,37.49287],[126.9614,37.49148],[126.96078,37.49083],[126.96079,37.49074],[126.96087,37.49018],[126.96139,37.48913],[126.96175,37.48899],[126.96182,37.48865],[126.96195,37.4886],[126.96171,37.4874],[126.9617,37.48721],[126.96184,37.48711],[126.9618,37.48632],[126.96167,37.48599],[126.96199,37.48518],[126.96164,37.48471],[126.9617,37.48451],[126.96163,37.48423],[126.96107,37.48372],[126.96107,37.48358],[126.96183,37.48294],[126.96205,37.48245],[126.96269,37.48206],[126.96328,37.48137],[126.96394,37.48102],[126.96435,37.47991],[126.96479,37.47949],[126.96634,37.47892],[126.96728,37.47801],[126.96778,37.47784],[126.96883,37.4766],[126.97024,37.47652],[126.9703,37.47585],[126.97052,37.47538],[126.97429,37.4762],[126.97842,37.47665],[126.98169,37.47653],[126.98219,37.48673],[126.98232,37.48855],[126.98263,37.49008],[126.98266,37.49188],[126.98281,37.49267],[126.98293,37.49699],[126.98538,37.49986],[126.98428,37.50071],[126.98343,37.50125],[126.98203,37.50204],[126.98054,37.50269],[126.98039,37.50286],[126.98021,37.50321],[126.98013,37.5037],[126.97983,37.50418],[126.97984,37.50438],[126.98005,37.50438],[126.9804,37.50459],[126.9804,37.50655],[126.97819,37.50656],[126.97525,37.50702],[126.97012,37.50901],[126.967,37.50985],[126.96497,37.51082],[126.96188,37.5131]]]}},{"type":"Feature","properties":{"sgg_cd":"11620","gu_name":"관악구","label":[126.94534,37.46738]},"geometry":{"type":"Polygon","coordinates":[[[126.97057,37.44945],[126.97175,37.45174],[126.97284,37.45238],[126.97337,37.45324],[126.97458,37.45441],[126.97776,37.4552],[126.97848,37.45573],[126.97979,37.45565],[126.9824,37.45589],[126.9819,37.45694],[126.98289,37.45683],[126.98439,37.45711],[126.9849,37.45704],[126.98526,37.45718],[126.98661,37.45721],[126.98678,37.4574],[126.98864,37.45817],[126.98846,37.45854],[126.98773,37.45954],[126.98753,37.46032],[126.98763,37.46117],[126.98826,37.46349],[126.98834,37.464],[126.98822,37.46423],[126.98804,37.46552],[126.98773,37.46641],[126.98725,37.46723],[126.9871,37.46723],[126.98727,37.46762],[126.98492,37.46963],[126.98403,37.47054],[126.98319,37.47161],[126.98216,37.47372],[126.98172,37.47568],[126.98169,37.47653],[126.97842,37.47665],[126.97429,37.4762],[126.97052,37.47538],[126.9703,37.47585],[126.97024,37.47652],[126.96883,37.4766],[126.96778,37.47784],[126.96728,37.47801],[126.96634,37.47892],[126.96479,37.47949],[126.96442,37.47982],[126.96394,37.48102],[126.96328,37.48137],[126.96269,37.48206],[126.96205,37.48245],[126.96183,37.48294],[126.96107,37.48358],[126.96107,37.48372],[126.96163,37.48423],[126.9617,37.48451],[126.96164,37.48471],[126.96199,37.48518],[126.96167,37.48599],[126.9618,37.48632],[126.96184,37.48711],[126.9617,37.48721],[126.96171,37.4874],[126.96195,37.4886],[126.96182,37.48865],[126.96175,37.48899],[126.96139,37.48913],[126.96087,37.49018],[126.96079,37.49074],[126.96078,37.49083],[126.9614,37.49148],[126.96138,37.49287],[126.96095,37.49292],[126.96105,37.49326],[126.96029,37.49374],[126.95932,37.4938],[126.95895,37.49361],[126.9587,37.49292],[126.95845,37.49262],[126.9576,37.49236],[126.95748,37.49198],[126.95696,37.49172],[126.95623,37.4915],[126.95541,37.49144],[126.95516,37.49131],[126.95487,37.49099],[126.95418,37.49094],[126.95372,37.49063],[126.95284,37.49133],[126.9528,37.49146],[126.95224,37.49166],[126.95207,37.49193],[126.9517,37.49218],[126.94996,37.49258],[126.94957,37.49274],[126.94942,37.49297],[126.94881,37.49314],[126.94878,37.49382],[126.94833,37.49368],[126.94754,37.49372],[126.94697,37.49408],[126.94679,37.4939],[126.9461,37.4935],[126.94587,37.49353],[126.94549,37.49335],[126.94454,37.49314],[126.94446,37.49308],[126.94444,37.4925],[126.94396,37.4925],[126.94337,37.49226],[126.94284,37.49216],[126.94229,37.49224],[126.94158,37.49219],[126.94107,37.49241],[126.94083,37.49289],[126.94056,37.49285],[126.94038,37.49296],[126.93974,37.49279],[126.93972,37.49264],[126.93949,37.49247],[126.93944,37.4923],[126.93923,37.49221],[126.93883,37.49234],[126.93834,37.49237],[126.93815,37.49225],[126.93785,37.49224],[126.93726,37.49193],[126.93635,37.49206],[126.93614,37.49232],[126.93584,37.49242],[126.93537,37.49276],[126.93438,37.49307],[126.93383,37.49315],[126.93244,37.49292],[126.93136,37.49321],[126.93007,37.49399],[126.92986,37.49399],[126.9284,37.49486],[126.92791,37.49507],[126.92748,37.495],[126.92714,37.49455],[126.92664,37.49416],[126.92649,37.49349],[126.92558,37.4928],[126.92541,37.49247],[126.92534,37.49194],[126.92511,37.49166],[126.92482,37.49092],[126.92436,37.4906],[126.92415,37.49034],[126.92415,37.48996],[126.92281,37.49006],[126.9213,37.49033],[126.91946,37.49028],[126.91871,37.49014],[126.91665,37.48955],[126.91422,37.48835],[126.91357,37.48801],[126.91307,37.48738],[126.91231,37.48677],[126.91192,37.48651],[126.91127,37.48626],[126.90989,37.4859],[126.90939,37.4859],[126.9061,37.48496],[126.90553,37.48491],[126.9032,37.485],[126.90006,37.48118],[126.89961,37.48055],[126.89921,37.47982],[126.89894,37.47894],[126.90524,37.48011],[126.90529,37.47999],[126.90552,37.47998],[126.90979,37.48077],[126.90994,37.48025],[126.90898,37.48009],[126.9091,37.47964],[126.90881,37.47956],[126.90862,37.47908],[126.90948,37.47802],[126.90983,37.4782],[126.91043,37.47836],[126.91066,37.47795],[126.91182,37.47781],[126.9118,37.47686],[126.91162,37.4763],[126.91137,37.47599],[126.91118,37.47522],[126.91133,37.47491],[126.91136,37.47448],[126.91108,37.47419],[126.91103,37.47389],[126.91075,37.4736],[126.91054,37.4736],[126.91003,37.47343],[126.90994,37.4733],[126.90856,37.47296],[126.9082,37.47268],[126.90959,37.47069],[126.90955,37.47045],[126.91024,37.46924],[126.90996,37.46876],[126.91104,37.46808],[126.91109,37.46773],[126.91161,37.46712],[126.91164,37.4668],[126.91238,37.46625],[126.91238,37.46588],[126.91255,37.46574],[126.91307,37.46567],[126.91354,37.46543],[126.91369,37.46543],[126.91295,37.46422],[126.91289,37.46394],[126.91296,37.46356],[126.91329,37.46306],[126.91371,37.46279],[126.91395,37.46194],[126.91439,37.46158],[126.91419,37.46096],[126.91425,37.45995],[126.914,37.45947],[126.91424,37.45894],[126.91402,37.45845],[126.91403,37.45789],[126.91457,37.45745],[126.91495,37.45731],[126.9156,37.45743],[126.91626,37.45734],[126.9169,37.45752],[126.91728,37.45734],[126.91746,37.45712],[126.91832,37.45693],[126.91914,37.45689],[126.91968,37.45676],[126.92089,37.45683],[126.92219,37.45663],[126.92253,37.45633],[126.9228,37.45525],[126.92309,37.45451],[126.92335,37.4542],[126.92418,37.45368],[126.92427,37.45338],[126.92479,37.45283],[126.92543,37.45299],[126.9257,37.45291],[126.92628,37.45254],[126.92669,37.45173],[126.92731,37.45101],[126.92788,37.45109],[126.92839,37.45099],[126.92851,37.45055],[126.9284,37.45021],[126.92891,37.44987],[126.92899,37.44963],[126.92929,37.44947],[126.93017,37.44837],[126.93037,37.44769],[126.93028,37.44662],[126.93016,37.44638],[126.93055,37.44547],[126.93175,37.44498],[126.93456,37.4432],[126.9349,37.44321],[126.93564,37.44218],[126.93599,37.44214],[126.9362,37.44195],[126.93665,37.44175],[126.93681,37.44144],[126.93735,37.44087],[126.93786,37.4402],[126.93769,37.43968],[126.93725,37.43921],[126.93727,37.43863],[126.93756,37.43833],[126.93774,37.43788],[126.93775,37.43739],[126.93801,37.43719],[126.93833,37.43665],[126.93858,37.43642],[126.93862,37.43603],[126.93936,37.43603],[126.94022,37.43571],[126.94043,37.4358],[126.94053,37.43628],[126.9411,37.43692],[126.94142,37.4374],[126.94198,37.43751],[126.94509,37.43709],[126.94568,37.43731],[126.94659,37.43793],[126.94679,37.43817],[126.94836,37.43871],[126.94877,37.43865],[126.94928,37.43825],[126.94984,37.43838],[126.95003,37.43862],[126.95092,37.43873],[126.95116,37.43844],[126.95241,37.43919],[126.9539,37.43901],[126.95511,37.43869],[126.95637,37.43875],[126.95897,37.43907],[126.95954,37.43998],[126.96006,37.4404],[126.96176,37.44028],[126.96294,37.44028],[126.9638,37.44079],[126.96378,37.44129],[126.96463,37.44204],[126.96438,37.44258],[126.9643,37.44377],[126.96442,37.44431],[126.96393,37.44521],[126.96429,37.44627],[126.96766,37.44838],[126.97057,37.44945]]]}},{"type":"Feature","properties":{"sgg_cd":"11650","gu_name":"서초구","label":[127.03121,37.4733]},"geometry":{"type":"Polygon","coordinates":[[[127.08488,37.47551],[127.0845,37.47561],[127.08392,37.47542],[127.08323,37.47553],[127.08275,37.4753],[127.08188,37.47529],[127.07899,37.47477],[127.07851,37.47496],[127.07793,37.47474],[127.07691,37.47516],[127.07646,37.47445],[127.07537,37.47349],[127.07423,37.47295],[127.07385,37.47293],[127.07268,37.47196],[127.07192,37.47188],[127.07136,37.47154],[127.07075,37.47136],[127.07042,37.47105],[127.06994,37.47093],[127.06962,37.47105],[127.06857,37.47101],[127.06787,37.47043],[127.06645,37.47014],[127.06625,37.4699],[127.06592,37.4698],[127.06562,37.46954],[127.0651,37.46934],[127.06416,37.46921],[127.06381,37.469],[127.06324,37.46904],[127.0626,37.46934],[127.0624,37.46933],[127.06213,37.46908],[127.06161,37.46896],[127.06104,37.46899],[127.06092,37.46892],[127.06035,37.46912],[127.06003,37.46909],[127.05909,37.46919],[127.05871,37.4689],[127.05783,37.4689],[127.0572,37.46901],[127.05653,37.46848],[127.05608,37.46844],[127.05539,37.46882],[127.05504,37.46885],[127.05491,37.46863],[127.05421,37.46811],[127.0536,37.46807],[127.05324,37.46816],[127.05207,37.46781],[127.05128,37.46744],[127.05076,37.4673],[127.05092,37.46756],[127.0511,37.46859],[127.05103,37.46936],[127.05044,37.46975],[127.05029,37.46971],[127.04886,37.46989],[127.04867,37.47006],[127.05062,37.47141],[127.05083,37.47163],[127.04504,37.47732],[127.04414,37.47929],[127.04389,37.48056],[127.04314,37.48187],[127.04306,37.48226],[127.04295,37.48227],[127.04161,37.48524],[127.04175,37.48544],[127.03409,37.48437],[127.02052,37.5128],[127.01782,37.52181],[127.01694,37.52302],[127.01522,37.52485],[127.01386,37.52334],[127.01338,37.52291],[127.01318,37.52259],[127.00858,37.5256],[127.00646,37.52344],[127.00079,37.5195],[126.99068,37.5131],[126.98554,37.50654],[126.9804,37.50655],[126.9804,37.50459],[126.98005,37.50438],[126.97984,37.50438],[126.97983,37.50418],[126.98013,37.5037],[126.98021,37.50321],[126.98039,37.50286],[126.98054,37.50269],[126.98203,37.50204],[126.98343,37.50125],[126.98428,37.50071],[126.98538,37.49986],[126.98293,37.49699],[126.98281,37.49267],[126.98266,37.49188],[126.98263,37.49008],[126.98232,37.48855],[126.98219,37.48673],[126.98168,37.47717],[126.98172,37.47568],[126.98216,37.47372],[126.98319,37.47161],[126.98403,37.47054],[126.98492,37.46963],[126.98727,37.46762],[126.9871,37.46723],[126.98725,37.46723],[126.98793,37.46595],[126.98816,37.46493],[126.98822,37.46423],[126.98834,37.464],[126.98752,37.46067],[126.98755,37.46015],[126.98786,37.45929],[126.98846,37.45854],[126.98865,37.45815],[126.9895,37.45852],[126.98999,37.45946],[126.99133,37.46014],[126.9917,37.46052],[126.99203,37.46055],[126.99265,37.46034],[126.9929,37.46095],[126.99335,37.4615],[126.99429,37.46142],[126.99677,37.46187],[126.99698,37.46315],[126.99737,37.46369],[126.99719,37.46418],[126.99662,37.46478],[126.99664,37.46543],[126.99645,37.46569],[126.99652,37.46592],[126.99623,37.46661],[126.99675,37.46707],[126.99717,37.46721],[126.99743,37.46724],[126.9978,37.46702],[126.99878,37.46723],[127.00048,37.46706],[127.00149,37.46732],[127.00196,37.46709],[127.00274,37.46713],[127.00368,37.46772],[127.00453,37.4668],[127.00449,37.46633],[127.0049,37.46584],[127.00468,37.46517],[127.00481,37.46488],[127.00447,37.46407],[127.00475,37.46384],[127.00477,37.46358],[127.00497,37.46319],[127.00533,37.46279],[127.00577,37.46255],[127.00616,37.46189],[127.00602,37.46182],[127.00704,37.46021],[127.00727,37.46014],[127.00788,37.45954],[127.00802,37.45916],[127.00821,37.4591],[127.00822,37.45877],[127.00833,37.45849],[127.00858,37.4584],[127.0086,37.45812],[127.00853,37.45805],[127.00871,37.45777],[127.00923,37.45722],[127.00991,37.45687],[127.01058,37.45617],[127.01082,37.45542],[127.01115,37.45538],[127.01115,37.45545],[127.01137,37.45541],[127.01237,37.45555],[127.01339,37.45535],[127.01451,37.45486],[127.01507,37.45483],[127.01557,37.45492],[127.01629,37.45523],[127.01695,37.45597],[127.01754,37.45614],[127.01906,37.45575],[127.01969,37.45579],[127.02037,37.45616],[127.02135,37.4562],[127.02169,37.45631],[127.0222,37.45662],[127.02279,37.45725],[127.02371,37.45732],[127.02413,37.45745],[127.02528,37.45749],[127.02599,37.45782],[127.02635,37.4581],[127.02644,37.45834],[127.0264,37.45945],[127.02657,37.45964],[127.02836,37.45989],[127.02846,37.46013],[127.02816,37.46062],[127.02804,37.46124],[127.02932,37.4627],[127.02961,37.46328],[127.02969,37.46391],[127.02967,37.46416],[127.02951,37.46447],[127.02953,37.46537],[127.03017,37.46536],[127.0304,37.46549],[127.0312,37.46563],[127.03192,37.46552],[127.03224,37.46533],[127.03314,37.46502],[127.03348,37.46464],[127.03469,37.46415],[127.03453,37.46334],[127.03396,37.46223],[127.03373,37.46124],[127.03401,37.4603],[127.03432,37.46025],[127.03433,37.46014],[127.0345,37.46007],[127.03492,37.46017],[127.03506,37.45874],[127.03501,37.45887],[127.03493,37.45844],[127.03502,37.45789],[127.03576,37.45748],[127.03674,37.45644],[127.03685,37.45582],[127.03707,37.45547],[127.03713,37.45521],[127.03642,37.45465],[127.03627,37.45426],[127.03574,37.45419],[127.03559,37.45409],[127.03547,37.45344],[127.03482,37.45311],[127.03476,37.45262],[127.03515,37.45244],[127.03537,37.45223],[127.03578,37.4522],[127.03608,37.45166],[127.03641,37.4515],[127.03654,37.45121],[127.03691,37.45081],[127.0373,37.45001],[127.03774,37.44942],[127.03781,37.44892],[127.03737,37.44856],[127.03716,37.44801],[127.03753,37.44736],[127.03725,37.44645],[127.03735,37.4463],[127.03821,37.44586],[127.03823,37.44518],[127.03794,37.44418],[127.03757,37.44384],[127.03748,37.44327],[127.03697,37.4429],[127.03682,37.44259],[127.03684,37.44236],[127.03643,37.44183],[127.03562,37.44133],[127.03517,37.44094],[127.03517,37.44061],[127.03532,37.43997],[127.03549,37.43976],[127.03558,37.4394],[127.03557,37.439],[127.03632,37.43878],[127.03707,37.43827],[127.0378,37.43827],[127.03844,37.43836],[127.03903,37.43815],[127.04005,37.43824],[127.04109,37.43777],[127.04114,37.43742],[127.04144,37.43711],[127.04265,37.43637],[127.04419,37.43505],[127.04436,37.43442],[127.04463,37.43407],[127.04495,37.43385],[127.04591,37.43348],[127.04631,37.43345],[127.04654,37.43265],[127.04722,37.43204],[127.04718,37.43173],[127.04737,37.4307],[127.04756,37.43061],[127.04958,37.43027],[127.04986,37.43031],[127.05019,37.4299],[127.05136,37.4292],[127.05142,37.42905],[127.05217,37.42834],[127.0524,37.42832],[127.0525,37.42845],[127.05291,37.42854],[127.05368,37.42898],[127.05534,37.4294],[127.05555,37.42936],[127.05611,37.42961],[127.05639,37.42958],[127.05807,37.43001],[127.05906,37.42966],[127.05996,37.42957],[127.06021,37.42971],[127.06114,37.42999],[127.06288,37.4297],[127.06332,37.42975],[127.06346,37.42959],[127.06439,37.42911],[127.06467,37.42917],[127.06507,37.42899],[127.06568,37.42898],[127.0657,37.42916],[127.06596,37.42953],[127.0667,37.43013],[127.06783,37.43041],[127.06827,37.43068],[127.06896,37.43043],[127.06961,37.43061],[127.06991,37.43086],[127.06982,37.43097],[127.06987,37.43097],[127.07003,37.43091],[127.07034,37.43048],[127.07088,37.43019],[127.07095,37.43021],[127.07117,37.43042],[127.07121,37.43082],[127.07096,37.4317],[127.07063,37.43205],[127.07057,37.43242],[127.07073,37.43294],[127.07112,37.4334],[127.07152,37.43412],[127.07155,37.43453],[127.07145,37.43504],[127.07127,37.43535],[127.07127,37.4356],[127.07144,37.43586],[127.07169,37.43598],[127.07302,37.43641],[127.0732,37.43667],[127.07356,37.43696],[127.07384,37.43741],[127.07376,37.43779],[127.07297,37.43821],[127.07249,37.43859],[127.07201,37.43886],[127.07221,37.43938],[127.07186,37.44103],[127.07163,37.44152],[127.07214,37.44226],[127.07299,37.44202],[127.07385,37.44221],[127.07476,37.44222],[127.07524,37.44194],[127.07601,37.44214],[127.07672,37.44194],[127.07708,37.44165],[127.07736,37.44163],[127.0776,37.44171],[127.07775,37.44186],[127.07818,37.44155],[127.07853,37.44156],[127.07908,37.4413],[127.07958,37.44139],[127.08017,37.44105],[127.0807,37.44115],[127.08125,37.44112],[127.08144,37.44123],[127.0821,37.44135],[127.08243,37.44158],[127.08321,37.44257],[127.08334,37.44296],[127.0838,37.44342],[127.08386,37.44392],[127.0857,37.44442],[127.08642,37.44426],[127.0873,37.44464],[127.08748,37.4448],[127.08786,37.44489],[127.08816,37.44539],[127.08824,37.44618],[127.08839,37.4464],[127.08828,37.44655],[127.08837,37.44724],[127.08864,37.4476],[127.08841,37.44808],[127.08833,37.44863],[127.08843,37.44899],[127.08896,37.44946],[127.08882,37.44975],[127.08954,37.45017],[127.08962,37.45089],[127.09014,37.4511],[127.0903,37.45127],[127.09096,37.45278],[127.09113,37.45296],[127.09188,37.45347],[127.09273,37.45363],[127.09322,37.45472],[127.09314,37.45491],[127.09346,37.45555],[127.09354,37.45589],[127.09377,37.45608],[127.09431,37.45623],[127.09521,37.45632],[127.09544,37.45756],[127.09535,37.45788],[127.0949,37.45848],[127.09517,37.45946],[127.09506,37.45977],[127.09527,37.46005],[127.09561,37.46025],[127.09575,37.46064],[127.09568,37.461],[127.09464,37.46095],[127.09319,37.46127],[127.09202,37.46227],[127.09203,37.46479],[127.09193,37.46514],[127.09162,37.46563],[127.09112,37.46611],[127.09044,37.46702],[127.09017,37.46705],[127.08946,37.46757],[127.08904,37.46824],[127.08898,37.46812],[127.08845,37.4681],[127.08817,37.46832],[127.08781,37.46914],[127.08759,37.46932],[127.08753,37.46976],[127.08719,37.46988],[127.08671,37.47066],[127.0859,37.4711],[127.08503,37.4712],[127.08417,37.47282],[127.08416,37.47299],[127.08448,37.47404],[127.08451,37.47511],[127.08488,37.47551]]]}},{"type":"Feature","properties":{"sgg_cd":"11680","gu_name":"강남구","label":[127.06297,37.49665]},"geometry":{"type":"Polygon","coordinates":[[[127.044,37.47994],[127.04414,37.47929],[127.04504,37.47732],[127.05083,37.47163],[127.05062,37.47141],[127.04867,37.47006],[127.04886,37.46989],[127.05029,37.46971],[127.05044,37.46975],[127.05103,37.46936],[127.0511,37.46859],[127.05092,37.46756],[127.05076,37.4674],[127.0508,37.46727],[127.05195,37.46777],[127.05324,37.46816],[127.0536,37.46807],[127.05421,37.46811],[127.05491,37.46863],[127.05504,37.46885],[127.05539,37.46882],[127.05608,37.46844],[127.05653,37.46848],[127.0572,37.46901],[127.05783,37.4689],[127.05871,37.4689],[127.05909,37.46919],[127.06003,37.46909],[127.06035,37.46912],[127.06092,37.46892],[127.06104,37.46899],[127.06161,37.46896],[127.06213,37.46908],[127.0624,37.46933],[127.0626,37.46934],[127.06324,37.46904],[127.06381,37.469],[127.06416,37.46921],[127.0651,37.46934],[127.06562,37.46954],[127.06592,37.4698],[127.06625,37.4699],[127.06645,37.47014],[127.06787,37.47043],[127.06857,37.47101],[127.06962,37.47105],[127.06994,37.47093],[127.07042,37.47105],[127.07075,37.47136],[127.07136,37.47154],[127.07192,37.47188],[127.07268,37.47196],[127.07385,37.47293],[127.07423,37.47295],[127.07537,37.47349],[127.07646,37.47445],[127.07691,37.47516],[127.07793,37.47474],[127.07851,37.47496],[127.07899,37.47477],[127.08188,37.47529],[127.08275,37.4753],[127.08323,37.47553],[127.08392,37.47542],[127.0845,37.47561],[127.08488,37.47551],[127.08451,37.47511],[127.08448,37.47404],[127.08416,37.47299],[127.08417,37.47282],[127.08503,37.4712],[127.0859,37.4711],[127.08671,37.47066],[127.08719,37.46988],[127.08753,37.46976],[127.08759,37.46932],[127.08781,37.46914],[127.08817,37.46832],[127.08845,37.4681],[127.08898,37.46812],[127.08904,37.46824],[127.08946,37.46757],[127.09017,37.46705],[127.09044,37.46702],[127.09112,37.46611],[127.09162,37.46563],[127.09193,37.46514],[127.09203,37.46479],[127.09202,37.46227],[127.09319,37.46127],[127.09464,37.46095],[127.09568,37.461],[127.09575,37.46064],[127.09561,37.46025],[127.09527,37.46005],[127.09506,37.45977],[127.09517,37.45946],[127.0949,37.45848],[127.09535,37.45788],[127.09544,37.45756],[127.09522,37.45639],[127.09577,37.45652],[127.09637,37.45635],[127.09824,37.45637],[127.09889,37.45612],[127.0991,37.45622],[127.09974,37.45735],[127.10077,37.45776],[127.10128,37.45824],[127.10116,37.45854],[127.10138,37.45897],[127.10185,37.45918],[127.10195,37.45935],[127.10229,37.45954],[127.10263,37.45987],[127.10269,37.45972],[127.10344,37.45975],[127.10394,37.46005],[127.10402,37.46056],[127.10447,37.46103],[127.10478,37.46116],[127.10434,37.46218],[127.10561,37.46218],[127.10617,37.46241],[127.10688,37.46237],[127.1073,37.46218],[127.10815,37.46227],[127.10946,37.46187],[127.10989,37.46194],[127.11182,37.46164],[127.11223,37.46151],[127.11292,37.46115],[127.11333,37.46109],[127.11329,37.46084],[127.11276,37.46053],[127.11323,37.46035],[127.11327,37.46005],[127.11396,37.45952],[127.11515,37.45906],[127.1155,37.4587],[127.11589,37.45859],[127.1169,37.45864],[127.1169,37.4604],[127.11699,37.46149],[127.11747,37.4622],[127.1192,37.46313],[127.1201,37.46349],[127.12074,37.46389],[127.12144,37.46437],[127.12186,37.46514],[127.12218,37.46522],[127.12278,37.4656],[127.12294,37.46582],[127.12421,37.46652],[127.11973,37.47273],[127.11972,37.47258],[127.11805,37.47495],[127.11297,37.48172],[127.11151,37.48403],[127.10701,37.49029],[127.10351,37.49271],[127.10046,37.49409],[127.10036,37.49422],[127.09983,37.4944],[127.09976,37.49451],[127.09879,37.49489],[127.0974,37.49519],[127.0978,37.49548],[127.09714,37.49583],[127.09479,37.49668],[127.08421,37.49965],[127.07699,37.50207],[127.06982,37.50274],[127.0679,37.51858],[127.06773,37.51932],[127.06746,37.52461],[127.06646,37.52496],[127.06546,37.52507],[127.06016,37.52709],[127.05513,37.52867],[127.04949,37.53222],[127.04601,37.53426],[127.04019,37.53577],[127.03968,37.53584],[127.02118,37.53582],[127.01775,37.53425],[127.01555,37.53243],[127.01502,37.53213],[127.01229,37.52954],[127.00858,37.5256],[127.01318,37.52259],[127.01338,37.52291],[127.01386,37.52334],[127.01522,37.52485],[127.01694,37.52302],[127.01782,37.52181],[127.02052,37.5128],[127.03409,37.48437],[127.04175,37.48544],[127.04161,37.48524],[127.04295,37.48227],[127.04306,37.48226],[127.04314,37.48187],[127.04389,37.48056],[127.044,37.47994]]]}},{"type":"Feature","properties":{"sgg_cd":"11710","gu_name":"송파구","label":[127.11529,37.50562]},"geometry":{"type":"Polygon","coordinates":[[[127.09586,37.4963],[127.09714,37.49583],[127.0978,37.49548],[127.0974,37.49519],[127.09879,37.49489],[127.09976,37.49451],[127.09983,37.4944],[127.10036,37.49422],[127.10046,37.49409],[127.10331,37.49282],[127.10701,37.49029],[127.11151,37.48403],[127.11297,37.48172],[127.11824,37.4747],[127.11972,37.47258],[127.1197,37.47276],[127.12421,37.46652],[127.12449,37.46664],[127.12505,37.46726],[127.12507,37.46768],[127.1252,37.46783],[127.12517,37.46875],[127.12502,37.46903],[127.12488,37.4696],[127.1252,37.46962],[127.12667,37.46863],[127.12692,37.46864],[127.12827,37.46839],[127.12927,37.46798],[127.13054,37.46774],[127.13088,37.46776],[127.13196,37.46818],[127.1328,37.46839],[127.13198,37.4698],[127.13247,37.47058],[127.13266,37.47121],[127.13282,37.4712],[127.13283,37.4717],[127.13262,37.47239],[127.13259,37.47279],[127.13269,37.47429],[127.13274,37.47456],[127.13286,37.47463],[127.13529,37.47426],[127.1364,37.47417],[127.14353,37.47393],[127.14362,37.47517],[127.14427,37.47639],[127.14437,37.47733],[127.14714,37.47722],[127.14753,37.48201],[127.14777,37.48262],[127.14868,37.48404],[127.1491,37.48388],[127.14947,37.48443],[127.14992,37.48491],[127.15043,37.48525],[127.15551,37.48799],[127.15545,37.48806],[127.15851,37.48967],[127.15838,37.48989],[127.15728,37.48995],[127.15799,37.49037],[127.15824,37.49061],[127.15829,37.49128],[127.15865,37.49243],[127.15901,37.49289],[127.15952,37.49327],[127.15976,37.49364],[127.16003,37.49437],[127.15997,37.49542],[127.15986,37.49568],[127.15985,37.49616],[127.15974,37.49655],[127.15978,37.49682],[127.16057,37.49755],[127.16063,37.49855],[127.16107,37.49925],[127.16135,37.49954],[127.16143,37.50002],[127.16139,37.5002],[127.1605,37.50109],[127.1594,37.50136],[127.15887,37.50239],[127.15773,37.50318],[127.15655,37.50189],[127.15644,37.50186],[127.15395,37.50266],[127.15323,37.50268],[127.15284,37.50306],[127.1525,37.50309],[127.15211,37.50297],[127.15082,37.50406],[127.1502,37.50474],[127.1486,37.50372],[127.14805,37.50358],[127.14769,37.50321],[127.14719,37.50338],[127.14687,37.50326],[127.14651,37.50324],[127.14654,37.50336],[127.14634,37.50335],[127.14624,37.50323],[127.14595,37.50323],[127.1455,37.50331],[127.14558,37.50342],[127.14542,37.50361],[127.14528,37.50356],[127.1452,37.50364],[127.1452,37.50356],[127.14513,37.50356],[127.14513,37.50369],[127.14487,37.50403],[127.14455,37.50422],[127.1441,37.5044],[127.14342,37.50441],[127.14223,37.50489],[127.14212,37.50508],[127.14113,37.50546],[127.14105,37.50541],[127.14104,37.50564],[127.14081,37.50598],[127.14152,37.50671],[127.14088,37.50744],[127.14035,37.50775],[127.14038,37.50811],[127.14031,37.50831],[127.13993,37.50852],[127.14017,37.50924],[127.14034,37.51022],[127.14095,37.5104],[127.14122,37.51082],[127.14122,37.51105],[127.1411,37.51113],[127.14128,37.51215],[127.14144,37.5124],[127.14289,37.51273],[127.14353,37.51266],[127.14336,37.51345],[127.14343,37.51388],[127.14292,37.5141],[127.142,37.51472],[127.14121,37.51505],[127.14061,37.51559],[127.14119,37.51555],[127.14183,37.51565],[127.14262,37.51558],[127.1446,37.51561],[127.14485,37.51568],[127.14502,37.51586],[127.14544,37.51606],[127.14543,37.51643],[127.14533,37.51661],[127.14511,37.51683],[127.14383,37.51703],[127.13856,37.51935],[127.13834,37.51934],[127.13819,37.5194],[127.13817,37.51953],[127.11909,37.52796],[127.12014,37.52966],[127.12061,37.53063],[127.12344,37.53865],[127.12185,37.53929],[127.12026,37.54033],[127.11885,37.54099],[127.11895,37.54112],[127.11888,37.54107],[127.11733,37.54149],[127.11652,37.54196],[127.11305,37.54298],[127.11311,37.54317],[127.10914,37.54317],[127.10845,37.54204],[127.10828,37.54141],[127.09014,37.52701],[127.08563,37.52476],[127.0811,37.52341],[127.07998,37.52295],[127.07695,37.52251],[127.07432,37.52287],[127.07206,37.52341],[127.06866,37.52387],[127.0675,37.52458],[127.06761,37.52088],[127.06773,37.51932],[127.0679,37.51858],[127.06982,37.50274],[127.07699,37.50207],[127.08421,37.49965],[127.09479,37.49668],[127.09586,37.4963]]]}},{"type":"Feature","properties":{"sgg_cd":"11740","gu_name":"강동구","label":[127.14702,37.55045]},"geometry":{"type":"Polygon","coordinates":[[[127.15958,37.54103],[127.15972,37.54136],[127.15992,37.54139],[127.16031,37.54163],[127.16126,37.54295],[127.16171,37.54346],[127.16218,37.54383],[127.16323,37.54501],[127.16437,37.54484],[127.16473,37.54469],[127.16517,37.54463],[127.16519,37.54449],[127.1653,37.5444],[127.16689,37.54427],[127.16675,37.54482],[127.16698,37.5452],[127.16795,37.54506],[127.16882,37.54515],[127.16976,37.5448],[127.17106,37.54512],[127.17157,37.54539],[127.17211,37.54554],[127.17361,37.54554],[127.17391,37.54558],[127.17414,37.54571],[127.17421,37.54541],[127.17431,37.5453],[127.17572,37.54521],[127.17577,37.5454],[127.17598,37.54564],[127.17664,37.54534],[127.17678,37.54543],[127.17679,37.54575],[127.17829,37.54632],[127.17842,37.54628],[127.17933,37.54657],[127.18126,37.54658],[127.18169,37.54644],[127.18196,37.54615],[127.1822,37.54572],[127.18274,37.54551],[127.18285,37.54558],[127.18354,37.54517],[127.1838,37.54557],[127.18282,37.54634],[127.18272,37.5467],[127.18268,37.54788],[127.18308,37.54863],[127.18284,37.54943],[127.18293,37.55024],[127.18302,37.55066],[127.1831,37.55066],[127.18312,37.55108],[127.18293,37.55175],[127.1817,37.55251],[127.18142,37.55276],[127.18134,37.55297],[127.18149,37.55433],[127.18149,37.5547],[127.18139,37.55492],[127.18168,37.556],[127.18167,37.55683],[127.18155,37.55755],[127.18198,37.55966],[127.18204,37.56041],[127.182,37.56099],[127.18118,37.56302],[127.18019,37.56459],[127.17966,37.56528],[127.17947,37.56627],[127.17943,37.56734],[127.1795,37.56773],[127.17934,37.56814],[127.17922,37.56892],[127.17866,37.56976],[127.17832,37.57071],[127.17784,37.57146],[127.1778,37.5718],[127.17788,37.57187],[127.17782,37.57206],[127.17739,37.57252],[127.17694,37.57329],[127.1765,37.5738],[127.17613,37.57409],[127.17568,37.5749],[127.17576,37.57566],[127.1755,37.57702],[127.17533,37.57724],[127.17542,37.5783],[127.17654,37.57893],[127.17699,37.57942],[127.17714,37.57986],[127.17708,37.58048],[127.17715,37.5812],[127.17652,37.58103],[127.17511,37.58027],[127.17184,37.57926],[127.17025,37.57902],[127.16675,37.57898],[127.16255,37.57673],[127.16084,37.57565],[127.1569,37.57295],[127.15498,37.57204],[127.14895,37.56843],[127.14558,37.56843],[127.14559,37.56775],[127.14547,37.56748],[127.14559,37.56775],[127.14559,37.56843],[127.13767,37.56842],[127.13427,37.56795],[127.12861,37.56616],[127.12296,37.56349],[127.1201,37.5612],[127.11734,37.55946],[127.11565,37.5577],[127.11426,37.55437],[127.11155,37.55051],[127.11147,37.54694],[127.11021,37.54502],[127.10914,37.54317],[127.11311,37.54317],[127.11305,37.54298],[127.11652,37.54196],[127.11733,37.54149],[127.11888,37.54107],[127.11895,37.54112],[127.11885,37.54099],[127.12026,37.54033],[127.12185,37.53929],[127.12344,37.53865],[127.12061,37.53063],[127.12014,37.52966],[127.11909,37.52796],[127.13387,37.52143],[127.13427,37.52251],[127.13427,37.52126],[127.13817,37.51953],[127.13819,37.5194],[127.13848,37.51931],[127.13856,37.51935],[127.14383,37.51703],[127.14509,37.51684],[127.14508,37.51714],[127.14483,37.51797],[127.1449,37.51839],[127.14481,37.51877],[127.14479,37.51962],[127.14527,37.52088],[127.14564,37.52158],[127.14567,37.52193],[127.1478,37.52215],[127.14783,37.52239],[127.14818,37.52292],[127.1486,37.52319],[127.1486,37.52356],[127.14901,37.52412],[127.14924,37.52483],[127.14948,37.52502],[127.1496,37.52529],[127.14946,37.52575],[127.14987,37.52621],[127.1504,37.52637],[127.15078,37.52686],[127.15164,37.5277],[127.15269,37.52853],[127.15278,37.5288],[127.15316,37.52911],[127.15329,37.52947],[127.15313,37.52995],[127.15354,37.53044],[127.15343,37.53091],[127.15332,37.53104],[127.15338,37.53133],[127.15372,37.53156],[127.15393,37.53192],[127.15357,37.53366],[127.15382,37.53397],[127.15402,37.53451],[127.15453,37.53487],[127.15487,37.53536],[127.15526,37.53622],[127.15594,37.53706],[127.15603,37.53734],[127.15654,37.53745],[127.15679,37.53766],[127.15694,37.53797],[127.15694,37.53837],[127.15717,37.53844],[127.1574,37.53895],[127.15765,37.53927],[127.15825,37.53975],[127.15896,37.54048],[127.1591,37.54073],[127.15958,37.54103]]]}}]}
